sale_date,store_name,pilot,direction,gain_rev,gain_rgm
2026-07-01,7 Rasta Byculla,0,decreased,186.58999999999997,197.03597424165858
2026-07-01,7 Rasta Byculla,0,flat,-24.829999999999963,-49.34812165469114
2026-07-01,7 Rasta Byculla,0,increased,1449.92,1432.183179848734
2026-07-01,Airoli,0,decreased,9.580000000000005,50.17255951997484
2026-07-01,Airoli,0,flat,-34.26000000000005,-259.076198961391
2026-07-01,Airoli,0,increased,4002.6200000000003,3890.355288581644
2026-07-01,Airoli Sector - 3,0,decreased,151.0,156.7376433574004
2026-07-01,Airoli Sector - 3,0,flat,-190.33999999999986,-170.59213190282793
2026-07-01,Airoli Sector - 3,0,increased,1782.91,1731.7841314335126
2026-07-01,Ambegaon Pune,0,decreased,24.28,24.29641769383486
2026-07-01,Ambegaon Pune,0,flat,-70.38999999999999,-28.186997056316635
2026-07-01,Ambegaon Pune,0,increased,740.28,740.931972846212
2026-07-01,Ambernath East,0,decreased,49.099999999999994,-2.296684804382558
2026-07-01,Ambernath East,0,flat,-193.2799999999999,-68.04432288999718
2026-07-01,Ambernath East,0,increased,1588.12,1604.7326091082987
2026-07-01,Ambernath West,0,decreased,2.8999999999999773,5.822571419191874
2026-07-01,Ambernath West,0,flat,-3.570000000000178,-120.02313611436112
2026-07-01,Ambernath West,0,increased,1314.91,1294.8187445043202
2026-07-01,Ashokvan Dahisar,0,decreased,162.0,180.89911242477294
2026-07-01,Ashokvan Dahisar,0,flat,116.55000000000022,24.67601893510951
2026-07-01,Ashokvan Dahisar,0,increased,1035.4099999999999,1033.8585172770104
2026-07-01,Badlapur - Belavali,0,decreased,115.0,118.377962317236
2026-07-01,Badlapur - Belavali,0,flat,512.2500000000002,-278.916621508207
2026-07-01,Badlapur - Belavali,0,increased,1360.3,1286.127248019763
2026-07-01,Badlapur East,0,decreased,-10.199999999999989,-3.249144851701736
2026-07-01,Badlapur East,0,flat,278.16000000000014,-359.8648910985973
2026-07-01,Badlapur East,0,increased,549.9399999999999,753.2781301850846
2026-07-01,Bandra,1,decreased,44.76000000000005,86.09051881422565
2026-07-01,Bandra,1,flat,-0.4100000000001174,55.03523443262763
2026-07-01,Bandra,1,increased,1973.31,1907.786836590125
2026-07-01,Bhandup West,0,decreased,40.3,54.52056199699065
2026-07-01,Bhandup West,0,flat,-92.2900000000001,-236.73804570103175
2026-07-01,Bhandup West,0,increased,1719.63,1720.206660075077
2026-07-01,Bhayandar,0,decreased,118.97,128.59937348552455
2026-07-01,Bhayandar,0,flat,-39.8899999999999,-41.207387271182
2026-07-01,Bhayandar,0,increased,1786.22,1761.8992897181315
2026-07-01,Bhayander 60 Feet Road,0,decreased,15.97999999999999,13.10459749430013
2026-07-01,Bhayander 60 Feet Road,0,flat,-216.93000000000012,-206.5497816722537
2026-07-01,Bhayander 60 Feet Road,0,increased,585.11,549.4806714241402
2026-07-01,Bhekrainagar Pune,0,decreased,-54.670000000000016,33.1921667413084
2026-07-01,Bhekrainagar Pune,0,flat,-14.78000000000005,57.59771282100944
2026-07-01,Bhekrainagar Pune,0,increased,1212.6200000000001,1016.9765024413728
2026-07-01,Bhiwandi - Shivaji Chowk,0,decreased,65.0,69.01194420749634
2026-07-01,Bhiwandi - Shivaji Chowk,0,flat,-63.54000000000002,-132.6074886391005
2026-07-01,Bhiwandi - Shivaji Chowk,0,increased,232.75000000000003,222.69539473441378
2026-07-01,Bhiwandi Dhamankar Naka,1,decreased,20.61,20.714731048577377
2026-07-01,Bhiwandi Dhamankar Naka,1,flat,157.9,-195.92886117668567
2026-07-01,Bhiwandi Dhamankar Naka,1,increased,1289.75,1291.0656417996668
2026-07-01,Bibwewadi Pune,0,decreased,31.010000000000005,36.9618468759522
2026-07-01,Bibwewadi Pune,0,flat,-70.64999999999999,-85.08355650838033
2026-07-01,Bibwewadi Pune,0,increased,2492.31,2529.8344274614783
2026-07-01,Bytco Point Nashik,0,decreased,30.0,31.160481679180933
2026-07-01,Bytco Point Nashik,0,flat,15.52999999999998,-40.20262476299652
2026-07-01,Bytco Point Nashik,0,increased,537.38,478.16756849345353
2026-07-01,CST Bora Bazaar,0,decreased,75.69999999999999,75.36406699560327
2026-07-01,CST Bora Bazaar,0,flat,-21.370000000000182,99.86826675068895
2026-07-01,CST Bora Bazaar,0,increased,518.87,475.96731272729505
2026-07-01,Chandivali,0,decreased,59.47999999999999,64.0304248799075
2026-07-01,Chandivali,0,flat,203.18000000000012,364.200018058577
2026-07-01,Chandivali,0,increased,1570.3100000000002,1374.2320815255284
2026-07-01,Charkop,0,decreased,58.300000000000026,57.577125280474874
2026-07-01,Charkop,0,flat,-193.13000000000005,-275.86689541253656
2026-07-01,Charkop,0,increased,2768.98,2531.753086555919
2026-07-01,Chembur,0,decreased,-11.859999999999985,-19.1760204068525
2026-07-01,Chembur,0,flat,-148.19999999999982,-71.46683331245961
2026-07-01,Chembur,0,increased,2723.04,2693.2641909997137
2026-07-01,Chinchwad,1,decreased,77.87,74.88507273289412
2026-07-01,Chinchwad,1,flat,-81.29999999999994,59.993515225922444
2026-07-01,Chinchwad,1,increased,584.7600000000001,557.9665363251311
2026-07-01,Chinchwad - Gandhi Peth,1,decreased,32.56,31.811218458097773
2026-07-01,Chinchwad - Gandhi Peth,1,flat,31.739999999999952,21.591177797746546
2026-07-01,Chinchwad - Gandhi Peth,1,increased,178.98999999999998,125.94520884873515
2026-07-01,Cidco Nashik,0,decreased,3.9000000000000057,-16.952592101998118
2026-07-01,Cidco Nashik,0,flat,-154.23000000000013,-180.5474471524734
2026-07-01,Cidco Nashik,0,increased,532.53,490.40268069724624
2026-07-01,Colaba,1,decreased,10.159999999999997,84.96821306415741
2026-07-01,Colaba,1,flat,-38.97,-86.94139369511666
2026-07-01,Colaba,1,increased,690.5699999999999,660.7060628654142
2026-07-01,Dadar East,0,decreased,20.0,32.71273793736613
2026-07-01,Dadar East,0,flat,-276.7599999999998,-208.9912241460673
2026-07-01,Dadar East,0,increased,931.8800000000001,907.1222140755157
2026-07-01,Dahisar,0,decreased,17.0,23.768070670570523
2026-07-01,Dahisar,0,flat,40.01000000000015,-77.35575623879
2026-07-01,Dahisar,0,increased,1932.36,1910.6996636999077
2026-07-01,Dattnagar,0,decreased,-82.5,-67.29414556596068
2026-07-01,Dattnagar,0,flat,-33.64000000000004,-67.14838389013116
2026-07-01,Dattnagar,0,increased,1095.6399999999999,1065.1445957949254
2026-07-01,Dhanakwadi,0,decreased,152.66000000000003,66.92252525472173
2026-07-01,Dhanakwadi,0,flat,-599.6799999999996,-682.3416172885501
2026-07-01,Dhanakwadi,0,increased,1364.72,1370.4165856830778
2026-07-01,Dhanori Pune,0,decreased,41.900000000000006,42.656452522123175
2026-07-01,Dhanori Pune,0,flat,392.72,139.11146707650622
2026-07-01,Dhanori Pune,0,increased,716.6600000000001,705.9008870066207
2026-07-01,Dhayari Pune,0,decreased,70.28,74.78367177710314
2026-07-01,Dhayari Pune,0,flat,-31.929999999999964,-405.185368888697
2026-07-01,Dhayari Pune,0,increased,919.69,905.9314183146486
2026-07-01,Dighi Pune,1,decreased,184.68,347.2123701347872
2026-07-01,Dighi Pune,1,flat,32.35,14.119987688127944
2026-07-01,Dighi Pune,1,increased,581.27,395.3217475532402
2026-07-01,Dombivali,0,decreased,40.55999999999999,63.81471301778316
2026-07-01,Dombivali,0,flat,-2.229999999999933,92.37163143676929
2026-07-01,Dombivali,0,increased,1632.5300000000002,1654.2616394070749
2026-07-01,Dombivali - Navpada,0,decreased,-108.82,-37.79731244079618
2026-07-01,Dombivali - Navpada,0,flat,-146.86999999999992,-130.4173516366895
2026-07-01,Dombivali - Navpada,0,increased,739.1800000000001,725.9819594830045
2026-07-01,Dombivali - Reti Bunder,0,decreased,40.28,37.18242176727291
2026-07-01,Dombivali - Reti Bunder,0,flat,16.93,-105.77767432372886
2026-07-01,Dombivali - Reti Bunder,0,increased,922.48,892.8782064431339
2026-07-01,Dombivli West,0,decreased,70.97000000000003,82.60342155387562
2026-07-01,Dombivli West,0,flat,-49.66999999999997,21.352144702385022
2026-07-01,Dombivli West,0,increased,1908.01,1925.8057604731316
2026-07-01,Evershine Nagar,0,decreased,24.039999999999985,24.574196820129302
2026-07-01,Evershine Nagar,0,flat,-96.35999999999999,-43.11560402187491
2026-07-01,Evershine Nagar,0,increased,1288.3100000000002,1246.5352056926088
2026-07-01,Fam Society - Koperkhairne,0,decreased,210.45999999999998,212.99045412049003
2026-07-01,Fam Society - Koperkhairne,0,flat,-167.2700000000001,-25.660465273818122
2026-07-01,Fam Society - Koperkhairne,0,increased,2200.95,2203.237140882657
2026-07-01,Fursungi Pune,0,decreased,-42.349999999999966,54.189057834934125
2026-07-01,Fursungi Pune,0,flat,-101.79000000000005,-21.536936610283803
2026-07-01,Fursungi Pune,0,increased,829.0600000000001,792.5541728684252
2026-07-01,Ghansoli,0,decreased,112.31999999999998,109.61091565569333
2026-07-01,Ghansoli,0,flat,-211.44999999999996,-32.08900576721512
2026-07-01,Ghansoli,0,increased,2055.1299999999997,2113.764519253169
2026-07-01,Ghatkopar East,0,decreased,78.67,82.77856858568002
2026-07-01,Ghatkopar East,0,flat,-64.99999999999996,-290.18728757481966
2026-07-01,Ghatkopar East,0,increased,1400.0800000000004,1592.746687425435
2026-07-01,Ghatkopar West,0,decreased,14.45,28.153583476568116
2026-07-01,Ghatkopar West,0,flat,-85.56999999999994,-114.52219673700753
2026-07-01,Ghatkopar West,0,increased,1268.58,1237.7274463946487
2026-07-01,Ghodapdeo - Byculla,0,decreased,7.800000000000011,19.59767821763745
2026-07-01,Ghodapdeo - Byculla,0,flat,-75.45000000000005,-146.09074633452724
2026-07-01,Ghodapdeo - Byculla,0,increased,972.9000000000001,948.6456243626494
2026-07-01,Global City Virar West,0,decreased,36.84,18.3385910267987
2026-07-01,Global City Virar West,0,flat,-165.98999999999998,-26.911427336780836
2026-07-01,Global City Virar West,0,increased,685.7800000000001,700.1085518051253
2026-07-01,Goregaon,1,decreased,13.699999999999989,50.14665441617074
2026-07-01,Goregaon,1,flat,-313.3599999999999,-380.0015805971342
2026-07-01,Goregaon,1,increased,3344.5,3385.9927744323513
2026-07-01,Goregaon West S.V. Road,1,decreased,-37.400000000000034,87.6298665632209
2026-07-01,Goregaon West S.V. Road,1,flat,-189.08999999999963,-201.63744831049343
2026-07-01,Goregaon West S.V. Road,1,increased,1385.3200000000002,1283.0268022188436
2026-07-01,Govandi,0,decreased,165.83,159.92532038972178
2026-07-01,Govandi,0,flat,19.849999999999937,98.82747533978231
2026-07-01,Govandi,0,increased,2485.81,2414.9716078973784
2026-07-01,Gujrat Colony Kothrud,0,decreased,-204.79999999999967,-39.510855536798445
2026-07-01,Gujrat Colony Kothrud,0,flat,164.59000000000012,22.55707862678223
2026-07-01,Gujrat Colony Kothrud,0,increased,469.84000000000003,505.6820499081914
2026-07-01,Gulab Nagar Pune,0,decreased,-89.9800000000001,-245.7427237120293
2026-07-01,Gulab Nagar Pune,0,flat,-31.560000000000045,38.05284367560198
2026-07-01,Gulab Nagar Pune,0,increased,1043.99,1091.6322508725098
2026-07-01,Hari Om Nagar,0,decreased,4.96999999999997,22.751024725091867
2026-07-01,Hari Om Nagar,0,flat,-11.610000000000205,-101.46182007752569
2026-07-01,Hari Om Nagar,0,increased,1606.3400000000001,1716.620951093632
2026-07-01,Hiltron Ulhasnagar,0,decreased,33.09,68.85516821863939
2026-07-01,Hiltron Ulhasnagar,0,flat,-69.00000000000007,-90.16169929792767
2026-07-01,Hiltron Ulhasnagar,0,increased,645.27,608.5059495376295
2026-07-01,Hiranandani Thane,0,decreased,-64.1,36.24115625073705
2026-07-01,Hiranandani Thane,0,flat,-608.7300000000002,-226.45208705783017
2026-07-01,Hiranandani Thane,0,increased,3260.05,3106.9167476356006
2026-07-01,IC Colony Borivali,0,decreased,166.79999999999998,135.3023358054035
2026-07-01,IC Colony Borivali,0,flat,51.35999999999997,132.51838126547898
2026-07-01,IC Colony Borivali,0,increased,3027.56,3040.571486677044
2026-07-01,JB Nagar,0,decreased,24.36000000000007,90.88037327052474
2026-07-01,JB Nagar,0,flat,-169.64000000000013,28.65792925018749
2026-07-01,JB Nagar,0,increased,2273.6400000000003,2104.700771322983
2026-07-01,JJ Hospital,0,decreased,32.679999999999865,172.420505560626
2026-07-01,JJ Hospital,0,flat,-129.0899999999999,-99.68985809679882
2026-07-01,JJ Hospital,0,increased,3127.2,3181.1733034936883
2026-07-01,Jagruti Nagar Ghatkopar,0,decreased,167.43,161.32475054402775
2026-07-01,Jagruti Nagar Ghatkopar,0,flat,14.720000000000063,16.99229961051352
2026-07-01,Jagruti Nagar Ghatkopar,0,increased,703.45,682.864745999247
2026-07-01,Jail Road Nashik,0,decreased,67.0,55.589700582936985
2026-07-01,Jail Road Nashik,0,flat,35.7,-204.4427400078076
2026-07-01,Jail Road Nashik,0,increased,736.7800000000001,592.8027866547966
2026-07-01,Jay VIjay Nagar Nalasopara East,0,decreased,14.960000000000036,-53.7565538032667
2026-07-01,Jay VIjay Nagar Nalasopara East,0,flat,-165.16999999999996,-189.95713331315633
2026-07-01,Jay VIjay Nagar Nalasopara East,0,increased,387.09999999999997,389.18178690707606
2026-07-01,Kalamboli,0,decreased,24.0,23.429548584260196
2026-07-01,Kalamboli,0,flat,-211.38000000000014,-140.59433825416681
2026-07-01,Kalamboli,0,increased,1213.95,879.2916390214891
2026-07-01,Kalher Bhiwandi,0,decreased,102.0,113.28454130730088
2026-07-01,Kalher Bhiwandi,0,flat,-141.43999999999994,-161.06251756768938
2026-07-01,Kalher Bhiwandi,0,increased,1155.83,1067.61961684034
2026-07-01,Kalina,0,decreased,-5.350000000000001,-13.900632454773758
2026-07-01,Kalina,0,flat,179.45000000000022,-49.79192010569608
2026-07-01,Kalina,0,increased,1565.49,1164.319045326144
2026-07-01,Kalwa,0,decreased,180.45999999999998,195.40337551037882
2026-07-01,Kalwa,0,flat,-59.38000000000009,-68.23077328093329
2026-07-01,Kalwa,0,increased,4698.07,4723.405654951899
2026-07-01,Kalyan,0,decreased,70.75,96.57478164857692
2026-07-01,Kalyan,0,flat,-38.59,-92.81834376831941
2026-07-01,Kalyan,0,increased,1038.97,972.3920578150594
2026-07-01,Kalyan - DB Chowk,0,decreased,75.93,104.30973210445671
2026-07-01,Kalyan - DB Chowk,0,flat,-40.89000000000005,-57.50352604043081
2026-07-01,Kalyan - DB Chowk,0,increased,822.11,834.6901025799478
2026-07-01,Kalyan East-Tisgaon Naka,0,decreased,-43.3,28.034597613100217
2026-07-01,Kalyan East-Tisgaon Naka,0,flat,-75.51999999999998,-61.39095948076965
2026-07-01,Kalyan East-Tisgaon Naka,0,increased,1032.97,1021.5718397828689
2026-07-01,Kalyan West Club Road,0,decreased,-11.699999999999985,35.382212742592884
2026-07-01,Kalyan West Club Road,0,flat,15.63000000000008,45.843287030956105
2026-07-01,Kalyan West Club Road,0,increased,1237.43,1218.313892729586
2026-07-01,Kamotha,0,decreased,64.82999999999998,1.0340058848353486
2026-07-01,Kamotha,0,flat,-412.50999999999976,-30.915076523513093
2026-07-01,Kamotha,0,increased,2331.83,2261.5380437967997
2026-07-01,Kamothe - Sector 36,0,decreased,22.44999999999999,-5.966494733579829
2026-07-01,Kamothe - Sector 36,0,flat,-103.18000000000004,32.84778050111801
2026-07-01,Kamothe - Sector 36,0,increased,618.99,479.0729454404865
2026-07-01,Kandivali East,0,decreased,26.580000000000013,28.386797040427417
2026-07-01,Kandivali East,0,flat,-59.60000000000003,91.71069171828665
2026-07-01,Kandivali East,0,increased,1331.4099999999999,1365.0731279708941
2026-07-01,Kandivali West,0,decreased,13.240000000000009,13.249751585645669
2026-07-01,Kandivali West,0,flat,-21.70000000000001,-60.89562625446968
2026-07-01,Kandivali West,0,increased,642.91,623.8803663395643
2026-07-01,Kasarvadavali Thane,0,decreased,-728.7999999999997,-825.0343199322629
2026-07-01,Kasarvadavali Thane,0,flat,62.34999999999992,98.59610594007533
2026-07-01,Kasarvadavali Thane,0,increased,981.3900000000001,1022.0041035701596
2026-07-01,Katrap Badlapur East,0,decreased,70.75999999999999,46.726077591202355
2026-07-01,Katrap Badlapur East,0,flat,-1.610000000000019,26.737851768844518
2026-07-01,Katrap Badlapur East,0,increased,730.4,702.6627606102882
2026-07-01,Khadki Pune,0,decreased,-18.599999999999994,-3.7620927211931843
2026-07-01,Khadki Pune,0,flat,-124.22999999999996,-79.89804847095732
2026-07-01,Khadki Pune,0,increased,941.35,958.3703448174955
2026-07-01,Khanda Colony,1,decreased,76.7,62.64806116337942
2026-07-01,Khanda Colony,1,flat,397.10000000000014,-16.928472725667504
2026-07-01,Khanda Colony,1,increased,1075.91,1015.9880462786991
2026-07-01,Khar West,1,decreased,51.0,51.15227551236078
2026-07-01,Khar West,1,flat,-104.37000000000002,-4.0192681644336865
2026-07-01,Khar West,1,increased,1314.56,1406.40565303367
2026-07-01,Kharghar,0,decreased,75.07999999999998,74.48023970677696
2026-07-01,Kharghar,0,flat,-275.0900000000001,-361.6260694301195
2026-07-01,Kharghar,0,increased,2106.4500000000003,2028.099009411983
2026-07-01,Kharghar Sector 12,0,decreased,28.6,32.78962023337418
2026-07-01,Kharghar Sector 12,0,flat,45.79999999999994,21.283869187258034
2026-07-01,Kharghar Sector 12,0,increased,748.44,766.2327756384236
2026-07-01,Khopat,0,decreased,129.07000000000002,130.81931843399468
2026-07-01,Khopat,0,flat,-108.82000000000014,-125.29337311466497
2026-07-01,Khopat,0,increased,2916.35,2747.5091744898473
2026-07-01,Khutwad Nagar Nashik,0,decreased,19.0,17.59198199468456
2026-07-01,Khutwad Nagar Nashik,0,flat,20.399999999999984,-63.63716323210964
2026-07-01,Khutwad Nagar Nashik,0,increased,184.95000000000005,188.01968894397766
2026-07-01,Kolsheth,0,decreased,23.22999999999999,1.672867656826675
2026-07-01,Kolsheth,0,flat,-67.59999999999997,-242.94154543658797
2026-07-01,Kolsheth,0,increased,2615.71,2525.016030287976
2026-07-01,Kopar Khairane,0,decreased,67.9,77.94341828677551
2026-07-01,Kopar Khairane,0,flat,-140.21999999999983,-186.49974369759084
2026-07-01,Kopar Khairane,0,increased,1657.7500000000002,1562.4300125403465
2026-07-01,Kopari Thane,0,decreased,37.19999999999999,25.71478770660432
2026-07-01,Kopari Thane,0,flat,-984.7599999999999,-891.8156035069419
2026-07-01,Kopari Thane,0,increased,393.6700000000001,333.2176025163589
2026-07-01,Koper Khairane - Sector 7,0,decreased,56.01,56.30366026552339
2026-07-01,Koper Khairane - Sector 7,0,flat,-16.85999999999999,118.77666506198632
2026-07-01,Koper Khairane - Sector 7,0,increased,1250.54,1243.6991510892688
2026-07-01,Kulgaon Badlapur West,0,decreased,59.269999999999996,101.26340135954422
2026-07-01,Kulgaon Badlapur West,0,flat,226.45000000000022,-485.55312803117204
2026-07-01,Kulgaon Badlapur West,0,increased,1261.38,1316.877003416524
2026-07-01,Kurla,0,decreased,29.170000000000016,19.052436668192897
2026-07-01,Kurla,0,flat,-14.200000000000038,37.244095975220404
2026-07-01,Kurla,0,increased,1521.09,1510.3780833918438
2026-07-01,Kurla West,0,decreased,99.30000000000001,98.65005213687078
2026-07-01,Kurla West,0,flat,-142.61000000000016,-111.34667967838088
2026-07-01,Kurla West,0,increased,1997.2000000000003,1966.0580021515386
2026-07-01,Lower Parel - SJ Marg,0,decreased,-11.73,-18.47177357336093
2026-07-01,Lower Parel - SJ Marg,0,flat,8.009999999999991,75.83836131653213
2026-07-01,Lower Parel - SJ Marg,0,increased,848.68,842.9178705563361
2026-07-01,Mahakali,0,decreased,-46.60999999999998,-18.75040415889459
2026-07-01,Mahakali,0,flat,-0.9099999999998865,-71.19476416079321
2026-07-01,Mahakali,0,increased,1884.0300000000002,1968.3154971722156
2026-07-01,Mahavir Pride Dombivali,0,decreased,65.56,66.83110924870218
2026-07-01,Mahavir Pride Dombivali,0,flat,-47.419999999999895,-65.7814570799146
2026-07-01,Mahavir Pride Dombivali,0,increased,1298.07,1308.63814455421
2026-07-01,Mahim West,0,decreased,23.00999999999999,23.05419718320246
2026-07-01,Mahim West,0,flat,159.11000000000004,-42.166168099934104
2026-07-01,Mahim West,0,increased,1639.79,1705.9675933493854
2026-07-01,Malad,0,decreased,-154.16000000000008,-99.61869653374552
2026-07-01,Malad,0,flat,-48.1099999999999,74.8404968844366
2026-07-01,Malad,0,increased,1935.6000000000001,1883.953107717679
2026-07-01,Malad Liberty Garden,0,decreased,45.870000000000005,63.9894224112732
2026-07-01,Malad Liberty Garden,0,flat,-0.510000000000062,31.151725671305144
2026-07-01,Malad Liberty Garden,0,increased,1010.23,1036.7526646392155
2026-07-01,Malwani,0,decreased,132.53,149.2256905730211
2026-07-01,Malwani,0,flat,-145.96999999999974,-130.46428150471587
2026-07-01,Malwani,0,increased,1907.28,1872.4207462791398
2026-07-01,Marol,0,decreased,112.41,120.88662594453203
2026-07-01,Marol,0,flat,-425.72999999999996,-642.4511271755006
2026-07-01,Marol,0,increased,2472.11,2434.137751345779
2026-07-01,Mharal Ulhasnagar,0,decreased,38.0,34.13953974567738
2026-07-01,Mharal Ulhasnagar,0,flat,260.46000000000004,-173.5864029517876
2026-07-01,Mharal Ulhasnagar,0,increased,1226.99,1239.7934947958113
2026-07-01,Mhasrul Nashik,0,decreased,-72.84000000000003,-80.13352187136775
2026-07-01,Mhasrul Nashik,0,flat,-32.490000000000016,-67.01051307722997
2026-07-01,Mhasrul Nashik,0,increased,456.4300000000002,369.6336974015198
2026-07-01,Mira Road,0,decreased,99.04999999999998,70.6336658748451
2026-07-01,Mira Road,0,flat,-186.77999999999986,-110.55097136225811
2026-07-01,Mira Road,0,increased,1829.83,1829.340801360506
2026-07-01,Mira Road - GCC Club Road,0,decreased,-7.110000000000014,-25.762126750185764
2026-07-01,Mira Road - GCC Club Road,0,flat,-192.41999999999996,-154.32273988512063
2026-07-01,Mira Road - GCC Club Road,0,increased,344.16,284.39188175679516
2026-07-01,Mira Road Jangid Complex,0,decreased,9.0,13.435786643174183
2026-07-01,Mira Road Jangid Complex,0,flat,387.60999999999996,534.8151514334162
2026-07-01,Mira Road Jangid Complex,0,increased,902.4499999999999,754.7137741065909
2026-07-01,Mohan Nagar Kandivali,0,decreased,60.0,65.72949146727903
2026-07-01,Mohan Nagar Kandivali,0,flat,-30.86000000000004,44.28278579513064
2026-07-01,Mohan Nagar Kandivali,0,increased,1110.63,1098.4804308673179
2026-07-01,Mulund East,0,decreased,53.510000000000005,81.24506447522216
2026-07-01,Mulund East,0,flat,-3.940000000000083,-89.63847492749439
2026-07-01,Mulund East,0,increased,3954.3,3810.499811256373
2026-07-01,Mulund Panch Rasta,0,decreased,32.460000000000036,31.722397560862092
2026-07-01,Mulund Panch Rasta,0,flat,3.259999999999909,72.9669554566995
2026-07-01,Mulund Panch Rasta,0,increased,1485.4100000000003,1449.808102238128
2026-07-01,Mulund West,0,decreased,195.64999999999998,230.4746574497405
2026-07-01,Mulund West,0,flat,-34.59000000000002,13.505600850987342
2026-07-01,Mulund West,0,increased,2531.52,2586.5793671885945
2026-07-01,Mulund West-Sarvodaya Nagar,0,decreased,35.99,39.76562238866413
2026-07-01,Mulund West-Sarvodaya Nagar,0,flat,-30.500000000000036,-41.07168750120029
2026-07-01,Mulund West-Sarvodaya Nagar,0,increased,2947.11,2928.066100667423
2026-07-01,Mundhwa Pune,0,decreased,21.82999999999998,21.41380127272114
2026-07-01,Mundhwa Pune,0,flat,-64.33999999999996,-54.23737634682249
2026-07-01,Mundhwa Pune,0,increased,666.5500000000001,655.5229026137854
2026-07-01,NIBM Kondwa,0,decreased,34.16999999999996,22.916811345260875
2026-07-01,NIBM Kondwa,0,flat,-184.47000000000014,-342.4060134739659
2026-07-01,NIBM Kondwa,0,increased,1411.6,1374.9924841368602
2026-07-01,Nahur West,0,decreased,65.56,66.82975772935141
2026-07-01,Nahur West,0,flat,-101.12000000000005,-48.87420948181429
2026-07-01,Nahur West,0,increased,1233.26,1391.3595453745925
2026-07-01,Nalasopara - Yashwant Nagar,0,decreased,18.0,21.183776907212106
2026-07-01,Nalasopara - Yashwant Nagar,0,flat,-188.96999999999997,-140.4869614906834
2026-07-01,Nalasopara - Yashwant Nagar,0,increased,514.12,522.7005071175471
2026-07-01,Nalasopara West,0,decreased,58.28,67.18479447348466
2026-07-01,Nalasopara West,0,flat,45.11999999999989,-29.888396111581592
2026-07-01,Nalasopara West,0,increased,1380.11,1338.6822849719006
2026-07-01,Narhe Pune,0,decreased,32.989999999999995,171.16432795042562
2026-07-01,Narhe Pune,0,flat,-156.66000000000003,-45.980034493490734
2026-07-01,Narhe Pune,0,increased,1155.4,1044.8042881820422
2026-07-01,Naupada,0,decreased,24.03,-6.601408660637119
2026-07-01,Naupada,0,flat,-142.8800000000001,-150.3943515978949
2026-07-01,Naupada,0,increased,2226.26,2262.6394748933526
2026-07-01,Navare Nagar Ambernath,0,decreased,-160.17999999999998,-107.80196614464239
2026-07-01,Navare Nagar Ambernath,0,flat,-200.43999999999988,-284.5479331449151
2026-07-01,Navare Nagar Ambernath,0,increased,1014.64,1040.7214935823802
2026-07-01,Navi Peth Pune,0,decreased,53.5,57.0820976664427
2026-07-01,Navi Peth Pune,0,flat,-16.28000000000015,-144.95135479118227
2026-07-01,Navi Peth Pune,0,increased,1121.21,1081.0345573309887
2026-07-01,Navjeevan Mumbai Central,0,decreased,103.83999999999997,84.06933595518105
2026-07-01,Navjeevan Mumbai Central,0,flat,-55.00999999999997,-91.63816004540602
2026-07-01,Navjeevan Mumbai Central,0,increased,1621.73,1664.6161548796013
2026-07-01,Nerul East,0,decreased,-2.5499999999999936,-4.705362130726279
2026-07-01,Nerul East,0,flat,-205.88000000000014,-46.271528402051715
2026-07-01,Nerul East,0,increased,925.54,915.3973255661675
2026-07-01,Nerul West,0,decreased,87.0,94.62037088379466
2026-07-01,Nerul West,0,flat,1165.27,190.84465600951674
2026-07-01,Nerul West,0,increased,1766.5,1764.4653244687504
2026-07-01,New Panvel,0,decreased,150.72000000000003,139.8046170981093
2026-07-01,New Panvel,0,flat,-3.820000000000105,-53.79993299917646
2026-07-01,New Panvel,0,increased,2186.8,2044.4391882056925
2026-07-01,Old Panvel,0,decreased,53.22000000000001,49.91740420430472
2026-07-01,Old Panvel,0,flat,-214.48999999999975,-130.7127720680901
2026-07-01,Old Panvel,0,increased,1091.17,1057.4131578606757
2026-07-01,Palegaon Ambernath,0,decreased,-6.629999999999981,0.376694284798603
2026-07-01,Palegaon Ambernath,0,flat,-45.570000000000014,40.016365030709046
2026-07-01,Palegaon Ambernath,0,increased,338.08000000000004,349.28773441789184
2026-07-01,Panchpakhadi,0,decreased,55.66999999999999,47.15803690222218
2026-07-01,Panchpakhadi,0,flat,71.49999999999997,89.35265073218604
2026-07-01,Panchpakhadi,0,increased,1619.8700000000001,1539.5903323388316
2026-07-01,Pantnagar,0,decreased,34.0,38.46590539425532
2026-07-01,Pantnagar,0,flat,-55.51000000000009,-18.69814567452447
2026-07-01,Pantnagar,0,increased,644.58,523.8850380157285
2026-07-01,Panvel - Uran Naka,0,decreased,28.200000000000003,68.7879014773307
2026-07-01,Panvel - Uran Naka,0,flat,-33.01999999999996,9.888042805052907
2026-07-01,Panvel - Uran Naka,0,increased,736.9699999999999,730.0985769874554
2026-07-01,Phadke Road - Dombivali,0,decreased,-12.800000000000068,-1.9605689190045155
2026-07-01,Phadke Road - Dombivali,0,flat,31.889999999999887,8.75386988498667
2026-07-01,Phadke Road - Dombivali,0,increased,1682.75,1628.2739289144467
2026-07-01,Pimple Gurav,0,decreased,6.0,2.8770323529411286
2026-07-01,Pimple Gurav,0,flat,131.9599999999998,-14.526364337379803
2026-07-01,Pimple Gurav,0,increased,899.7800000000001,850.4437639341407
2026-07-01,Prabhadevi,0,decreased,138.94,162.3064260951274
2026-07-01,Prabhadevi,0,flat,-143.54000000000002,30.021045291434575
2026-07-01,Prabhadevi,0,increased,1888.92,1749.7614713235123
2026-07-01,Pragati Nagar Nalasopara East,0,decreased,53.99,55.877877238786304
2026-07-01,Pragati Nagar Nalasopara East,0,flat,-4.719999999999999,-73.94822596646625
2026-07-01,Pragati Nagar Nalasopara East,0,increased,507.8000000000002,596.6881892743459
2026-07-01,Rajawadi,0,decreased,16.28,8.66518345057289
2026-07-01,Rajawadi,0,flat,58.36000000000012,60.216392596633625
2026-07-01,Rajawadi,0,increased,1230.97,1258.5275385904915
2026-07-01,Roadpali Kalamboli,0,decreased,3.950000000000003,3.7537842614023234
2026-07-01,Roadpali Kalamboli,0,flat,-73.61000000000017,-22.41067753145169
2026-07-01,Roadpali Kalamboli,0,increased,1189.6299999999999,1109.8374329289688
2026-07-01,Rupee Nagar Pune,0,decreased,64.11000000000001,57.853871145670155
2026-07-01,Rupee Nagar Pune,0,flat,50.37999999999994,216.7378822715886
2026-07-01,Rupee Nagar Pune,0,increased,239.61000000000004,176.8789474099191
2026-07-01,Saibaba Nagar,0,decreased,10.5,10.568727730973563
2026-07-01,Saibaba Nagar,0,flat,-102.45000000000006,-187.83693464942854
2026-07-01,Saibaba Nagar,0,increased,1308.3000000000002,1386.492957380288
2026-07-01,Sakinaka - Pipeline Road,0,decreased,36.730000000000004,37.3893566095849
2026-07-01,Sakinaka - Pipeline Road,0,flat,-11.010000000000034,-66.52196012903102
2026-07-01,Sakinaka - Pipeline Road,0,increased,663.1600000000001,619.2649445259906
2026-07-01,Sanpada,1,decreased,89.39,136.14914469561603
2026-07-01,Sanpada,1,flat,995.39,-19.476205243268947
2026-07-01,Sanpada,1,increased,1806.52,1743.062083518938
2026-07-01,Santa Cruz SV Road,0,decreased,82.39999999999998,84.11148755607493
2026-07-01,Santa Cruz SV Road,0,flat,-128.17999999999998,-49.38102803483421
2026-07-01,Santa Cruz SV Road,0,increased,1458.22,1314.25663818377
2026-07-01,"Santoshi Mata Road, Kalyan West",0,decreased,27.38000000000001,34.295822718480046
2026-07-01,"Santoshi Mata Road, Kalyan West",0,flat,-56.79000000000003,28.811184067763676
2026-07-01,"Santoshi Mata Road, Kalyan West",0,increased,1296.91,1314.0542185919378
2026-07-01,Sasane Nagar Pune,1,decreased,-1.1599999999999966,9.12993012237255
2026-07-01,Sasane Nagar Pune,1,flat,-39.16999999999998,-56.810631599581825
2026-07-01,Sasane Nagar Pune,1,increased,515.1,452.28248436571414
2026-07-01,Seawoods,0,decreased,37.890000000000015,71.59716554368275
2026-07-01,Seawoods,0,flat,-662.8200000000002,-1488.5390451933943
2026-07-01,Seawoods,0,increased,1641.43,1630.7822504478427
2026-07-01,Sector 3 - New Panvel,0,decreased,59.36,71.10363614897675
2026-07-01,Sector 3 - New Panvel,0,flat,117.20999999999997,151.36650955714552
2026-07-01,Sector 3 - New Panvel,0,increased,1069.01,990.9010312039386
2026-07-01,Shanti Nagar Mira Road,0,decreased,14.280000000000001,61.05893711249308
2026-07-01,Shanti Nagar Mira Road,0,flat,-85.37,-172.92365182332932
2026-07-01,Shanti Nagar Mira Road,0,increased,681.87,676.411918042723
2026-07-01,Shirgaon Badlapur,0,decreased,132.95999999999998,147.47475121591816
2026-07-01,Shirgaon Badlapur,0,flat,85.60999999999997,-13.256862372938613
2026-07-01,Shirgaon Badlapur,0,increased,591.5500000000001,601.3999840763197
2026-07-01,Shivaji Nagar Pune,0,decreased,63.0,64.2532409768265
2026-07-01,Shivaji Nagar Pune,0,flat,-38.53999999999996,-94.32970013239577
2026-07-01,Shivaji Nagar Pune,0,increased,929.44,918.045633610164
2026-07-01,Shreenagar,0,decreased,70.74000000000002,-1356.5312333704103
2026-07-01,Shreenagar,0,flat,447.84999999999985,185.2059186999252
2026-07-01,Shreenagar,0,increased,1967.5700000000002,1912.284996722759
2026-07-01,Shriprastha Nalasopara West,0,decreased,-0.30000000000001137,31.649096797550897
2026-07-01,Shriprastha Nalasopara West,0,flat,-47.68999999999995,121.1716195901558
2026-07-01,Shriprastha Nalasopara West,0,increased,951.5100000000001,944.0978555561621
2026-07-01,Sion Koliwada,0,decreased,64.87,52.117905001976865
2026-07-01,Sion Koliwada,0,flat,-216.17000000000007,-133.0697015098572
2026-07-01,Sion Koliwada,0,increased,1518.5900000000001,1478.189104753788
2026-07-01,Thakur Complex,0,decreased,50.0,50.08686742498858
2026-07-01,Thakur Complex,0,flat,-128.21000000000032,-78.80034165721293
2026-07-01,Thakur Complex,0,increased,1422.02,1296.9964770105807
2026-07-01,Thergaon,0,decreased,22.5,28.208862103043458
2026-07-01,Thergaon,0,flat,-228.86000000000004,-310.2313762553096
2026-07-01,Thergaon,0,increased,396.36,437.96808145733246
2026-07-01,Tilak Road Pune,0,decreased,-66.81000000000003,33.7597190202182
2026-07-01,Tilak Road Pune,0,flat,-158.4400000000001,-298.7237297166778
2026-07-01,Tilak Road Pune,0,increased,782.78,676.8670402403079
2026-07-01,Tilaknagar,0,decreased,80.83000000000001,101.47071232904108
2026-07-01,Tilaknagar,0,flat,-194.91,-130.98753300106677
2026-07-01,Tilaknagar,0,increased,2113.04,2105.4879236431
2026-07-01,Titwala,0,decreased,150.11,147.17726225055722
2026-07-01,Titwala,0,flat,-79.58999999999979,-250.59703384116517
2026-07-01,Titwala,0,increased,1130.8400000000001,1097.2074834383038
2026-07-01,Trimurti Chowk Nashik,0,decreased,12.0,14.91210855046424
2026-07-01,Trimurti Chowk Nashik,0,flat,27.489999999999995,-62.98161499877345
2026-07-01,Trimurti Chowk Nashik,0,increased,141.89,96.27808617736628
2026-07-01,Ulhas Nagar - Shahad,0,decreased,35.540000000000006,43.87483276487836
2026-07-01,Ulhas Nagar - Shahad,0,flat,-267.4599999999999,-458.41908192786406
2026-07-01,Ulhas Nagar - Shahad,0,increased,727.9799999999999,748.4701240601951
2026-07-01,Ulhas Nagar - Shreeram Chowk,0,decreased,96.55000000000001,99.06585307754202
2026-07-01,Ulhas Nagar - Shreeram Chowk,0,flat,-15.260000000000002,0.3393181509402652
2026-07-01,Ulhas Nagar - Shreeram Chowk,0,increased,525.87,541.8237167571049
2026-07-01,Ulhasnagar,0,decreased,64.28000000000003,174.17411528124745
2026-07-01,Ulhasnagar,0,flat,-1166.8799999999999,262.29757662434804
2026-07-01,Ulhasnagar,0,increased,1764.7800000000002,1751.2712684781457
2026-07-01,Ulhasnagar - Humlog Circle,0,decreased,-407.0800000000007,-138.6802306778581
2026-07-01,Ulhasnagar - Humlog Circle,0,flat,-22.439999999999976,-163.048775367424
2026-07-01,Ulhasnagar - Humlog Circle,0,increased,958.8000000000001,937.3831429079695
2026-07-01,Ulhasnagar - Khemani Chowk,0,decreased,65.03,84.63742471257007
2026-07-01,Ulhasnagar - Khemani Chowk,0,flat,-141.60999999999981,-82.23769964125138
2026-07-01,Ulhasnagar - Khemani Chowk,0,increased,883.5800000000002,810.1488193242911
2026-07-01,Ulhasnagar Sector 4,0,decreased,23.33,27.69444945559292
2026-07-01,Ulhasnagar Sector 4,0,flat,-13.56999999999997,-39.57032457243657
2026-07-01,Ulhasnagar Sector 4,0,increased,1361.32,1173.4214835859113
2026-07-01,Ulwe-Navi Mumbai,0,decreased,82.28,99.49553933561728
2026-07-01,Ulwe-Navi Mumbai,0,flat,-166.7100000000001,-14.300009730488952
2026-07-01,Ulwe-Navi Mumbai,0,increased,1471.6699999999998,1456.6392221320548
2026-07-01,Vakola,0,decreased,23.51999999999999,31.466754541961002
2026-07-01,Vakola,0,flat,-255.8299999999999,-376.1128556197661
2026-07-01,Vakola,0,increased,1814.3,1754.2806096547076
2026-07-01,Vasai West - Station Road,0,decreased,60.0,64.56915687661724
2026-07-01,Vasai West - Station Road,0,flat,-194.16000000000003,-146.1739748494067
2026-07-01,Vasai West - Station Road,0,increased,1028.3500000000001,1038.9184285406943
2026-07-01,Vashi,0,decreased,204.34000000000003,176.74811192761808
2026-07-01,Vashi,0,flat,-619.4000000000003,-392.45546869511867
2026-07-01,Vashi,0,increased,3421.07,3316.9961089452217
2026-07-01,Vashi Sector 11,0,decreased,-38.629999999999995,-29.202823907492796
2026-07-01,Vashi Sector 11,0,flat,-26.900000000000002,-61.43309622221208
2026-07-01,Vashi Sector 11,0,increased,1755.79,1781.7104430884742
2026-07-01,Veenanagar,0,decreased,25.560000000000002,37.69499731016796
2026-07-01,Veenanagar,0,flat,-64.32999999999994,-16.94764587907826
2026-07-01,Veenanagar,0,increased,1338.58,1386.4533758557272
2026-07-01,Versova - Yari Road,0,decreased,212.28,220.9929257519424
2026-07-01,Versova - Yari Road,0,flat,378.46000000000015,416.1531082195871
2026-07-01,Versova - Yari Road,0,increased,1712.1800000000003,1572.9782141127398
2026-07-01,Versova Andheri,0,decreased,28.479999999999997,37.5859362567475
2026-07-01,Versova Andheri,0,flat,-100.01000000000016,-125.93453127471082
2026-07-01,Versova Andheri,0,increased,2810.0299999999997,2807.0413954685596
2026-07-01,Vijay Nagari - Thane,0,decreased,50.670000000000016,42.17603081208648
2026-07-01,Vijay Nagari - Thane,0,flat,1120.28,77.29461642200947
2026-07-01,Vijay Nagari - Thane,0,increased,2494.82,2520.5382679708264
2026-07-01,Vikhroli,0,decreased,250.72000000000003,260.1100941492192
2026-07-01,Vikhroli,0,flat,-149.36999999999992,-228.4054682541332
2026-07-01,Vikhroli,0,increased,2304.66,2134.9272469667553
2026-07-01,Vikhroli Kannamwar,0,decreased,9.299999999999983,70.84259110176362
2026-07-01,Vikhroli Kannamwar,0,flat,-111.93000000000005,-142.54340630293137
2026-07-01,Vikhroli Kannamwar,0,increased,1586.04,1543.89145252493
2026-07-01,Vile Parle,0,decreased,-15.089999999999975,12.655406053249962
2026-07-01,Vile Parle,0,flat,-377.4899999999999,-596.1496319708978
2026-07-01,Vile Parle,0,increased,1712.8500000000001,1664.3089348370406
2026-07-01,Virar East,0,decreased,65.0,69.58614262684081
2026-07-01,Virar East,0,flat,-100.67999999999995,-198.21428221035526
2026-07-01,Virar East,0,increased,1163.31,1132.1705127345408
2026-07-01,Virar West,0,decreased,-2.599999999999966,56.34432779083424
2026-07-01,Virar West,0,flat,36.509999999999984,100.60560681930724
2026-07-01,Virar West,0,increased,1185.23,4278.168195593206
2026-07-01,Wadgaon Budruk Pune,0,decreased,15.0,11.58692499999998
2026-07-01,Wadgaon Budruk Pune,0,flat,17.310000000000024,-103.08688000461154
2026-07-01,Wadgaon Budruk Pune,0,increased,1090.14,982.4729044297837
2026-07-01,Wadgaon Sheri,0,decreased,-63.66000000000001,-47.02126665766295
2026-07-01,Wadgaon Sheri,0,flat,-623.2399999999996,-239.49104225888433
2026-07-01,Wadgaon Sheri,0,increased,1328.49,1277.7857507245535
2026-07-01,Wadgaon Sheri-Old Mundhwa Rd,0,decreased,-50.07000000000011,128.7549522410182
2026-07-01,Wadgaon Sheri-Old Mundhwa Rd,0,flat,-11.109999999999886,-106.2252709189577
2026-07-01,Wadgaon Sheri-Old Mundhwa Rd,0,increased,314.68,322.3199552910412
2026-07-01,Wanawadi Pune,0,decreased,7.280000000000001,7.280636043165472
2026-07-01,Wanawadi Pune,0,flat,20.340000000000014,64.02240105404188
2026-07-01,Wanawadi Pune,0,increased,517.0699999999999,512.2549847366142
2026-07-01,Warje Pune,0,decreased,59.0,56.50463120216249
2026-07-01,Warje Pune,0,flat,-389.6999999999997,-318.6048720897831
2026-07-01,Warje Pune,0,increased,894.4,842.708209829954
2026-07-01,Wayale Nagar,0,decreased,10.0,13.618504621709533
2026-07-01,Wayale Nagar,0,flat,-390.73,-207.10306391514104
2026-07-01,Wayale Nagar,0,increased,279.2300000000001,286.37229396244345
2026-07-01,Yashodhan,0,decreased,-1234.98,-1371.1270160671386
2026-07-01,Yashodhan,0,flat,-110.10999999999991,-359.49032731198406
2026-07-01,Yashodhan,0,increased,3153.15,3111.6451385706196
2026-07-01,Yogi Nagar,0,decreased,-35.910000000000025,12.973553053905967
2026-07-01,Yogi Nagar,0,flat,-12.279999999999959,46.48495351119577
2026-07-01,Yogi Nagar,0,increased,2193.29,2181.8470910217543
2026-07-01,Yogidham Kalyan,0,decreased,47.0,50.683130567180235
2026-07-01,Yogidham Kalyan,0,flat,-822.97,-900.5518316593597
2026-07-01,Yogidham Kalyan,0,increased,384.03000000000003,389.56545172168876
2026-07-02,7 Rasta Byculla,0,decreased,-67.02000000000001,-151.28062034598995
2026-07-02,7 Rasta Byculla,0,flat,-67.02000000000002,-67.91619434082313
2026-07-02,7 Rasta Byculla,0,increased,1540.23,1511.596642890472
2026-07-02,Airoli,0,decreased,-359.48999999999995,-451.02606447776566
2026-07-02,Airoli,0,flat,-461.99,-445.29216507354005
2026-07-02,Airoli,0,increased,4586.8,4292.511779943117
2026-07-02,Airoli Sector - 3,0,decreased,-201.20999999999998,-176.46199405530416
2026-07-02,Airoli Sector - 3,0,flat,56.180000000000064,-71.37191504439997
2026-07-02,Airoli Sector - 3,0,increased,2230.51,2221.8864932413785
2026-07-02,Ambegaon Pune,0,decreased,-63.87000000000001,-82.14696674612176
2026-07-02,Ambegaon Pune,0,flat,-100.07000000000005,-91.92061426853867
2026-07-02,Ambegaon Pune,0,increased,563.71,562.2809292675424
2026-07-02,Ambernath East,0,decreased,-148.55999999999995,-115.12341453626053
2026-07-02,Ambernath East,0,flat,-201.46999999999994,-204.45817993196025
2026-07-02,Ambernath East,0,increased,1914.39,1875.4781934111415
2026-07-02,Ambernath West,0,decreased,-55.440000000000005,-86.46316907834012
2026-07-02,Ambernath West,0,flat,-363.2900000000001,-168.81175556896707
2026-07-02,Ambernath West,0,increased,1393.51,1397.8322981262088
2026-07-02,Ashokvan Dahisar,0,decreased,-351.47,-346.3633136750942
2026-07-02,Ashokvan Dahisar,0,flat,22.920000000000393,114.34983243175424
2026-07-02,Ashokvan Dahisar,0,increased,2519.8600000000006,2577.4704833694605
2026-07-02,Badlapur - Belavali,0,decreased,-130.62999999999994,-116.86008087814648
2026-07-02,Badlapur - Belavali,0,flat,-90.82000000000005,124.34729434490812
2026-07-02,Badlapur - Belavali,0,increased,741.55,746.5338634173529
2026-07-02,Badlapur East,0,decreased,-21.230000000000018,-10.762701703982145
2026-07-02,Badlapur East,0,flat,12.689999999999994,54.83316349991196
2026-07-02,Badlapur East,0,increased,654.15,627.0055701163571
2026-07-02,Bandra,1,decreased,-484.91999999999996,-406.00967747811654
2026-07-02,Bandra,1,flat,-132.67000000000002,-25.720583627870425
2026-07-02,Bandra,1,increased,2946.88,2938.1725064338966
2026-07-02,Bhandup West,0,decreased,-96.51999999999998,-363.0485225366051
2026-07-02,Bhandup West,0,flat,-174.26,-76.62624857098467
2026-07-02,Bhandup West,0,increased,1596.3200000000002,1601.9906463452157
2026-07-02,Bhayandar,0,decreased,-321.19999999999993,-353.28060433807343
2026-07-02,Bhayandar,0,flat,-251.04000000000008,-279.04881698880956
2026-07-02,Bhayandar,0,increased,2395.9900000000002,2368.428699768934
2026-07-02,Bhayander 60 Feet Road,0,decreased,-232.33999999999997,-160.8821453104436
2026-07-02,Bhayander 60 Feet Road,0,flat,-176.33999999999995,-165.10532923489626
2026-07-02,Bhayander 60 Feet Road,0,increased,1135.02,1120.7248673605702
2026-07-02,Bhekrainagar Pune,0,decreased,-142.84000000000003,-85.87016430768587
2026-07-02,Bhekrainagar Pune,0,flat,-73.06000000000007,-102.91038714720297
2026-07-02,Bhekrainagar Pune,0,increased,521.5600000000001,565.9714066839119
2026-07-02,Bhiwandi - Shivaji Chowk,0,decreased,-158.53999999999996,-158.43552546085849
2026-07-02,Bhiwandi - Shivaji Chowk,0,flat,-84.98000000000002,82.73659958856472
2026-07-02,Bhiwandi - Shivaji Chowk,0,increased,368.53000000000003,394.8412059935616
2026-07-02,Bhiwandi Dhamankar Naka,1,decreased,-428.25,-441.14094428226116
2026-07-02,Bhiwandi Dhamankar Naka,1,flat,-121.89,-63.54723504086918
2026-07-02,Bhiwandi Dhamankar Naka,1,increased,1754.78,1719.823086397546
2026-07-02,Bibwewadi Pune,0,decreased,-128.2,-141.18362067742103
2026-07-02,Bibwewadi Pune,0,flat,31.600000000000072,-228.1181632940511
2026-07-02,Bibwewadi Pune,0,increased,792.19,694.3628503219696
2026-07-02,Bytco Point Nashik,0,decreased,12.570000000000036,4.202192438314185
2026-07-02,Bytco Point Nashik,0,flat,8.890000000000086,49.437146949760916
2026-07-02,Bytco Point Nashik,0,increased,788.9000000000001,753.8940787892471
2026-07-02,CST Bora Bazaar,0,decreased,-213.38999999999993,-248.62818599274
2026-07-02,CST Bora Bazaar,0,flat,-6.430000000000099,52.08571920427648
2026-07-02,CST Bora Bazaar,0,increased,1693.8600000000001,1694.7127343091695
2026-07-02,Chandivali,0,decreased,-105.75,-100.36443344286499
2026-07-02,Chandivali,0,flat,-45.55,-7.048625296546675
2026-07-02,Chandivali,0,increased,1059.2600000000002,1051.6995206953357
2026-07-02,Charkop,0,decreased,-110.11999999999996,-84.52719451345797
2026-07-02,Charkop,0,flat,-98.25000000000003,-151.87697901889626
2026-07-02,Charkop,0,increased,4072.84,4108.905626873131
2026-07-02,Chembur,0,decreased,-265.06999999999994,-249.8209982104201
2026-07-02,Chembur,0,flat,-149.61000000000013,-264.30395741709714
2026-07-02,Chembur,0,increased,5315.63,5312.506947516213
2026-07-02,Chinchwad,1,decreased,-169.52,-127.97854088565114
2026-07-02,Chinchwad,1,flat,150.2299999999999,84.13670263380781
2026-07-02,Chinchwad,1,increased,685.1500000000001,618.7825777604958
2026-07-02,Chinchwad - Gandhi Peth,1,decreased,-14.72999999999999,-15.390319052296714
2026-07-02,Chinchwad - Gandhi Peth,1,flat,73.88999999999987,84.68878066485728
2026-07-02,Chinchwad - Gandhi Peth,1,increased,222.08999999999997,175.96191123252873
2026-07-02,Cidco Nashik,0,decreased,-2.560000000000001,-3.876988102409632
2026-07-02,Cidco Nashik,0,flat,-48.750000000000014,-96.40521323216645
2026-07-02,Cidco Nashik,0,increased,729.48,585.3057495028012
2026-07-02,Colaba,1,decreased,-112.92000000000004,-112.71291332739341
2026-07-02,Colaba,1,flat,-75.15000000000008,16.828593154800597
2026-07-02,Colaba,1,increased,1094.7900000000002,1171.6307986798263
2026-07-02,Dadar East,0,decreased,-97.26999999999994,-68.41042765774533
2026-07-02,Dadar East,0,flat,19.57999999999994,17.967475400896546
2026-07-02,Dadar East,0,increased,1230.3700000000001,1187.111985809907
2026-07-02,Dahisar,0,decreased,-138.34999999999997,-90.52672394386744
2026-07-02,Dahisar,0,flat,-382.93999999999994,-118.09423081462856
2026-07-02,Dahisar,0,increased,2913.84,2863.0233896615287
2026-07-02,Dattnagar,0,decreased,-122.36,-120.91741732429284
2026-07-02,Dattnagar,0,flat,-11.910000000000029,-86.32314204615555
2026-07-02,Dattnagar,0,increased,857.9,827.6675769699107
2026-07-02,Dhanakwadi,0,decreased,-213.64999999999995,-222.31146702162366
2026-07-02,Dhanakwadi,0,flat,-782.4299999999997,-793.3687779470661
2026-07-02,Dhanakwadi,0,increased,1146.4500000000003,1099.3388054264808
2026-07-02,Dhanori Pune,0,decreased,-34.0,-39.66583996865201
2026-07-02,Dhanori Pune,0,flat,-43.70000000000004,56.06065332828001
2026-07-02,Dhanori Pune,0,increased,1291.37,1455.3990998169627
2026-07-02,Dhayari Pune,0,decreased,-248.15000000000003,-245.86903842334013
2026-07-02,Dhayari Pune,0,flat,-12.569999999999979,40.551291832843276
2026-07-02,Dhayari Pune,0,increased,1400.4800000000002,1327.626981670852
2026-07-02,Dighi Pune,1,decreased,-10.37000000000003,-12.127795871769735
2026-07-02,Dighi Pune,1,flat,-349.62,-375.0502574094781
2026-07-02,Dighi Pune,1,increased,669.7,612.8068908407574
2026-07-02,Dombivali,0,decreased,-222.21999999999994,-205.5550464348956
2026-07-02,Dombivali,0,flat,-108.53000000000007,-37.915708711617796
2026-07-02,Dombivali,0,increased,2630.13,2558.3167935689808
2026-07-02,Dombivali - Navpada,0,decreased,-93.59999999999998,-97.22175319519232
2026-07-02,Dombivali - Navpada,0,flat,-77.22999999999993,24.70100950190052
2026-07-02,Dombivali - Navpada,0,increased,1277.6699999999998,1159.455580901213
2026-07-02,Dombivali - Reti Bunder,0,decreased,-233.07,-218.88944601633278
2026-07-02,Dombivali - Reti Bunder,0,flat,-44.929999999999986,-20.741617569648348
2026-07-02,Dombivali - Reti Bunder,0,increased,805.2700000000001,751.824791372321
2026-07-02,Dombivli West,0,decreased,-337.61999999999995,-323.95982081322376
2026-07-02,Dombivli West,0,flat,-143.60999999999987,-87.58520839644603
2026-07-02,Dombivli West,0,increased,5307.49,5224.4682957212735
2026-07-02,Evershine Nagar,0,decreased,-118.35999999999996,-75.73269611527093
2026-07-02,Evershine Nagar,0,flat,-56.76000000000004,-74.80562358579435
2026-07-02,Evershine Nagar,0,increased,2328.05,2309.4453786176614
2026-07-02,Fam Society - Koperkhairne,0,decreased,-403.3299999999999,-381.23355608878865
2026-07-02,Fam Society - Koperkhairne,0,flat,-185.66999999999996,-132.74391250512096
2026-07-02,Fam Society - Koperkhairne,0,increased,2291.67,2170.8254765414745
2026-07-02,Fursungi Pune,0,decreased,-125.34,-129.48000889987398
2026-07-02,Fursungi Pune,0,flat,4.470000000000056,-47.452194724216724
2026-07-02,Fursungi Pune,0,increased,823.0000000000001,858.5303279182917
2026-07-02,Ghansoli,0,decreased,49.56999999999999,-138.5545488986425
2026-07-02,Ghansoli,0,flat,-218.24999999999997,-197.94671258989774
2026-07-02,Ghansoli,0,increased,3257.9500000000003,3219.452533154882
2026-07-02,Ghatkopar East,0,decreased,-411.16999999999996,-390.58100559442204
2026-07-02,Ghatkopar East,0,flat,124.42000000000007,50.40027494108925
2026-07-02,Ghatkopar East,0,increased,2275.16,2237.669440872937
2026-07-02,Ghatkopar West,0,decreased,-219.04,-198.63025257355403
2026-07-02,Ghatkopar West,0,flat,227.6099999999999,279.6495252532151
2026-07-02,Ghatkopar West,0,increased,2612.31,2476.5714194957764
2026-07-02,Ghodapdeo - Byculla,0,decreased,-8.879999999999995,-8.815005590884425
2026-07-02,Ghodapdeo - Byculla,0,flat,-8.449999999999875,125.21716722097298
2026-07-02,Ghodapdeo - Byculla,0,increased,1177.2,1170.4146782563062
2026-07-02,Global City Virar West,0,decreased,-146.57,-275.5843164086285
2026-07-02,Global City Virar West,0,flat,-171.12999999999997,155.23021549662215
2026-07-02,Global City Virar West,0,increased,796.3700000000001,752.0606096583635
2026-07-02,Goregaon,1,decreased,-369.7999999999999,-295.3843353151986
2026-07-02,Goregaon,1,flat,232.24000000000012,178.82282120059875
2026-07-02,Goregaon,1,increased,2687.02,2748.366337593864
2026-07-02,Goregaon West S.V. Road,1,decreased,-130.17999999999995,-149.72496927979864
2026-07-02,Goregaon West S.V. Road,1,flat,-143.01999999999987,3.0683981704888623
2026-07-02,Goregaon West S.V. Road,1,increased,2035.8300000000002,1937.5005560888262
2026-07-02,Govandi,0,decreased,-151.15000000000003,-203.8310902534222
2026-07-02,Govandi,0,flat,-96.34,130.8134933690282
2026-07-02,Govandi,0,increased,2671.66,2685.690293284383
2026-07-02,Gujrat Colony Kothrud,0,decreased,-73.82000000000001,-83.62099393887763
2026-07-02,Gujrat Colony Kothrud,0,flat,-355.4100000000002,-165.06195884367773
2026-07-02,Gujrat Colony Kothrud,0,increased,806.39,788.3748425694628
2026-07-02,Gulab Nagar Pune,0,decreased,-130.37,-127.36351665395134
2026-07-02,Gulab Nagar Pune,0,flat,-14.600000000000033,-5.56358212568227
2026-07-02,Gulab Nagar Pune,0,increased,1163.8,1143.768109701496
2026-07-02,Hari Om Nagar,0,decreased,-360.37,-321.5947188352071
2026-07-02,Hari Om Nagar,0,flat,-61.11999999999984,47.113077062727825
2026-07-02,Hari Om Nagar,0,increased,1818.7000000000003,1782.5924096793838
2026-07-02,Hiltron Ulhasnagar,0,decreased,-370.4299999999999,-374.0817258223104
2026-07-02,Hiltron Ulhasnagar,0,flat,49.65000000000014,102.546118107273
2026-07-02,Hiltron Ulhasnagar,0,increased,1127.21,1056.8287169036576
2026-07-02,Hiranandani Thane,0,decreased,-200.22999999999996,-178.2424554362138
2026-07-02,Hiranandani Thane,0,flat,-596.54,-788.3264848975031
2026-07-02,Hiranandani Thane,0,increased,2743.05,2705.761659724378
2026-07-02,IC Colony Borivali,0,decreased,-106.65999999999995,-115.17744498450755
2026-07-02,IC Colony Borivali,0,flat,-77.35000000000008,-449.4865519052404
2026-07-02,IC Colony Borivali,0,increased,3974.9399999999996,3621.2150609485866
2026-07-02,JB Nagar,0,decreased,-258.40999999999997,-201.52392119764602
2026-07-02,JB Nagar,0,flat,-267.5400000000002,-77.7146637975688
2026-07-02,JB Nagar,0,increased,4279.72,4256.557949238259
2026-07-02,JJ Hospital,0,decreased,-214.01,-183.0428612684869
2026-07-02,JJ Hospital,0,flat,-72.7599999999999,-84.2056663540246
2026-07-02,JJ Hospital,0,increased,4385.52,4463.4030603944375
2026-07-02,Jagruti Nagar Ghatkopar,0,decreased,-106.01,-108.99172357768894
2026-07-02,Jagruti Nagar Ghatkopar,0,flat,-84.26999999999992,-68.0466551914082
2026-07-02,Jagruti Nagar Ghatkopar,0,increased,1074.77,1051.3657828652986
2026-07-02,Jail Road Nashik,0,decreased,-130.17000000000002,-125.78560568293776
2026-07-02,Jail Road Nashik,0,flat,-127.28000000000004,-133.975271330752
2026-07-02,Jail Road Nashik,0,increased,1360.46,1127.3506297748345
2026-07-02,Jay VIjay Nagar Nalasopara East,0,decreased,-74.73999999999995,-50.074232679797234
2026-07-02,Jay VIjay Nagar Nalasopara East,0,flat,-79.6299999999999,50.952390736655815
2026-07-02,Jay VIjay Nagar Nalasopara East,0,increased,557.09,567.1542052762566
2026-07-02,Kalamboli,0,decreased,-317.73,-299.3711161619737
2026-07-02,Kalamboli,0,flat,110.57999999999979,29.271446687108245
2026-07-02,Kalamboli,0,increased,1150.94,1143.969248259513
2026-07-02,Kalher Bhiwandi,0,decreased,-205.26999999999992,-163.85690332698778
2026-07-02,Kalher Bhiwandi,0,flat,-39.06000000000008,19.483136044838464
2026-07-02,Kalher Bhiwandi,0,increased,2562.74,2435.502215015137
2026-07-02,Kalina,0,decreased,-103.31999999999996,-100.93659888329978
2026-07-02,Kalina,0,flat,-164.91999999999985,-73.45408608748241
2026-07-02,Kalina,0,increased,1418.5000000000002,2912.1122833889353
2026-07-02,Kalwa,0,decreased,-203.69999999999996,-355.5423915239227
2026-07-02,Kalwa,0,flat,-146.1599999999999,-302.3285389113172
2026-07-02,Kalwa,0,increased,3675.96,3763.020347589413
2026-07-02,Kalyan,0,decreased,-1114.2099999999998,-569.7844616592648
2026-07-02,Kalyan,0,flat,-219.1100000000003,-111.64760580340558
2026-07-02,Kalyan,0,increased,1663.6100000000001,1532.7434673712012
2026-07-02,Kalyan - DB Chowk,0,decreased,-279.99000000000007,-277.4228539601158
2026-07-02,Kalyan - DB Chowk,0,flat,-48.42,-33.70820570446509
2026-07-02,Kalyan - DB Chowk,0,increased,1123.3300000000002,1118.4945232802706
2026-07-02,Kalyan East-Tisgaon Naka,0,decreased,-389.6600000000001,-259.6151236288814
2026-07-02,Kalyan East-Tisgaon Naka,0,flat,-32.37000000000007,13.192599798683172
2026-07-02,Kalyan East-Tisgaon Naka,0,increased,1242.42,1246.4716249266996
2026-07-02,Kalyan West Club Road,0,decreased,-180.85999999999999,-173.94621992861045
2026-07-02,Kalyan West Club Road,0,flat,-106.85,-256.624826391806
2026-07-02,Kalyan West Club Road,0,increased,1908.26,1977.5900538112512
2026-07-02,Kamotha,0,decreased,-247.52999999999994,-276.0056833012074
2026-07-02,Kamotha,0,flat,-234.37999999999997,62.19254134890504
2026-07-02,Kamotha,0,increased,3618.3300000000004,3815.1989357662706
2026-07-02,Kamothe - Sector 36,0,decreased,-106.45999999999991,-169.8234229510052
2026-07-02,Kamothe - Sector 36,0,flat,-14.369999999999969,-56.51347076581471
2026-07-02,Kamothe - Sector 36,0,increased,2429.8399999999997,2457.8575340908938
2026-07-02,Kandivali East,0,decreased,-101.32999999999997,-96.30227061487386
2026-07-02,Kandivali East,0,flat,67.49000000000018,-4.022933620069434
2026-07-02,Kandivali East,0,increased,2239.2999999999997,2115.777308559986
2026-07-02,Kandivali West,0,decreased,-54.56,-30.40839041366914
2026-07-02,Kandivali West,0,flat,-129.54000000000005,12.274030384037836
2026-07-02,Kandivali West,0,increased,1055.9299999999998,1036.4456090207311
2026-07-02,Kasarvadavali Thane,0,decreased,-336.53999999999996,-329.3733730048106
2026-07-02,Kasarvadavali Thane,0,flat,-182.36999999999983,-180.3632474339675
2026-07-02,Kasarvadavali Thane,0,increased,1594.4,1344.2366024046612
2026-07-02,Katrap Badlapur East,0,decreased,-158.85999999999993,-151.08820125803805
2026-07-02,Katrap Badlapur East,0,flat,860.63,-479.3347436612723
2026-07-02,Katrap Badlapur East,0,increased,444.5200000000001,405.97072082055337
2026-07-02,Khadki Pune,0,decreased,-190.06999999999974,-154.88885883305744
2026-07-02,Khadki Pune,0,flat,-24.530000000000072,-103.93698051399666
2026-07-02,Khadki Pune,0,increased,863.4900000000001,812.5667712106373
2026-07-02,Khanda Colony,1,decreased,-144.47,-117.85451142378157
2026-07-02,Khanda Colony,1,flat,163.0799999999998,-39.42326530831172
2026-07-02,Khanda Colony,1,increased,1939.4299999999998,1924.8323331231231
2026-07-02,Khar West,1,decreased,-136.82999999999998,-127.22512641382225
2026-07-02,Khar West,1,flat,-100.94000000000003,-42.25898906346026
2026-07-02,Khar West,1,increased,1738.6900000000003,1846.18908355186
2026-07-02,Kharghar,0,decreased,-174.17999999999998,-239.26131688381165
2026-07-02,Kharghar,0,flat,-292.9000000000004,-82.64613559421299
2026-07-02,Kharghar,0,increased,3775.82,3702.013200963683
2026-07-02,Kharghar Sector 12,0,decreased,-130.82,-129.9507889719306
2026-07-02,Kharghar Sector 12,0,flat,-177.41000000000014,-274.6098353246573
2026-07-02,Kharghar Sector 12,0,increased,1267.7800000000002,1270.25543907616
2026-07-02,Khopat,0,decreased,-353.58000000000004,-274.3249440177054
2026-07-02,Khopat,0,flat,183.8800000000003,21.52974155221817
2026-07-02,Khopat,0,increased,3038.39,3119.7285278941376
2026-07-02,Khutwad Nagar Nashik,0,decreased,-8.439999999999998,-6.2121819947560155
2026-07-02,Khutwad Nagar Nashik,0,flat,25.879999999999967,-1.720422827007667
2026-07-02,Khutwad Nagar Nashik,0,increased,279.39,279.6792063775581
2026-07-02,Kolsheth,0,decreased,-310.3199999999999,-301.2954582309326
2026-07-02,Kolsheth,0,flat,-353.0300000000008,-69.36026634993118
2026-07-02,Kolsheth,0,increased,4335.7300000000005,4401.392466929654
2026-07-02,Kopar Khairane,0,decreased,-368.46999999999997,-358.5249775073997
2026-07-02,Kopar Khairane,0,flat,-271.50000000000017,-445.28547775205254
2026-07-02,Kopar Khairane,0,increased,3109.1200000000003,3054.149360677709
2026-07-02,Kopari Thane,0,decreased,-284.65999999999974,-388.74401025681345
2026-07-02,Kopari Thane,0,flat,-1012.0600000000001,-1029.8679350360665
2026-07-02,Kopari Thane,0,increased,1288.4800000000002,1635.685321269387
2026-07-02,Koper Khairane - Sector 7,0,decreased,-74.09999999999998,-69.59204271807488
2026-07-02,Koper Khairane - Sector 7,0,flat,-108.13999999999997,19.389862762121986
2026-07-02,Koper Khairane - Sector 7,0,increased,1865.96,1761.6311024878319
2026-07-02,Kulgaon Badlapur West,0,decreased,-225.5099999999999,-155.78768808858206
2026-07-02,Kulgaon Badlapur West,0,flat,-72.76000000000005,-122.96300512254854
2026-07-02,Kulgaon Badlapur West,0,increased,2378.73,2183.291135527551
2026-07-02,Kurla,0,decreased,-101.54,-68.48101395034068
2026-07-02,Kurla,0,flat,46.83999999999988,-9.369772725699633
2026-07-02,Kurla,0,increased,2048.2599999999998,2051.9580469373136
2026-07-02,Kurla West,0,decreased,-321.69,-306.93296501584365
2026-07-02,Kurla West,0,flat,-230.09000000000015,37.05121951229354
2026-07-02,Kurla West,0,increased,2551.14,2686.7485445950038
2026-07-02,Lower Parel - SJ Marg,0,decreased,-55.97000000000003,-55.88662992177916
2026-07-02,Lower Parel - SJ Marg,0,flat,62.34999999999997,110.41560179460927
2026-07-02,Lower Parel - SJ Marg,0,increased,381.83,376.57917328697124
2026-07-02,Mahakali,0,decreased,-222.73999999999998,-258.3213377472921
2026-07-02,Mahakali,0,flat,-141.79000000000013,21.054801603048052
2026-07-02,Mahakali,0,increased,3039.79,2981.6260218298494
2026-07-02,Mahavir Pride Dombivali,0,decreased,-72.22000000000001,-59.11140522284515
2026-07-02,Mahavir Pride Dombivali,0,flat,49.449999999999946,-276.07705026624296
2026-07-02,Mahavir Pride Dombivali,0,increased,1754.48,1782.0651763971773
2026-07-02,Mahim West,0,decreased,-237.64,-224.19142196256672
2026-07-02,Mahim West,0,flat,-87.34999999999991,4.839442008939784
2026-07-02,Mahim West,0,increased,1774.68,1749.9762798619354
2026-07-02,Malad,0,decreased,-49.95999999999998,-37.14624951637098
2026-07-02,Malad,0,flat,-59.34999999999949,3.793874923506266
2026-07-02,Malad,0,increased,2505.94,2627.8632666524186
2026-07-02,Malad Liberty Garden,0,decreased,-188.07999999999996,-204.92972582713514
2026-07-02,Malad Liberty Garden,0,flat,374.74,82.46484694192637
2026-07-02,Malad Liberty Garden,0,increased,1860.1299999999999,1859.088166881168
2026-07-02,Malwani,0,decreased,-114.89999999999999,-128.48002060670206
2026-07-02,Malwani,0,flat,18.060000000000045,-301.78178832353836
2026-07-02,Malwani,0,increased,2264.9799999999996,2227.2323083136316
2026-07-02,Marol,0,decreased,-116.31000000000003,-121.14122654400376
2026-07-02,Marol,0,flat,-207.06999999999988,-183.132516630379
2026-07-02,Marol,0,increased,2530.3900000000003,2600.1163635733096
2026-07-02,Mharal Ulhasnagar,0,decreased,-90.77000000000014,-28.807267589720244
2026-07-02,Mharal Ulhasnagar,0,flat,-27.350000000000083,7.484864994848438
2026-07-02,Mharal Ulhasnagar,0,increased,1220.1399999999999,1096.8719919977912
2026-07-02,Mhasrul Nashik,0,decreased,-21.489999999999952,-27.280684728915812
2026-07-02,Mhasrul Nashik,0,flat,-82.36999999999998,-122.25539666312804
2026-07-02,Mhasrul Nashik,0,increased,857.12,795.3924131925928
2026-07-02,Mira Road,0,decreased,-236.59,-204.00232008628316
2026-07-02,Mira Road,0,flat,2.9299999999999855,-29.004708065256082
2026-07-02,Mira Road,0,increased,1464.97,1382.2568030478083
2026-07-02,Mira Road - GCC Club Road,0,decreased,-73.59000000000003,-73.60914156171289
2026-07-02,Mira Road - GCC Club Road,0,flat,-494.94,-516.0164550369975
2026-07-02,Mira Road - GCC Club Road,0,increased,307.36,244.58140126276754
2026-07-02,Mira Road Jangid Complex,0,decreased,-83.07000000000001,-77.77905371848594
2026-07-02,Mira Road Jangid Complex,0,flat,-79.23000000000012,-105.94304855796808
2026-07-02,Mira Road Jangid Complex,0,increased,1975.1000000000001,1793.0260798549077
2026-07-02,Mohan Nagar Kandivali,0,decreased,-86.88000000000001,-68.57945470983483
2026-07-02,Mohan Nagar Kandivali,0,flat,68.77000000000001,-101.69083313978174
2026-07-02,Mohan Nagar Kandivali,0,increased,1281.72,1215.7475532594449
2026-07-02,Mulund East,0,decreased,-124.79999999999997,-129.9530673708083
2026-07-02,Mulund East,0,flat,-172.07,-78.59661474517685
2026-07-02,Mulund East,0,increased,4754.35,4721.105243346335
2026-07-02,Mulund Panch Rasta,0,decreased,-141.63000000000002,-128.3012394291606
2026-07-02,Mulund Panch Rasta,0,flat,-153.68999999999994,-25.254773704584846
2026-07-02,Mulund Panch Rasta,0,increased,1318.18,1330.4876667643352
2026-07-02,Mulund West,0,decreased,-322.28,-357.62335866835355
2026-07-02,Mulund West,0,flat,-63.86999999999996,3.461813721179203
2026-07-02,Mulund West,0,increased,3661.9500000000003,3536.1755344956646
2026-07-02,Mulund West-Sarvodaya Nagar,0,decreased,-75.36999999999998,-57.84836430418908
2026-07-02,Mulund West-Sarvodaya Nagar,0,flat,-213.52999999999992,-95.32787579502013
2026-07-02,Mulund West-Sarvodaya Nagar,0,increased,2374.3399999999997,2302.136936776553
2026-07-02,Mundhwa Pune,0,decreased,-25.49999999999997,-25.199288032666747
2026-07-02,Mundhwa Pune,0,flat,-188.33999999999992,23.461624835999746
2026-07-02,Mundhwa Pune,0,increased,576.23,545.2160593368088
2026-07-02,NIBM Kondwa,0,decreased,-169.01999999999995,-99.31624425248825
2026-07-02,NIBM Kondwa,0,flat,-164.29000000000013,-112.04982303071812
2026-07-02,NIBM Kondwa,0,increased,2401.31,2423.218953161661
2026-07-02,Nahur West,0,decreased,-359.53,-323.0794146982881
2026-07-02,Nahur West,0,flat,-257.41999999999985,-32.979742839006
2026-07-02,Nahur West,0,increased,2686.71,2662.806943190104
2026-07-02,Nalasopara - Yashwant Nagar,0,decreased,-38.67999999999999,-24.9032521169391
2026-07-02,Nalasopara - Yashwant Nagar,0,flat,24.399999999999956,55.16721872877707
2026-07-02,Nalasopara - Yashwant Nagar,0,increased,556.88,384.1188898299855
2026-07-02,Nalasopara West,0,decreased,-84.81,-71.42461896943591
2026-07-02,Nalasopara West,0,flat,-266.1600000000003,124.70672021220152
2026-07-02,Nalasopara West,0,increased,1023.8499999999999,924.2699174379125
2026-07-02,Narhe Pune,0,decreased,-18.639999999999993,-18.635147984351086
2026-07-02,Narhe Pune,0,flat,-5.900000000000006,12.054036008226994
2026-07-02,Narhe Pune,0,increased,481.2,473.68077440755064
2026-07-02,Naupada,0,decreased,-169.24999999999994,-165.02038969950632
2026-07-02,Naupada,0,flat,-91.6100000000001,-230.67332347864442
2026-07-02,Naupada,0,increased,3770.2900000000004,3681.041238113557
2026-07-02,Navare Nagar Ambernath,0,decreased,-388.77000000000004,-58.62149493399177
2026-07-02,Navare Nagar Ambernath,0,flat,53.66999999999999,-59.27325938916748
2026-07-02,Navare Nagar Ambernath,0,increased,1045.46,1040.5509218637158
2026-07-02,Navi Peth Pune,0,decreased,-238.35999999999996,-237.7340521192977
2026-07-02,Navi Peth Pune,0,flat,-128.54999999999987,-262.9820749555789
2026-07-02,Navi Peth Pune,0,increased,1015.83,979.8206593507451
2026-07-02,Navjeevan Mumbai Central,0,decreased,-223.87999999999994,-217.5070749886559
2026-07-02,Navjeevan Mumbai Central,0,flat,-461.83999999999975,1.2301474534593204
2026-07-02,Navjeevan Mumbai Central,0,increased,2050.79,2032.4311180152476
2026-07-02,Nerul East,0,decreased,-299.21000000000004,-256.4416800427085
2026-07-02,Nerul East,0,flat,169.30999999999995,-4.1337307201744835
2026-07-02,Nerul East,0,increased,1812.6200000000001,1799.1887847207977
2026-07-02,Nerul West,0,decreased,-125.01000000000002,-115.50019923678897
2026-07-02,Nerul West,0,flat,4.780000000000044,-466.9542738882722
2026-07-02,Nerul West,0,increased,1553.0400000000002,1528.445808575395
2026-07-02,New Panvel,0,decreased,-84.13999999999994,-53.15493863187739
2026-07-02,New Panvel,0,flat,-422.82000000000016,-321.4925396116832
2026-07-02,New Panvel,0,increased,2514.73,2502.43259212214
2026-07-02,Old Panvel,0,decreased,-141.4300000000001,-116.29023344084703
2026-07-02,Old Panvel,0,flat,144.0500000000002,75.71143271462675
2026-07-02,Old Panvel,0,increased,1698.32,1578.4126631658805
2026-07-02,Palegaon Ambernath,0,decreased,-86.93999999999998,-73.07816912424654
2026-07-02,Palegaon Ambernath,0,flat,-38.54000000000006,45.46239829713775
2026-07-02,Palegaon Ambernath,0,increased,630.7,621.4611283552376
2026-07-02,Panchpakhadi,0,decreased,-122.82999999999997,-134.25258273976183
2026-07-02,Panchpakhadi,0,flat,-170.35000000000002,-259.2426212245529
2026-07-02,Panchpakhadi,0,increased,2183.3999999999996,2258.306159035213
2026-07-02,Pantnagar,0,decreased,-167.68999999999997,-167.16220056611368
2026-07-02,Pantnagar,0,flat,-28.84999999999997,8.425421504168826
2026-07-02,Pantnagar,0,increased,1669.0800000000004,1737.918210459662
2026-07-02,Panvel - Uran Naka,0,decreased,-237.53999999999994,-177.1723227440096
2026-07-02,Panvel - Uran Naka,0,flat,2.860000000000003,144.46227102741057
2026-07-02,Panvel - Uran Naka,0,increased,1324.72,1302.7774986349696
2026-07-02,Phadke Road - Dombivali,0,decreased,-102.97999999999998,-81.69364686146388
2026-07-02,Phadke Road - Dombivali,0,flat,-71.67999999999998,-214.3642733420534
2026-07-02,Phadke Road - Dombivali,0,increased,2375.07,2352.88155682331
2026-07-02,Pimple Gurav,0,decreased,-217.93,-200.25142535372262
2026-07-02,Pimple Gurav,0,flat,-58.63000000000005,48.55193071005418
2026-07-02,Pimple Gurav,0,increased,978.53,989.3600753526208
2026-07-02,Prabhadevi,0,decreased,-218.31,-194.0842712633146
2026-07-02,Prabhadevi,0,flat,-22.39000000000002,-173.2525102174761
2026-07-02,Prabhadevi,0,increased,2553.05,2525.039389238136
2026-07-02,Pragati Nagar Nalasopara East,0,decreased,-220.48000000000002,-128.65364932383065
2026-07-02,Pragati Nagar Nalasopara East,0,flat,-42.58999999999995,-178.0686244371568
2026-07-02,Pragati Nagar Nalasopara East,0,increased,527.5799999999999,569.1450296678616
2026-07-02,Rajawadi,0,decreased,-91.83000000000001,-90.49799807992831
2026-07-02,Rajawadi,0,flat,163.8399999999999,19.800009734334672
2026-07-02,Rajawadi,0,increased,2308.51,2349.5678242956283
2026-07-02,Roadpali Kalamboli,0,decreased,-380.94999999999993,-362.77293417472197
2026-07-02,Roadpali Kalamboli,0,flat,17.650000000000155,41.81808480593629
2026-07-02,Roadpali Kalamboli,0,increased,1206.16,1216.080152667169
2026-07-02,Rupee Nagar Pune,0,decreased,-36.229999999999976,-70.02539233465924
2026-07-02,Rupee Nagar Pune,0,flat,-1076.8999999999994,-170.05363097852356
2026-07-02,Rupee Nagar Pune,0,increased,170.78,175.18513223148173
2026-07-02,Saibaba Nagar,0,decreased,-131.38000000000002,-131.30530155958664
2026-07-02,Saibaba Nagar,0,flat,-503.03000000000026,-417.0302918900152
2026-07-02,Saibaba Nagar,0,increased,2299.53,2300.2455980636196
2026-07-02,Sakinaka - Pipeline Road,0,decreased,-348.22999999999996,-373.5153141359252
2026-07-02,Sakinaka - Pipeline Road,0,flat,33.910000000000025,109.30784480659403
2026-07-02,Sakinaka - Pipeline Road,0,increased,520.27,480.7919781416051
2026-07-02,Sanpada,1,decreased,-280.88999999999993,-236.6718905006533
2026-07-02,Sanpada,1,flat,-337.69000000000017,-472.051656845416
2026-07-02,Sanpada,1,increased,3804.44,3491.9114168377205
2026-07-02,Santa Cruz SV Road,0,decreased,-171.04999999999995,-123.22464586069775
2026-07-02,Santa Cruz SV Road,0,flat,-44.83999999999996,-204.6861786164771
2026-07-02,Santa Cruz SV Road,0,increased,1462.62,1381.228595185999
2026-07-02,"Santoshi Mata Road, Kalyan West",0,decreased,-49.979999999999954,-82.45344034112293
2026-07-02,"Santoshi Mata Road, Kalyan West",0,flat,-114.22999999999988,-28.978860441853655
2026-07-02,"Santoshi Mata Road, Kalyan West",0,increased,1960.0,1956.9554705973515
2026-07-02,Sasane Nagar Pune,1,decreased,-87.72000000000001,-103.94444966554937
2026-07-02,Sasane Nagar Pune,1,flat,-146.67999999999992,-323.4653949362721
2026-07-02,Sasane Nagar Pune,1,increased,921.51,971.7749815521705
2026-07-02,Seawoods,0,decreased,-474.2,-481.93357132895113
2026-07-02,Seawoods,0,flat,-440.1099999999999,-179.00960727833296
2026-07-02,Seawoods,0,increased,2947.0400000000004,2967.0951224588553
2026-07-02,Sector 3 - New Panvel,0,decreased,-250.19,-216.27284672710132
2026-07-02,Sector 3 - New Panvel,0,flat,-278.38,-433.1249939962538
2026-07-02,Sector 3 - New Panvel,0,increased,1669.3,1581.9492720518697
2026-07-02,Shanti Nagar Mira Road,0,decreased,-191.89,-145.11761588401703
2026-07-02,Shanti Nagar Mira Road,0,flat,23.299999999999955,102.01936199109994
2026-07-02,Shanti Nagar Mira Road,0,increased,1213.5300000000002,1253.6571761312732
2026-07-02,Shirgaon Badlapur,0,decreased,-416.71999999999997,-556.7723236725335
2026-07-02,Shirgaon Badlapur,0,flat,-25.83999999999997,-187.36916410931113
2026-07-02,Shirgaon Badlapur,0,increased,1325.3700000000001,1298.9204456893397
2026-07-02,Shivaji Nagar Pune,0,decreased,-72.52999999999999,-71.34202391588168
2026-07-02,Shivaji Nagar Pune,0,flat,-95.14000000000004,-201.72985150683542
2026-07-02,Shivaji Nagar Pune,0,increased,933.5,941.3367545101428
2026-07-02,Shreenagar,0,decreased,-543.92,-2014.7395706034172
2026-07-02,Shreenagar,0,flat,-217.5299999999999,40.969708541668965
2026-07-02,Shreenagar,0,increased,3216.9,3108.126556604455
2026-07-02,Shriprastha Nalasopara West,0,decreased,-73.81,-79.96335123420714
2026-07-02,Shriprastha Nalasopara West,0,flat,98.44000000000003,59.830654532866745
2026-07-02,Shriprastha Nalasopara West,0,increased,541.12,575.3695524458556
2026-07-02,Sion Koliwada,0,decreased,-166.33999999999995,-159.3908052274496
2026-07-02,Sion Koliwada,0,flat,-54.830000000000084,-53.225680709990996
2026-07-02,Sion Koliwada,0,increased,2174.29,2118.1352591871214
2026-07-02,Thakur Complex,0,decreased,-146.7199999999999,-112.00995133162479
2026-07-02,Thakur Complex,0,flat,-207.94000000000017,-194.3271684680202
2026-07-02,Thakur Complex,0,increased,2343.1,2262.380854898252
2026-07-02,Thergaon,0,decreased,-75.3,-75.21027599689197
2026-07-02,Thergaon,0,flat,167.04,-44.222704411331335
2026-07-02,Thergaon,0,increased,839.8899999999999,767.1068158201927
2026-07-02,Tilak Road Pune,0,decreased,-82.47000000000003,-152.13796520061942
2026-07-02,Tilak Road Pune,0,flat,48.82000000000014,-233.14398495239493
2026-07-02,Tilak Road Pune,0,increased,1410.23,1398.9838021322612
2026-07-02,Tilaknagar,0,decreased,-185.02,-201.57028625702753
2026-07-02,Tilaknagar,0,flat,-446.36000000000007,-418.9824649368889
2026-07-02,Tilaknagar,0,increased,2934.5400000000004,3104.5481797218854
2026-07-02,Titwala,0,decreased,-196.10000000000002,-126.17601580707289
2026-07-02,Titwala,0,flat,-276.9799999999998,-110.68856797826825
2026-07-02,Titwala,0,increased,1288.9099999999999,1236.7318577764881
2026-07-02,Trimurti Chowk Nashik,0,decreased,-2.990000000000009,-1.2391250000000014
2026-07-02,Trimurti Chowk Nashik,0,flat,-32.020000000000024,26.75894858689492
2026-07-02,Trimurti Chowk Nashik,0,increased,263.3699999999999,271.61115762359714
2026-07-02,Ulhas Nagar - Shahad,0,decreased,-308.26,-297.11520112974125
2026-07-02,Ulhas Nagar - Shahad,0,flat,-57.70999999999997,-128.9198054967376
2026-07-02,Ulhas Nagar - Shahad,0,increased,872.23,866.6006404704436
2026-07-02,Ulhas Nagar - Shreeram Chowk,0,decreased,-44.889999999999986,-40.42725285835935
2026-07-02,Ulhas Nagar - Shreeram Chowk,0,flat,-50.290000000000134,-39.79691340324486
2026-07-02,Ulhas Nagar - Shreeram Chowk,0,increased,558.23,468.98156549465637
2026-07-02,Ulhasnagar,0,decreased,-147.16,-184.8475265866514
2026-07-02,Ulhasnagar,0,flat,-196.64999999999984,-22.700443382534708
2026-07-02,Ulhasnagar,0,increased,2549.87,2558.449275471231
2026-07-02,Ulhasnagar - Humlog Circle,0,decreased,-402.19,-411.5911594381427
2026-07-02,Ulhasnagar - Humlog Circle,0,flat,-94.99999999999991,-36.63952149080721
2026-07-02,Ulhasnagar - Humlog Circle,0,increased,1198.89,1126.4353666350323
2026-07-02,Ulhasnagar - Khemani Chowk,0,decreased,-106.55000000000001,-110.96336472746876
2026-07-02,Ulhasnagar - Khemani Chowk,0,flat,-85.34,-55.15432986515997
2026-07-02,Ulhasnagar - Khemani Chowk,0,increased,680.8100000000001,686.442164320988
2026-07-02,Ulhasnagar Sector 4,0,decreased,-63.34000000000002,-68.49380992015487
2026-07-02,Ulhasnagar Sector 4,0,flat,-299.3200000000001,-306.16758716488874
2026-07-02,Ulhasnagar Sector 4,0,increased,1365.56,1343.1718265206641
2026-07-02,Ulwe-Navi Mumbai,0,decreased,-431.44000000000017,-61.28611209098289
2026-07-02,Ulwe-Navi Mumbai,0,flat,-92.11000000000001,-246.8063307649328
2026-07-02,Ulwe-Navi Mumbai,0,increased,2980.29,3015.9266762147395
2026-07-02,Vakola,0,decreased,-43.639999999999965,-36.75830435097942
2026-07-02,Vakola,0,flat,-8.659999999999954,196.10522819794687
2026-07-02,Vakola,0,increased,1613.02,1455.3147336649145
2026-07-02,Vasai West - Station Road,0,decreased,-76.13,-69.56995869483958
2026-07-02,Vasai West - Station Road,0,flat,-8.739999999999778,-301.90770614252193
2026-07-02,Vasai West - Station Road,0,increased,1157.04,1134.8225780564787
2026-07-02,Vashi,0,decreased,-150.35999999999996,-142.06012401021687
2026-07-02,Vashi,0,flat,-205.6599999999999,-267.58875905095033
2026-07-02,Vashi,0,increased,3155.9500000000003,3080.617708216096
2026-07-02,Vashi Sector 11,0,decreased,-123.07999999999996,-125.75970137808629
2026-07-02,Vashi Sector 11,0,flat,-230.8999999999999,-294.1995916992888
2026-07-02,Vashi Sector 11,0,increased,1429.8400000000001,1467.9130210814797
2026-07-02,Veenanagar,0,decreased,-120.48000000000002,-134.13832875388832
2026-07-02,Veenanagar,0,flat,-282.54,-81.93773263070157
2026-07-02,Veenanagar,0,increased,1827.49,1843.3647122705552
2026-07-02,Versova - Yari Road,0,decreased,-79.06999999999998,-91.61979984839724
2026-07-02,Versova - Yari Road,0,flat,-78.81999999999994,-55.99553322761196
2026-07-02,Versova - Yari Road,0,increased,1309.07,1325.858070402941
2026-07-02,Versova Andheri,0,decreased,-135.22999999999996,-111.10651612571095
2026-07-02,Versova Andheri,0,flat,434.19,219.062035412095
2026-07-02,Versova Andheri,0,increased,2856.9600000000005,2695.502508891058
2026-07-02,Vijay Nagari - Thane,0,decreased,-80.8599999999999,1.3003884542775452
2026-07-02,Vijay Nagari - Thane,0,flat,204.40999999999968,310.5996621798779
2026-07-02,Vijay Nagari - Thane,0,increased,3007.48,2836.158673723599
2026-07-02,Vikhroli,0,decreased,-132.97999999999996,-441.25208419802897
2026-07-02,Vikhroli,0,flat,-306.41000000000025,338.3930244145324
2026-07-02,Vikhroli,0,increased,4383.27,4155.539575754745
2026-07-02,Vikhroli Kannamwar,0,decreased,-453.4699999999999,-375.447849338466
2026-07-02,Vikhroli Kannamwar,0,flat,-29.539999999999903,-201.73270744979942
2026-07-02,Vikhroli Kannamwar,0,increased,2168.3,2013.5744900975162
2026-07-02,Vile Parle,0,decreased,-94.20999999999998,-91.82779097470072
2026-07-02,Vile Parle,0,flat,-162.89000000000004,-68.90654621569405
2026-07-02,Vile Parle,0,increased,778.0200000000001,730.2947447696147
2026-07-02,Virar East,0,decreased,-238.66000000000008,-184.74179643696124
2026-07-02,Virar East,0,flat,-217.29999999999995,-249.58310030212283
2026-07-02,Virar East,0,increased,1388.25,1387.35361192701
2026-07-02,Virar West,0,decreased,-37.859999999999985,-44.04677183164803
2026-07-02,Virar West,0,flat,44.37000000000015,-50.488378462819504
2026-07-02,Virar West,0,increased,2231.21,2283.6177611092558
2026-07-02,Wadgaon Budruk Pune,0,decreased,0.7700000000000102,12.426246467407871
2026-07-02,Wadgaon Budruk Pune,0,flat,-165.10999999999962,-40.735872886807776
2026-07-02,Wadgaon Budruk Pune,0,increased,989.6899999999999,926.2900906524985
2026-07-02,Wadgaon Sheri,0,decreased,-204.43,-207.87399935465254
2026-07-02,Wadgaon Sheri,0,flat,-92.01000000000002,-11.957286202346111
2026-07-02,Wadgaon Sheri,0,increased,950.14,922.0652516596008
2026-07-02,Wadgaon Sheri-Old Mundhwa Rd,0,decreased,-72.92999999999995,-22.27504588954445
2026-07-02,Wadgaon Sheri-Old Mundhwa Rd,0,flat,-176.84999999999997,-463.9486921333211
2026-07-02,Wadgaon Sheri-Old Mundhwa Rd,0,increased,1244.7599999999998,1138.2874333144853
2026-07-02,Wanawadi Pune,0,decreased,-103.41,-96.77242075784673
2026-07-02,Wanawadi Pune,0,flat,134.39999999999995,25.040514580656023
2026-07-02,Wanawadi Pune,0,increased,1024.24,1447.543009720723
2026-07-02,Warje Pune,0,decreased,-141.95999999999995,-119.6378609042623
2026-07-02,Warje Pune,0,flat,-200.29999999999998,-186.96548023106067
2026-07-02,Warje Pune,0,increased,627.72,635.6834491022519
2026-07-02,Wayale Nagar,0,decreased,-100.05999999999997,-78.83671295914885
2026-07-02,Wayale Nagar,0,flat,-317.06999999999977,54.9744649370721
2026-07-02,Wayale Nagar,0,increased,1858.34,1780.8426059201938
2026-07-02,Yashodhan,0,decreased,-326.75000000000006,-324.4173207724349
2026-07-02,Yashodhan,0,flat,-299.90999999999974,-206.8954227806855
2026-07-02,Yashodhan,0,increased,4171.37,4147.061953864753
2026-07-02,Yogi Nagar,0,decreased,-338.93,-332.4685468995653
2026-07-02,Yogi Nagar,0,flat,-22.249999999999908,-96.0900708421629
2026-07-02,Yogi Nagar,0,increased,1730.52,1739.8044130605583
2026-07-02,Yogidham Kalyan,0,decreased,-85.06999999999995,-68.75377232224346
2026-07-02,Yogidham Kalyan,0,flat,287.0799999999999,-413.47634236377246
2026-07-02,Yogidham Kalyan,0,increased,1533.3700000000001,1518.8584361756266
2026-07-03,7 Rasta Byculla,0,decreased,-373.74999999999994,-365.1393133977936
2026-07-03,7 Rasta Byculla,0,flat,-220.2000000000002,-75.04705099069926
2026-07-03,7 Rasta Byculla,0,increased,1489.2699999999998,1477.9769448084583
2026-07-03,Airoli,0,decreased,-113.13000000000002,-59.490702705290786
2026-07-03,Airoli,0,flat,-58.100000000000044,-236.44441879121942
2026-07-03,Airoli,0,increased,3416.06,3637.26163548091
2026-07-03,Airoli Sector - 3,0,decreased,-142.06999999999996,-154.5121730845267
2026-07-03,Airoli Sector - 3,0,flat,-353.87000000000023,8.944877773562332
2026-07-03,Airoli Sector - 3,0,increased,968.0500000000002,966.4479777552394
2026-07-03,Ambegaon Pune,0,decreased,-32.50999999999999,-25.91837736565241
2026-07-03,Ambegaon Pune,0,flat,22.910000000000046,104.04975239976932
2026-07-03,Ambegaon Pune,0,increased,850.2700000000001,815.712433118259
2026-07-03,Ambernath East,0,decreased,-161.8,-36.85433719981077
2026-07-03,Ambernath East,0,flat,-136.51,-166.5288280543824
2026-07-03,Ambernath East,0,increased,1707.0700000000002,1753.1585234355898
2026-07-03,Ambernath West,0,decreased,-238.84999999999997,-206.65429415258166
2026-07-03,Ambernath West,0,flat,-97.76999999999994,182.6781316495788
2026-07-03,Ambernath West,0,increased,1054.03,975.0465028851833
2026-07-03,Ashokvan Dahisar,0,decreased,-105.09999999999998,-100.41348597705533
2026-07-03,Ashokvan Dahisar,0,flat,-123.57999999999984,-389.47078869208843
2026-07-03,Ashokvan Dahisar,0,increased,1719.1200000000001,1658.7412007973758
2026-07-03,Badlapur - Belavali,0,decreased,-59.43999999999998,-48.72615362976835
2026-07-03,Badlapur - Belavali,0,flat,-23.439999999999987,40.1456111654131
2026-07-03,Badlapur - Belavali,0,increased,781.58,776.4481439070421
2026-07-03,Badlapur East,0,decreased,-203.20000000000005,-165.6236332044959
2026-07-03,Badlapur East,0,flat,2531.67,-940.1171867668428
2026-07-03,Badlapur East,0,increased,1410.3899999999999,1488.2900464859717
2026-07-03,Bandra,1,decreased,-198.13999999999993,-209.34883840090748
2026-07-03,Bandra,1,flat,46.77999999999996,-69.18538553725908
2026-07-03,Bandra,1,increased,3413.17,3356.0415379664278
2026-07-03,Bhandup West,0,decreased,-253.34,-206.08864228272384
2026-07-03,Bhandup West,0,flat,52.66999999999993,-110.56676231742168
2026-07-03,Bhandup West,0,increased,2984.0800000000004,2960.02180324706
2026-07-03,Bhayandar,0,decreased,-631.72,-610.1348408372943
2026-07-03,Bhayandar,0,flat,39.03000000000007,-173.61242258006405
2026-07-03,Bhayandar,0,increased,2271.4900000000002,2043.520413101021
2026-07-03,Bhayander 60 Feet Road,0,decreased,-40.35,-57.364415380035254
2026-07-03,Bhayander 60 Feet Road,0,flat,94.99999999999991,-187.60579159068917
2026-07-03,Bhayander 60 Feet Road,0,increased,547.5900000000001,513.0253072971727
2026-07-03,Bhekrainagar Pune,0,decreased,-13.169999999999995,-25.816982580382906
2026-07-03,Bhekrainagar Pune,0,flat,-24.439999999999984,23.343141865886885
2026-07-03,Bhekrainagar Pune,0,increased,421.13,398.1241190962659
2026-07-03,Bhiwandi - Shivaji Chowk,0,decreased,-140.79,-145.7433334256154
2026-07-03,Bhiwandi - Shivaji Chowk,0,flat,-135.81,-10.009940149919831
2026-07-03,Bhiwandi - Shivaji Chowk,0,increased,333.22,303.1000200351538
2026-07-03,Bhiwandi Dhamankar Naka,1,decreased,-193.81999999999996,-160.38082138400873
2026-07-03,Bhiwandi Dhamankar Naka,1,flat,15.440000000000076,-37.9243238578444
2026-07-03,Bhiwandi Dhamankar Naka,1,increased,1873.6000000000001,1844.978867389554
2026-07-03,Bibwewadi Pune,0,decreased,-9.649999999999991,-11.288200615930005
2026-07-03,Bibwewadi Pune,0,flat,-1461.6399999999987,-1559.3751935754874
2026-07-03,Bibwewadi Pune,0,increased,1632.46,1640.813754127356
2026-07-03,Bytco Point Nashik,0,decreased,-67.87000000000002,-59.36502517197855
2026-07-03,Bytco Point Nashik,0,flat,8.669999999999987,-182.43989368576538
2026-07-03,Bytco Point Nashik,0,increased,1028.8700000000001,1048.9483571126777
2026-07-03,CST Bora Bazaar,0,decreased,-300.91999999999996,-302.884059662146
2026-07-03,CST Bora Bazaar,0,flat,-77.87999999999997,-163.2990946492955
2026-07-03,CST Bora Bazaar,0,increased,859.5800000000002,771.6786039382157
2026-07-03,Chandivali,0,decreased,-138.51999999999998,-68.19870925411539
2026-07-03,Chandivali,0,flat,-35.75999999999999,-44.54595374774551
2026-07-03,Chandivali,0,increased,1193.78,1185.6260485673336
2026-07-03,Charkop,0,decreased,-115.89,-90.68785009356755
2026-07-03,Charkop,0,flat,117.81999999999981,54.03290302583469
2026-07-03,Charkop,0,increased,2079.82,2065.322891959993
2026-07-03,Chembur,0,decreased,-266.74,-288.94077438959016
2026-07-03,Chembur,0,flat,17.419999999999938,-26.360230995438474
2026-07-03,Chembur,0,increased,3521.53,3521.1988537390175
2026-07-03,Chinchwad,1,decreased,-81.89,-140.25611408031534
2026-07-03,Chinchwad,1,flat,-762.3100000000001,-734.9841067820555
2026-07-03,Chinchwad,1,increased,940.2900000000001,918.3662837851322
2026-07-03,Chinchwad - Gandhi Peth,1,decreased,-15.069999999999993,-31.921867778753494
2026-07-03,Chinchwad - Gandhi Peth,1,flat,-43.91,24.295672830327568
2026-07-03,Chinchwad - Gandhi Peth,1,increased,97.75999999999983,32.466402476260136
2026-07-03,Cidco Nashik,0,decreased,-94.22999999999995,-102.00745471271432
2026-07-03,Cidco Nashik,0,flat,13.529999999999902,-21.814773947704555
2026-07-03,Cidco Nashik,0,increased,206.85000000000002,213.17572715789137
2026-07-03,Colaba,1,decreased,-47.410000000000004,-38.05998907031632
2026-07-03,Colaba,1,flat,-7.640000000000006,-53.97685983455142
2026-07-03,Colaba,1,increased,685.6700000000001,701.3657630699656
2026-07-03,Dadar East,0,decreased,-75.46999999999997,-56.8797397297732
2026-07-03,Dadar East,0,flat,60.61000000000004,-65.80298321599942
2026-07-03,Dadar East,0,increased,1193.8999999999999,1112.268202396516
2026-07-03,Dahisar,0,decreased,-248.0,-250.17040151693948
2026-07-03,Dahisar,0,flat,-4461.640000000001,-5469.154293020123
2026-07-03,Dahisar,0,increased,2962.7000000000003,2998.4877374516623
2026-07-03,Dattnagar,0,decreased,-276.5,-260.05794212954095
2026-07-03,Dattnagar,0,flat,-40.68999999999998,-66.23462915001512
2026-07-03,Dattnagar,0,increased,649.22,659.666673511148
2026-07-03,Dhanakwadi,0,decreased,-97.82000000000001,-98.86917294377218
2026-07-03,Dhanakwadi,0,flat,-1054.0199999999993,-1301.1677602279697
2026-07-03,Dhanakwadi,0,increased,1071.67,1031.0155574966748
2026-07-03,Dhanori Pune,0,decreased,-123.11000000000004,-106.50790159547671
2026-07-03,Dhanori Pune,0,flat,-6.990000000000073,-174.0484796837857
2026-07-03,Dhanori Pune,0,increased,1681.54,1535.0235180294642
2026-07-03,Dhayari Pune,0,decreased,-24.780000000000012,-29.24678023629536
2026-07-03,Dhayari Pune,0,flat,117.28999999999982,65.03716310402288
2026-07-03,Dhayari Pune,0,increased,704.3,684.5182914854192
2026-07-03,Dighi Pune,1,flat,-34.69,205.33777015495974
2026-07-03,Dighi Pune,1,increased,246.02000000000004,242.8892559433617
2026-07-03,Dombivali,0,decreased,-183.30999999999995,-178.45457469172527
2026-07-03,Dombivali,0,flat,122.46000000000014,114.93578934341318
2026-07-03,Dombivali,0,increased,1735.74,1764.4949723000045
2026-07-03,Dombivali - Navpada,0,decreased,-255.24999999999997,-252.74420465351815
2026-07-03,Dombivali - Navpada,0,flat,-102.63999999999999,-99.71409555256278
2026-07-03,Dombivali - Navpada,0,increased,1062.82,987.5137257314708
2026-07-03,Dombivali - Reti Bunder,0,decreased,-323.06,-341.8570692090319
2026-07-03,Dombivali - Reti Bunder,0,flat,-74.65000000000008,-17.055361040492855
2026-07-03,Dombivali - Reti Bunder,0,increased,745.1899999999999,668.4501999739889
2026-07-03,Dombivli West,0,decreased,-368.81999999999994,-310.084025652244
2026-07-03,Dombivli West,0,flat,-89.29999999999995,32.68159420983283
2026-07-03,Dombivli West,0,increased,3163.6600000000003,2987.5535719950435
2026-07-03,Evershine Nagar,0,decreased,-145.11,-157.44996038302864
2026-07-03,Evershine Nagar,0,flat,-22.590000000000032,-113.29863167656382
2026-07-03,Evershine Nagar,0,increased,2209.19,2166.8635340640035
2026-07-03,Fam Society - Koperkhairne,0,decreased,-411.49999999999994,-438.9902881621885
2026-07-03,Fam Society - Koperkhairne,0,flat,-8.259999999999952,-75.39042311806197
2026-07-03,Fam Society - Koperkhairne,0,increased,2581.17,2538.7423041871434
2026-07-03,Fursungi Pune,0,decreased,-31.610000000000007,-34.45070052671856
2026-07-03,Fursungi Pune,0,flat,98.77999999999997,-27.234405746690207
2026-07-03,Fursungi Pune,0,increased,620.2299999999999,643.3484604544892
2026-07-03,Ghansoli,0,decreased,-444.92999999999995,-472.83673190220577
2026-07-03,Ghansoli,0,flat,212.42000000000002,-32.25789770467962
2026-07-03,Ghansoli,0,increased,3101.76,2926.962365351045
2026-07-03,Ghatkopar East,0,decreased,-156.78999999999994,-150.65394181056973
2026-07-03,Ghatkopar East,0,flat,-235.36999999999978,-309.3679714698916
2026-07-03,Ghatkopar East,0,increased,1326.77,1243.7596875263969
2026-07-03,Ghatkopar West,0,decreased,-353.9,-203.75709651063588
2026-07-03,Ghatkopar West,0,flat,42.51999999999986,87.16303717402303
2026-07-03,Ghatkopar West,0,increased,1785.75,1692.8371716301453
2026-07-03,Ghodapdeo - Byculla,0,decreased,-386.13999999999993,-385.25072595680484
2026-07-03,Ghodapdeo - Byculla,0,flat,-266.7100000000001,5.939217180261203
2026-07-03,Ghodapdeo - Byculla,0,increased,1054.66,1146.4263489991579
2026-07-03,Global City Virar West,0,decreased,-363.52,-335.8768811593431
2026-07-03,Global City Virar West,0,flat,-52.59000000000001,-100.81291523057723
2026-07-03,Global City Virar West,0,increased,800.45,753.4287157500926
2026-07-03,Goregaon,1,decreased,-307.55999999999995,-385.2323055010437
2026-07-03,Goregaon,1,flat,999.0799999999999,-2037.0746439745337
2026-07-03,Goregaon,1,increased,2675.42,2658.7926895915593
2026-07-03,Goregaon West S.V. Road,1,decreased,-377.64000000000004,-418.5108777285369
2026-07-03,Goregaon West S.V. Road,1,flat,-455.95000000000044,-390.3796511144068
2026-07-03,Goregaon West S.V. Road,1,increased,1921.02,1786.2143076231544
2026-07-03,Govandi,0,decreased,-336.06999999999994,-317.78507464410313
2026-07-03,Govandi,0,flat,-52.41000000000001,-7.79225623443663
2026-07-03,Govandi,0,increased,2148.64,2188.491339720215
2026-07-03,Gujrat Colony Kothrud,0,decreased,-53.94,-53.88805578739366
2026-07-03,Gujrat Colony Kothrud,0,flat,-75.89000000000006,-82.98275714432135
2026-07-03,Gujrat Colony Kothrud,0,increased,357.16999999999996,332.24505243646115
2026-07-03,Gulab Nagar Pune,0,decreased,-122.61000000000003,-35.5346908787575
2026-07-03,Gulab Nagar Pune,0,flat,80.22000000000003,-20.205858721146974
2026-07-03,Gulab Nagar Pune,0,increased,463.09,454.42540782453267
2026-07-03,Hari Om Nagar,0,decreased,-179.97000000000003,-175.70669688495062
2026-07-03,Hari Om Nagar,0,flat,39.91000000000006,-89.95256543161341
2026-07-03,Hari Om Nagar,0,increased,1508.83,1557.9871828573955
2026-07-03,Hiltron Ulhasnagar,0,decreased,-342.61,-297.4617674848442
2026-07-03,Hiltron Ulhasnagar,0,flat,-4.100000000000019,19.168763479524095
2026-07-03,Hiltron Ulhasnagar,0,increased,1353.3300000000002,1363.2428079097904
2026-07-03,Hiranandani Thane,0,decreased,-232.32000000000002,-127.5223458147752
2026-07-03,Hiranandani Thane,0,flat,-16.80000000000023,-418.20752245611607
2026-07-03,Hiranandani Thane,0,increased,3625.22,3576.5586258482117
2026-07-03,IC Colony Borivali,0,decreased,-206.30000000000007,-193.60096205044763
2026-07-03,IC Colony Borivali,0,flat,14.239999999999988,25.687329019535323
2026-07-03,IC Colony Borivali,0,increased,3400.08,3265.2178729598177
2026-07-03,JB Nagar,0,decreased,-134.62999999999988,-144.33534692892044
2026-07-03,JB Nagar,0,flat,-544.13,-96.55374014494137
2026-07-03,JB Nagar,0,increased,3300.28,3203.2450000173812
2026-07-03,JJ Hospital,0,decreased,-131.90000000000003,-108.13514401633338
2026-07-03,JJ Hospital,0,flat,-379.35,-224.00117898443423
2026-07-03,JJ Hospital,0,increased,1430.76,1421.602379649263
2026-07-03,Jagruti Nagar Ghatkopar,0,decreased,-66.85,-61.388541511743455
2026-07-03,Jagruti Nagar Ghatkopar,0,flat,56.11000000000013,36.2639085071483
2026-07-03,Jagruti Nagar Ghatkopar,0,increased,907.75,824.3918683742553
2026-07-03,Jail Road Nashik,0,decreased,8.48999999999998,-65.34953730189746
2026-07-03,Jail Road Nashik,0,flat,-116.38,17.137615467404515
2026-07-03,Jail Road Nashik,0,increased,754.7499999999999,532.019728985724
2026-07-03,Jay VIjay Nagar Nalasopara East,0,decreased,-3.139999999999997,-3.4680515399066305
2026-07-03,Jay VIjay Nagar Nalasopara East,0,flat,50.10000000000008,-62.061404232412244
2026-07-03,Jay VIjay Nagar Nalasopara East,0,increased,542.1800000000001,577.7835846805182
2026-07-03,Kalamboli,0,decreased,-281.88999999999993,-169.05731566517534
2026-07-03,Kalamboli,0,flat,15.25,27.537560147396476
2026-07-03,Kalamboli,0,increased,1493.9200000000003,1279.5065106613008
2026-07-03,Kalher Bhiwandi,0,decreased,-392.03999999999996,-370.56445063381045
2026-07-03,Kalher Bhiwandi,0,flat,-18.010000000000005,-11.324232327470448
2026-07-03,Kalher Bhiwandi,0,increased,1562.79,1545.8707616359216
2026-07-03,Kalina,0,decreased,-148.38,-129.68605037129453
2026-07-03,Kalina,0,flat,-269.24000000000024,-342.8083518910328
2026-07-03,Kalina,0,increased,1457.13,1393.004068055552
2026-07-03,Kalwa,0,decreased,-329.49999999999994,-303.7335747127525
2026-07-03,Kalwa,0,flat,-273.53999999999985,-188.81716544209866
2026-07-03,Kalwa,0,increased,3509.4,3533.9224374891633
2026-07-03,Kalyan,0,decreased,-162.46999999999997,-161.35880331547634
2026-07-03,Kalyan,0,flat,-42.479999999999926,-119.74885965951856
2026-07-03,Kalyan,0,increased,2267.77,2307.0554447336704
2026-07-03,Kalyan - DB Chowk,0,decreased,-26.819999999999983,-0.25739253125703954
2026-07-03,Kalyan - DB Chowk,0,flat,-30.85000000000003,99.58584251218626
2026-07-03,Kalyan - DB Chowk,0,increased,538.76,550.2283796686894
2026-07-03,Kalyan East-Tisgaon Naka,0,decreased,-218.33999999999997,-197.35098470027344
2026-07-03,Kalyan East-Tisgaon Naka,0,flat,-110.19999999999993,-185.05652976854307
2026-07-03,Kalyan East-Tisgaon Naka,0,increased,1826.7400000000005,1790.5250271284306
2026-07-03,Kalyan West Club Road,0,decreased,-44.69999999999999,-42.27800290288975
2026-07-03,Kalyan West Club Road,0,flat,-68.71000000000002,-127.0561239150212
2026-07-03,Kalyan West Club Road,0,increased,1237.8700000000001,1347.1086755429776
2026-07-03,Kamotha,0,decreased,-413.7099999999999,-405.2366924354643
2026-07-03,Kamotha,0,flat,-181.0000000000001,-331.7182008734644
2026-07-03,Kamotha,0,increased,2778.18,2650.535214622788
2026-07-03,Kamothe - Sector 36,0,decreased,-169.76999999999995,-140.0821611843325
2026-07-03,Kamothe - Sector 36,0,flat,-47.94999999999991,-117.9942660464541
2026-07-03,Kamothe - Sector 36,0,increased,1125.05,1200.9436264881074
2026-07-03,Kandivali East,0,decreased,-2.3999999999999844,1.929531484803796
2026-07-03,Kandivali East,0,flat,-26.11000000000021,-122.95288038431573
2026-07-03,Kandivali East,0,increased,1862.62,1867.2085625566783
2026-07-03,Kandivali West,0,flat,31.049999999999976,-188.79420902627217
2026-07-03,Kandivali West,0,increased,880.36,796.6604084781869
2026-07-03,Kasarvadavali Thane,0,decreased,-96.70999999999998,-106.92708581869601
2026-07-03,Kasarvadavali Thane,0,flat,1012.3899999999999,3.590224440611258
2026-07-03,Kasarvadavali Thane,0,increased,1459.84,1420.7312007661608
2026-07-03,Katrap Badlapur East,0,decreased,-79.69999999999999,-77.31335079766774
2026-07-03,Katrap Badlapur East,0,flat,23.940000000000012,142.7657512111676
2026-07-03,Katrap Badlapur East,0,increased,1000.87,996.2218661260197
2026-07-03,Khadki Pune,0,decreased,-216.18000000000006,-399.856784157258
2026-07-03,Khadki Pune,0,flat,-13.009999999999906,-249.44448836134802
2026-07-03,Khadki Pune,0,increased,1245.5800000000002,1162.2838946448408
2026-07-03,Khanda Colony,1,decreased,-122.68000000000004,-110.53309933171079
2026-07-03,Khanda Colony,1,flat,-152.3899999999999,-241.97048443559845
2026-07-03,Khanda Colony,1,increased,1373.89,1401.4544274055668
2026-07-03,Khar West,1,decreased,-21.58999999999999,-17.15421335682582
2026-07-03,Khar West,1,flat,-465.7099999999997,-320.27275592913435
2026-07-03,Khar West,1,increased,1564.72,1700.2188450499877
2026-07-03,Kharghar,0,decreased,-169.4899999999999,-122.14277501073494
2026-07-03,Kharghar,0,flat,-74.60000000000008,-205.91862418472152
2026-07-03,Kharghar,0,increased,2519.78,2570.107716452767
2026-07-03,Kharghar Sector 12,0,decreased,-276.08000000000004,-287.9710539413825
2026-07-03,Kharghar Sector 12,0,flat,-133.86999999999983,-24.493356414530858
2026-07-03,Kharghar Sector 12,0,increased,1105.64,1108.7673260990769
2026-07-03,Khopat,0,decreased,-54.969999999999956,-86.59854583737678
2026-07-03,Khopat,0,flat,-3.579999999999931,-53.5689712770846
2026-07-03,Khopat,0,increased,2178.77,2159.4898583159875
2026-07-03,Khutwad Nagar Nashik,0,decreased,-43.18000000000001,-26.85371213846337
2026-07-03,Khutwad Nagar Nashik,0,flat,2.5099999999999696,46.33133067381397
2026-07-03,Khutwad Nagar Nashik,0,increased,136.76999999999998,152.5317943383079
2026-07-03,Kolsheth,0,decreased,-130.95999999999998,-180.71512285346628
2026-07-03,Kolsheth,0,flat,-178.74000000000012,-225.28297857005631
2026-07-03,Kolsheth,0,increased,3367.4400000000005,3285.7296195232857
2026-07-03,Kopar Khairane,0,decreased,-519.65,-450.2418468743714
2026-07-03,Kopar Khairane,0,flat,-94.91999999999986,-25.115428258102888
2026-07-03,Kopar Khairane,0,increased,2821.48,2792.789255930036
2026-07-03,Kopari Thane,0,decreased,-148.25999999999993,-131.54001478700712
2026-07-03,Kopari Thane,0,flat,-1128.29,-1158.5033492272646
2026-07-03,Kopari Thane,0,increased,1000.0,970.6438407792708
2026-07-03,Koper Khairane - Sector 7,0,decreased,-501.43,-401.1645916032886
2026-07-03,Koper Khairane - Sector 7,0,flat,-83.21999999999967,-47.458037996345745
2026-07-03,Koper Khairane - Sector 7,0,increased,1306.05,1424.5580704320676
2026-07-03,Kulgaon Badlapur West,0,decreased,-171.82,-157.71490272959613
2026-07-03,Kulgaon Badlapur West,0,flat,-84.94999999999982,70.0308495923318
2026-07-03,Kulgaon Badlapur West,0,increased,1553.33,1573.2977818118577
2026-07-03,Kurla,0,decreased,-69.21000000000004,-68.67093819424444
2026-07-03,Kurla,0,flat,-2.3500000000000085,-113.26467318291999
2026-07-03,Kurla,0,increased,1615.3100000000002,1633.8438955523068
2026-07-03,Kurla West,0,decreased,-184.45999999999995,-168.90792872236753
2026-07-03,Kurla West,0,flat,84.79999999999997,-82.35533762422514
2026-07-03,Kurla West,0,increased,2263.08,2221.8867223779157
2026-07-03,Lower Parel - SJ Marg,0,decreased,-9.170000000000002,-9.150146198830413
2026-07-03,Lower Parel - SJ Marg,0,flat,-25.250000000000014,-20.235184128885862
2026-07-03,Lower Parel - SJ Marg,0,increased,647.94,643.8028505602961
2026-07-03,Mahakali,0,decreased,-112.75,-133.5600052995516
2026-07-03,Mahakali,0,flat,-114.30999999999979,-409.24059465234905
2026-07-03,Mahakali,0,increased,2277.18,2262.9794448281014
2026-07-03,Mahavir Pride Dombivali,0,decreased,-97.15999999999997,-114.74558848629627
2026-07-03,Mahavir Pride Dombivali,0,flat,65.28000000000011,-42.788300934708076
2026-07-03,Mahavir Pride Dombivali,0,increased,1803.86,1864.9348911807106
2026-07-03,Mahim West,0,decreased,-290.34,-283.51509682056627
2026-07-03,Mahim West,0,flat,-107.97000000000017,-11.602139368133482
2026-07-03,Mahim West,0,increased,1617.96,1576.0166597431582
2026-07-03,Malad,0,decreased,-79.04999999999997,-74.47540171923087
2026-07-03,Malad,0,flat,-55.990000000000045,-92.92253246064593
2026-07-03,Malad,0,increased,2624.05,2496.9334407286747
2026-07-03,Malad Liberty Garden,0,decreased,-293.41999999999996,-276.2410478562134
2026-07-03,Malad Liberty Garden,0,flat,-27.479999999999627,7.6375342085118305
2026-07-03,Malad Liberty Garden,0,increased,2166.63,2149.05101520708
2026-07-03,Malwani,0,decreased,-174.61999999999992,-159.38283211637412
2026-07-03,Malwani,0,flat,-165.62000000000018,105.33027010025415
2026-07-03,Malwani,0,increased,1177.1299999999999,1197.0230817701186
2026-07-03,Marol,0,decreased,-106.02999999999996,-111.93959290367388
2026-07-03,Marol,0,flat,-27.12000000000012,-243.833897489459
2026-07-03,Marol,0,increased,2190.21,2141.982699917906
2026-07-03,Mharal Ulhasnagar,0,decreased,-100.48999999999998,-60.099807801793546
2026-07-03,Mharal Ulhasnagar,0,flat,60.68999999999999,61.8667142610188
2026-07-03,Mharal Ulhasnagar,0,increased,1571.84,1658.3614495068728
2026-07-03,Mhasrul Nashik,0,decreased,-99.5,-99.5
2026-07-03,Mhasrul Nashik,0,flat,-23.910000000000014,-168.9744503888053
2026-07-03,Mhasrul Nashik,0,increased,557.47,567.8208264333861
2026-07-03,Mira Road,0,decreased,-139.45,-136.273668087971
2026-07-03,Mira Road,0,flat,-545.9399999999997,-285.3350691643328
2026-07-03,Mira Road,0,increased,1540.2100000000003,1394.6738575756012
2026-07-03,Mira Road - GCC Club Road,0,decreased,-33.54999999999999,-30.35454238899535
2026-07-03,Mira Road - GCC Club Road,0,flat,-607.3799999999998,-753.7321981204345
2026-07-03,Mira Road - GCC Club Road,0,increased,328.07000000000005,313.09219946897997
2026-07-03,Mira Road Jangid Complex,0,decreased,-82.17999999999998,-81.74751145721612
2026-07-03,Mira Road Jangid Complex,0,flat,-198.93999999999997,-5.239845309195346
2026-07-03,Mira Road Jangid Complex,0,increased,1251.45,1217.3047250934244
2026-07-03,Mohan Nagar Kandivali,0,decreased,-306.7799999999999,-337.7811768600536
2026-07-03,Mohan Nagar Kandivali,0,flat,33.35000000000004,140.89665619825288
2026-07-03,Mohan Nagar Kandivali,0,increased,1469.3400000000001,1471.5566181978431
2026-07-03,Mulund East,0,decreased,-352.03,-172.21316683376716
2026-07-03,Mulund East,0,flat,-199.37000000000006,-148.73805733998327
2026-07-03,Mulund East,0,increased,4290.29,4086.657101854538
2026-07-03,Mulund Panch Rasta,0,decreased,-186.6700000000001,-147.73677306455676
2026-07-03,Mulund Panch Rasta,0,flat,-62.94999999999986,-175.4540863455836
2026-07-03,Mulund Panch Rasta,0,increased,1360.71,1403.580083471659
2026-07-03,Mulund West,0,decreased,-117.09999999999994,-110.51966840954518
2026-07-03,Mulund West,0,flat,-227.26999999999984,-194.4524785296798
2026-07-03,Mulund West,0,increased,2698.96,2703.5793408529607
2026-07-03,Mulund West-Sarvodaya Nagar,0,decreased,-31.480000000000004,-33.82274854749488
2026-07-03,Mulund West-Sarvodaya Nagar,0,flat,-216.09999999999994,-169.55992911755916
2026-07-03,Mulund West-Sarvodaya Nagar,0,increased,2340.13,2458.8730363508757
2026-07-03,Mundhwa Pune,0,decreased,-79.55,-82.97780832256339
2026-07-03,Mundhwa Pune,0,flat,-21.850000000000026,35.68188602166854
2026-07-03,Mundhwa Pune,0,increased,657.5899999999999,672.9600300470578
2026-07-03,NIBM Kondwa,0,decreased,-148.21,-152.42543046077884
2026-07-03,NIBM Kondwa,0,flat,1.2199999999997484,-297.09385338914024
2026-07-03,NIBM Kondwa,0,increased,1755.3,1824.3596836159386
2026-07-03,Nahur West,0,decreased,-524.25,-522.5163223084148
2026-07-03,Nahur West,0,flat,-74.18000000000002,85.26056605064026
2026-07-03,Nahur West,0,increased,1743.01,1680.606865799489
2026-07-03,Nalasopara - Yashwant Nagar,0,decreased,-70.66999999999997,-44.61905439135417
2026-07-03,Nalasopara - Yashwant Nagar,0,flat,-72.27000000000001,-41.45188736802451
2026-07-03,Nalasopara - Yashwant Nagar,0,increased,731.82,702.3517371326534
2026-07-03,Nalasopara West,0,decreased,-91.54000000000002,-92.43319908401674
2026-07-03,Nalasopara West,0,flat,268.7999999999999,58.22951146174803
2026-07-03,Nalasopara West,0,increased,978.21,948.5673025223
2026-07-03,Narhe Pune,0,decreased,-16.459999999999987,32.58307990680526
2026-07-03,Narhe Pune,0,flat,-48.02000000000001,-256.4175342251981
2026-07-03,Narhe Pune,0,increased,787.9100000000001,742.5253277868944
2026-07-03,Naupada,0,decreased,-136.60999999999996,-124.82753759812832
2026-07-03,Naupada,0,flat,-174.84000000000012,-41.10522033102631
2026-07-03,Naupada,0,increased,2514.78,2384.7924148632037
2026-07-03,Navare Nagar Ambernath,0,decreased,-474.66999999999996,-455.2801500993726
2026-07-03,Navare Nagar Ambernath,0,flat,-98.46000000000012,-135.62199906978768
2026-07-03,Navare Nagar Ambernath,0,increased,947.5600000000001,951.6300130729124
2026-07-03,Navi Peth Pune,0,decreased,-43.209999999999965,-42.035760001894275
2026-07-03,Navi Peth Pune,0,flat,-16.149999999999856,-631.0780136449996
2026-07-03,Navi Peth Pune,0,increased,1053.37,1044.0758106615187
2026-07-03,Navjeevan Mumbai Central,0,decreased,-118.51999999999994,-118.61776076286236
2026-07-03,Navjeevan Mumbai Central,0,flat,-43.78000000000003,68.8928828897175
2026-07-03,Navjeevan Mumbai Central,0,increased,1879.8200000000002,1802.180669213553
2026-07-03,Nerul East,0,decreased,-416.44999999999993,-398.0753956389214
2026-07-03,Nerul East,0,flat,116.50999999999978,-13.705271421527403
2026-07-03,Nerul East,0,increased,2630.71,2615.6302485690785
2026-07-03,Nerul West,0,decreased,-102.63000000000002,-93.6720970797746
2026-07-03,Nerul West,0,flat,-222.57999999999998,-737.5299224645155
2026-07-03,Nerul West,0,increased,2182.3700000000003,2245.0545583773865
2026-07-03,New Panvel,0,decreased,-152.06999999999996,-144.18860713002903
2026-07-03,New Panvel,0,flat,-101.32,290.46540040649745
2026-07-03,New Panvel,0,increased,1956.0,1930.9902146932632
2026-07-03,Old Panvel,0,decreased,-149.48999999999998,-130.12718985478728
2026-07-03,Old Panvel,0,flat,-21.62999999999953,144.3497037099306
2026-07-03,Old Panvel,0,increased,1598.56,1560.5749147764411
2026-07-03,Palegaon Ambernath,0,decreased,-136.01,-158.57947825639874
2026-07-03,Palegaon Ambernath,0,flat,-135.95000000000002,-44.79943259134841
2026-07-03,Palegaon Ambernath,0,increased,734.28,791.8176677218368
2026-07-03,Panchpakhadi,0,decreased,-131.89000000000004,15.936477873584547
2026-07-03,Panchpakhadi,0,flat,-181.1699999999999,-177.87038717065215
2026-07-03,Panchpakhadi,0,increased,1476.3700000000001,1352.2864404171614
2026-07-03,Pantnagar,0,decreased,-307.08,-316.3334246678347
2026-07-03,Pantnagar,0,flat,33.83999999999982,-19.293534954075263
2026-07-03,Pantnagar,0,increased,1781.66,1876.2999239155347
2026-07-03,Panvel - Uran Naka,0,decreased,-129.55999999999995,-64.62123956958077
2026-07-03,Panvel - Uran Naka,0,flat,-77.18000000000006,-56.7649751718357
2026-07-03,Panvel - Uran Naka,0,increased,1146.6,1076.1699734929164
2026-07-03,Phadke Road - Dombivali,0,decreased,-1239.79,-800.3360190832997
2026-07-03,Phadke Road - Dombivali,0,flat,-198.85999999999993,-138.17072678785235
2026-07-03,Phadke Road - Dombivali,0,increased,1321.8400000000001,1258.4516010746183
2026-07-03,Pimple Gurav,0,decreased,-284.74,-286.2787295139326
2026-07-03,Pimple Gurav,0,flat,-19.42000000000006,-42.02055502792331
2026-07-03,Pimple Gurav,0,increased,1106.69,1130.8556184376196
2026-07-03,Prabhadevi,0,decreased,-145.85999999999999,-174.67804161680746
2026-07-03,Prabhadevi,0,flat,-96.28,-141.28657718584432
2026-07-03,Prabhadevi,0,increased,2356.9900000000002,2310.2595443138025
2026-07-03,Pragati Nagar Nalasopara East,0,decreased,-336.42999999999995,-337.54490185216093
2026-07-03,Pragati Nagar Nalasopara East,0,flat,-83.8,-86.33561834611697
2026-07-03,Pragati Nagar Nalasopara East,0,increased,509.43000000000006,496.27462590816685
2026-07-03,Rajawadi,0,decreased,-67.79999999999998,-63.303062723426805
2026-07-03,Rajawadi,0,flat,-38.51999999999997,-46.55624702827302
2026-07-03,Rajawadi,0,increased,1989.24,1964.2688286474502
2026-07-03,Roadpali Kalamboli,0,decreased,-122.94000000000001,-189.84679727471232
2026-07-03,Roadpali Kalamboli,0,flat,87.92999999999988,-28.267911968713737
2026-07-03,Roadpali Kalamboli,0,increased,769.87,744.6990681699596
2026-07-03,Rupee Nagar Pune,0,decreased,-22.90999999999999,-22.61312188390538
2026-07-03,Rupee Nagar Pune,0,flat,-492.4299999999997,-2.3668914539920163
2026-07-03,Rupee Nagar Pune,0,increased,521.53,518.4048418096851
2026-07-03,Saibaba Nagar,0,decreased,-20.119999999999997,-13.61849668947928
2026-07-03,Saibaba Nagar,0,flat,-36.88999999999997,47.398502170136936
2026-07-03,Saibaba Nagar,0,increased,1685.8400000000001,1752.0086250161535
2026-07-03,Sakinaka - Pipeline Road,0,decreased,-79.25999999999999,-79.01082155101814
2026-07-03,Sakinaka - Pipeline Road,0,flat,-126.60000000000002,1.2955939851743743
2026-07-03,Sakinaka - Pipeline Road,0,increased,843.5100000000001,779.0665264042412
2026-07-03,Sanpada,1,decreased,-148.72,-163.98402455054733
2026-07-03,Sanpada,1,flat,-5.690000000000019,-288.4335593919995
2026-07-03,Sanpada,1,increased,2614.29,2496.258642619082
2026-07-03,Santa Cruz SV Road,0,decreased,-170.45,-173.11063052847635
2026-07-03,Santa Cruz SV Road,0,flat,73.06999999999994,179.28270381137517
2026-07-03,Santa Cruz SV Road,0,increased,1459.2600000000002,1437.0908741966568
2026-07-03,"Santoshi Mata Road, Kalyan West",0,decreased,9.280000000000022,-64.51943549953099
2026-07-03,"Santoshi Mata Road, Kalyan West",0,flat,-89.07999999999977,-20.897236668930535
2026-07-03,"Santoshi Mata Road, Kalyan West",0,increased,2224.8900000000003,1982.2309886950661
2026-07-03,Sasane Nagar Pune,1,decreased,-20.220000000000006,-20.5905329683083
2026-07-03,Sasane Nagar Pune,1,flat,70.39000000000001,-69.8106100594519
2026-07-03,Sasane Nagar Pune,1,increased,438.08000000000004,419.42995614266624
2026-07-03,Seawoods,0,decreased,-226.86999999999998,-1535.7663499753485
2026-07-03,Seawoods,0,flat,-223.28999999999994,257.06596419932674
2026-07-03,Seawoods,0,increased,2253.44,2257.001219113985
2026-07-03,Sector 3 - New Panvel,0,decreased,-38.69000000000001,-34.31684226013225
2026-07-03,Sector 3 - New Panvel,0,flat,-192.85000000000036,-350.23364922366414
2026-07-03,Sector 3 - New Panvel,0,increased,1281.1200000000001,1258.8603002430887
2026-07-03,Shanti Nagar Mira Road,0,decreased,-30.090000000000007,-38.49305126465469
2026-07-03,Shanti Nagar Mira Road,0,flat,-61.00999999999998,-28.072682146065162
2026-07-03,Shanti Nagar Mira Road,0,increased,621.0200000000001,603.6949988033975
2026-07-03,Shirgaon Badlapur,0,decreased,-796.08,-825.8874395984403
2026-07-03,Shirgaon Badlapur,0,flat,-161.77999999999997,24.804868860064065
2026-07-03,Shirgaon Badlapur,0,increased,812.65,702.679162909633
2026-07-03,Shivaji Nagar Pune,0,decreased,-295.7,-295.5988216968332
2026-07-03,Shivaji Nagar Pune,0,flat,-173.8599999999999,-148.72600795460036
2026-07-03,Shivaji Nagar Pune,0,increased,790.3,761.5385190811472
2026-07-03,Shreenagar,0,decreased,-465.93999999999994,-471.94750788097883
2026-07-03,Shreenagar,0,flat,-543.5200000000003,-536.574988014262
2026-07-03,Shreenagar,0,increased,3362.2400000000002,3337.7486077996145
2026-07-03,Shriprastha Nalasopara West,0,decreased,-119.58999999999995,-96.31538376365793
2026-07-03,Shriprastha Nalasopara West,0,flat,25.60000000000004,-9.087334746668493
2026-07-03,Shriprastha Nalasopara West,0,increased,850.4100000000001,855.2380460416507
2026-07-03,Sion Koliwada,0,decreased,-72.63,-46.856176934605074
2026-07-03,Sion Koliwada,0,flat,-185.20000000000013,-510.912617173616
2026-07-03,Sion Koliwada,0,increased,1912.41,1695.9584608009445
2026-07-03,Thakur Complex,0,decreased,-60.030000000000015,-41.76685423780147
2026-07-03,Thakur Complex,0,flat,-93.4199999999999,-27.02696253017851
2026-07-03,Thakur Complex,0,increased,2577.32,2532.3387253933533
2026-07-03,Thergaon,0,decreased,-108.75999999999996,-110.03539256299914
2026-07-03,Thergaon,0,flat,-201.62000000000006,-108.73681141461226
2026-07-03,Thergaon,0,increased,642.15,635.4777392154471
2026-07-03,Tilak Road Pune,0,decreased,-94.12000000000006,-94.56420850123752
2026-07-03,Tilak Road Pune,0,flat,-50.47,-88.45697414864188
2026-07-03,Tilak Road Pune,0,increased,1608.3600000000001,1563.1859731419277
2026-07-03,Tilaknagar,0,decreased,-388.5899999999999,-346.28275056706536
2026-07-03,Tilaknagar,0,flat,-179.23000000000005,-174.51996057021287
2026-07-03,Tilaknagar,0,increased,1874.0400000000002,1905.7109774816804
2026-07-03,Titwala,0,decreased,-236.12999999999994,-195.67686031359477
2026-07-03,Titwala,0,flat,-1478.7399999999998,-1247.1823970988876
2026-07-03,Titwala,0,increased,1669.5800000000002,1611.3490668201327
2026-07-03,Trimurti Chowk Nashik,0,decreased,-48.35,-42.18440043000327
2026-07-03,Trimurti Chowk Nashik,0,flat,-53.22,-60.13260944095161
2026-07-03,Trimurti Chowk Nashik,0,increased,255.34,247.2818454214551
2026-07-03,Ulhas Nagar - Shahad,0,decreased,-220.68999999999988,-216.59632863015347
2026-07-03,Ulhas Nagar - Shahad,0,flat,37.88000000000013,42.90082018683811
2026-07-03,Ulhas Nagar - Shahad,0,increased,999.5600000000001,1044.3088390264777
2026-07-03,Ulhas Nagar - Shreeram Chowk,0,decreased,-246.53999999999996,-240.5054358605901
2026-07-03,Ulhas Nagar - Shreeram Chowk,0,flat,-73.72,-60.47623901753678
2026-07-03,Ulhas Nagar - Shreeram Chowk,0,increased,535.59,565.7963186986105
2026-07-03,Ulhasnagar,0,decreased,-114.18999999999997,-130.04787029889377
2026-07-03,Ulhasnagar,0,flat,-169.86000000000013,-113.65220636836894
2026-07-03,Ulhasnagar,0,increased,2051.9900000000002,2115.7287132570327
2026-07-03,Ulhasnagar - Humlog Circle,0,decreased,-393.17999999999995,-300.3919429577633
2026-07-03,Ulhasnagar - Humlog Circle,0,flat,-11.660000000000075,97.80274279256683
2026-07-03,Ulhasnagar - Humlog Circle,0,increased,1395.75,1373.7577589012842
2026-07-03,Ulhasnagar - Khemani Chowk,0,decreased,-200.87999999999994,-199.72751577453994
2026-07-03,Ulhasnagar - Khemani Chowk,0,flat,35.74000000000002,53.39869834761701
2026-07-03,Ulhasnagar - Khemani Chowk,0,increased,980.24,938.7835336467559
2026-07-03,Ulhasnagar Sector 4,0,decreased,-98.01000000000002,-98.54148960448265
2026-07-03,Ulhasnagar Sector 4,0,flat,-50.90999999999985,-9.94315302720949
2026-07-03,Ulhasnagar Sector 4,0,increased,1476.32,1431.353109244849
2026-07-03,Ulwe-Navi Mumbai,0,decreased,-23.359999999999992,-23.2901535752355
2026-07-03,Ulwe-Navi Mumbai,0,flat,-99.22999999999996,-228.29210071719427
2026-07-03,Ulwe-Navi Mumbai,0,increased,1990.83,1965.268991818654
2026-07-03,Vakola,0,decreased,-91.25999999999995,-24.47758615477366
2026-07-03,Vakola,0,flat,37.45000000000003,143.4317024205937
2026-07-03,Vakola,0,increased,1579.03,1388.6890194899777
2026-07-03,Vasai West - Station Road,0,decreased,-367.05,-360.40788974838995
2026-07-03,Vasai West - Station Road,0,flat,-106.94000000000005,-85.72302526909905
2026-07-03,Vasai West - Station Road,0,increased,1350.39,1479.159139817841
2026-07-03,Vashi,0,decreased,-200.91000000000014,-174.13031198419964
2026-07-03,Vashi,0,flat,-80.7,-294.8988109753253
2026-07-03,Vashi,0,increased,4494.07,4431.663644958231
2026-07-03,Vashi Sector 11,0,decreased,-67.28999999999998,-86.93800821261269
2026-07-03,Vashi Sector 11,0,flat,-45.470000000000056,63.70217533347605
2026-07-03,Vashi Sector 11,0,increased,1249.96,1158.1058193494528
2026-07-03,Veenanagar,0,decreased,-88.59999999999997,-97.96824059149378
2026-07-03,Veenanagar,0,flat,-121.77,-66.84588087509036
2026-07-03,Veenanagar,0,increased,1800.05,1807.4676529667715
2026-07-03,Versova - Yari Road,0,decreased,-123.37999999999995,-91.30062771199437
2026-07-03,Versova - Yari Road,0,flat,-222.79,-92.7808965935416
2026-07-03,Versova - Yari Road,0,increased,1372.77,1642.7345897371715
2026-07-03,Versova Andheri,0,decreased,-143.88999999999987,-126.50399205512056
2026-07-03,Versova Andheri,0,flat,-74.19000000000007,-243.35980300840615
2026-07-03,Versova Andheri,0,increased,4161.42,3296.8280174010697
2026-07-03,Vijay Nagari - Thane,0,decreased,-197.38,-181.49397461377882
2026-07-03,Vijay Nagari - Thane,0,flat,-92.31000000000003,108.72854935552017
2026-07-03,Vijay Nagari - Thane,0,increased,3098.15,2950.789843325281
2026-07-03,Vikhroli,0,decreased,-689.89,-649.7822868650322
2026-07-03,Vikhroli,0,flat,-93.56999999999977,110.68568950889494
2026-07-03,Vikhroli,0,increased,4201.79,4096.092639797014
2026-07-03,Vikhroli Kannamwar,0,decreased,-176.73,-176.04850000964234
2026-07-03,Vikhroli Kannamwar,0,flat,103.98000000000008,369.5675451168993
2026-07-03,Vikhroli Kannamwar,0,increased,1499.2400000000002,1318.6889370497831
2026-07-03,Vile Parle,0,decreased,-114.40999999999997,-98.94952598894868
2026-07-03,Vile Parle,0,flat,5105.49,1375.9508879735047
2026-07-03,Vile Parle,0,increased,1179.8,1198.505536594838
2026-07-03,Virar East,0,decreased,-100.82,-93.8809417316134
2026-07-03,Virar East,0,flat,-122.09000000000005,-246.62315165033252
2026-07-03,Virar East,0,increased,1159.42,1139.1186791109171
2026-07-03,Virar West,0,decreased,-300.52,-302.81721434467653
2026-07-03,Virar West,0,flat,-210.08999999999992,-609.2495398956047
2026-07-03,Virar West,0,increased,1611.74,1592.3676736732461
2026-07-03,Wadgaon Budruk Pune,0,decreased,-26.27999999999996,-94.63424831207755
2026-07-03,Wadgaon Budruk Pune,0,flat,-80.21000000000004,-62.10462645753824
2026-07-03,Wadgaon Budruk Pune,0,increased,223.51,226.87743043718427
2026-07-03,Wadgaon Sheri,0,decreased,-417.0399999999998,-407.3031853496317
2026-07-03,Wadgaon Sheri,0,flat,-114.53000000000004,-395.5986258013884
2026-07-03,Wadgaon Sheri,0,increased,1002.3500000000001,905.4753224586383
2026-07-03,Wadgaon Sheri-Old Mundhwa Rd,0,decreased,-80.00000000000003,-65.36898207105577
2026-07-03,Wadgaon Sheri-Old Mundhwa Rd,0,flat,1.6300000000000345,-7.106898454632812
2026-07-03,Wadgaon Sheri-Old Mundhwa Rd,0,increased,738.4900000000001,529.8099454799662
2026-07-03,Wanawadi Pune,0,decreased,-23.310000000000002,-23.30774531835207
2026-07-03,Wanawadi Pune,0,flat,-47.380000000000024,-47.898985353095256
2026-07-03,Wanawadi Pune,0,increased,809.9300000000001,838.7361612108626
2026-07-03,Warje Pune,0,decreased,-52.54,-45.99804219794461
2026-07-03,Warje Pune,0,flat,-69.75000000000011,-54.06543393305448
2026-07-03,Warje Pune,0,increased,315.63000000000005,327.6842709939869
2026-07-03,Wayale Nagar,0,decreased,-134.81999999999996,-122.18344502620076
2026-07-03,Wayale Nagar,0,flat,19.729999999999933,-196.54146995983686
2026-07-03,Wayale Nagar,0,increased,1119.1799999999998,1151.7819800958248
2026-07-03,Yashodhan,0,decreased,-390.07999999999987,-236.23768005358977
2026-07-03,Yashodhan,0,flat,-163.80000000000013,-317.2109093898774
2026-07-03,Yashodhan,0,increased,3990.0800000000004,3913.8562450712056
2026-07-03,Yogi Nagar,0,decreased,-38.10999999999999,-36.9294732655316
2026-07-03,Yogi Nagar,0,flat,-158.19000000000005,-171.8890832017703
2026-07-03,Yogi Nagar,0,increased,1123.07,1073.7198268170625
2026-07-03,Yogidham Kalyan,0,decreased,-194.61000000000007,-189.69608130369318
2026-07-03,Yogidham Kalyan,0,flat,-540.9800000000001,-516.6201578676596
2026-07-03,Yogidham Kalyan,0,increased,392.75,381.4611413428399
2026-07-04,7 Rasta Byculla,0,decreased,-220.51999999999995,-222.1409320267416
2026-07-04,7 Rasta Byculla,0,flat,-41.259999999999934,94.96032058961866
2026-07-04,7 Rasta Byculla,0,increased,1483.68,1438.5697015241426
2026-07-04,Airoli,0,decreased,-206.01000000000002,-111.88842476069505
2026-07-04,Airoli,0,flat,-22.74999999999992,-155.47789245551067
2026-07-04,Airoli,0,increased,1818.68,1682.7971113364792
2026-07-04,Airoli Sector - 3,0,decreased,-612.13,-588.1457922385258
2026-07-04,Airoli Sector - 3,0,flat,-185.5899999999999,292.93272731538923
2026-07-04,Airoli Sector - 3,0,increased,1429.79,1366.3169365407284
2026-07-04,Ambegaon Pune,0,decreased,-69.89000000000001,-68.72628399412633
2026-07-04,Ambegaon Pune,0,flat,-41.970000000000056,-131.6746065444983
2026-07-04,Ambegaon Pune,0,increased,455.3,418.2941880077102
2026-07-04,Ambernath East,0,decreased,-20.75,-19.58628399412629
2026-07-04,Ambernath East,0,flat,-30.120000000000005,-63.39056476675188
2026-07-04,Ambernath East,0,increased,1496.1200000000001,1471.7195070408263
2026-07-04,Ambernath West,0,decreased,-63.970000000000006,-63.96934017966066
2026-07-04,Ambernath West,0,flat,-326.14999999999975,66.82378917363114
2026-07-04,Ambernath West,0,increased,1108.11,1080.5394986971942
2026-07-04,Ashokvan Dahisar,0,decreased,-165.76999999999998,-156.24331410310756
2026-07-04,Ashokvan Dahisar,0,flat,-102.4100000000002,-232.0403429791701
2026-07-04,Ashokvan Dahisar,0,increased,1651.31,1673.1316933953822
2026-07-04,Badlapur - Belavali,0,decreased,-201.65000000000003,-143.16974776809678
2026-07-04,Badlapur - Belavali,0,flat,746.6199999999999,-387.2631559685535
2026-07-04,Badlapur - Belavali,0,increased,821.66,847.641343332962
2026-07-04,Badlapur East,0,decreased,-57.42,-51.01810227974762
2026-07-04,Badlapur East,0,flat,21.830000000000013,-10.639217616898659
2026-07-04,Badlapur East,0,increased,791.0899999999999,784.6429136141282
2026-07-04,Bandra,1,decreased,-291.66999999999996,-274.7880811784487
2026-07-04,Bandra,1,flat,75.21999999999997,-84.60403400318161
2026-07-04,Bandra,1,increased,3728.98,3606.2200105845127
2026-07-04,Bhandup West,0,decreased,-125.38,-180.81475259048847
2026-07-04,Bhandup West,0,flat,-129.18999999999983,-178.99414492707555
2026-07-04,Bhandup West,0,increased,2545.0,2602.765487879371
2026-07-04,Bhayandar,0,decreased,-415.83,-411.5769066909979
2026-07-04,Bhayandar,0,flat,-238.23000000000005,-509.4285601460976
2026-07-04,Bhayandar,0,increased,1958.41,1763.794964831508
2026-07-04,Bhayander 60 Feet Road,0,decreased,-44.33999999999995,-50.494884432160674
2026-07-04,Bhayander 60 Feet Road,0,flat,-167.18000000000012,-167.8070395702478
2026-07-04,Bhayander 60 Feet Road,0,increased,611.6899999999999,502.99489600040647
2026-07-04,Bhekrainagar Pune,0,decreased,-330.39,-330.38514798435114
2026-07-04,Bhekrainagar Pune,0,flat,-25.330000000000105,-51.53687875944215
2026-07-04,Bhekrainagar Pune,0,increased,763.0,715.2831300785824
2026-07-04,Bhiwandi - Shivaji Chowk,0,decreased,-109.96,-119.30020392548656
2026-07-04,Bhiwandi - Shivaji Chowk,0,flat,-0.5899999999999999,-27.085221530790097
2026-07-04,Bhiwandi - Shivaji Chowk,0,increased,147.64,56.8424473805775
2026-07-04,Bhiwandi Dhamankar Naka,1,decreased,-231.06,-211.83234507146764
2026-07-04,Bhiwandi Dhamankar Naka,1,flat,-156.52999999999997,-204.0216189216455
2026-07-04,Bhiwandi Dhamankar Naka,1,increased,1515.36,1451.5783948289989
2026-07-04,Bibwewadi Pune,0,decreased,-230.8799999999999,-246.0478622619131
2026-07-04,Bibwewadi Pune,0,flat,145.82999999999979,20.502269176688483
2026-07-04,Bibwewadi Pune,0,increased,721.07,665.1371794692586
2026-07-04,Bytco Point Nashik,0,decreased,-107.27,-101.40344725456647
2026-07-04,Bytco Point Nashik,0,flat,-32.63000000000007,-104.45204479348547
2026-07-04,Bytco Point Nashik,0,increased,812.9,691.1952680459912
2026-07-04,CST Bora Bazaar,0,decreased,-70.67,-46.58440139434603
2026-07-04,CST Bora Bazaar,0,flat,69.79999999999998,30.45513860615198
2026-07-04,CST Bora Bazaar,0,increased,634.7800000000001,646.0484260324263
2026-07-04,Chandivali,0,decreased,-268.69000000000005,-313.14959653538085
2026-07-04,Chandivali,0,flat,1364.1300000000003,-86.42143631015959
2026-07-04,Chandivali,0,increased,885.28,880.2512241639294
2026-07-04,Charkop,0,decreased,-129.86999999999995,-115.03636265632315
2026-07-04,Charkop,0,flat,39.32999999999968,-293.8808076718866
2026-07-04,Charkop,0,increased,2271.0400000000004,2272.508262831381
2026-07-04,Chembur,0,decreased,-173.36999999999995,-176.9522848137248
2026-07-04,Chembur,0,flat,-36.08000000000001,-83.69361906535248
2026-07-04,Chembur,0,increased,3046.65,3005.126845525878
2026-07-04,Chinchwad,1,decreased,-28.74999999999998,-23.70355848571947
2026-07-04,Chinchwad,1,flat,66.00999999999993,119.5170837626
2026-07-04,Chinchwad,1,increased,837.84,806.4859367976926
2026-07-04,Chinchwad - Gandhi Peth,1,decreased,-62.42,-62.458283123425716
2026-07-04,Chinchwad - Gandhi Peth,1,flat,3.2400000000000064,51.38494343410472
2026-07-04,Chinchwad - Gandhi Peth,1,increased,741.2300000000004,720.292888664306
2026-07-04,Cidco Nashik,0,decreased,-32.18000000000001,-15.711817219990053
2026-07-04,Cidco Nashik,0,flat,-87.48999999999987,-129.4741071786799
2026-07-04,Cidco Nashik,0,increased,791.34,778.1248245807349
2026-07-04,Colaba,1,decreased,-72.73,-72.63008237850217
2026-07-04,Colaba,1,flat,-77.68000000000004,-18.9903927435402
2026-07-04,Colaba,1,increased,1385.52,1447.5698314515244
2026-07-04,Dadar East,0,decreased,-73.93000000000004,-72.97385270049426
2026-07-04,Dadar East,0,flat,140.77999999999992,-94.32519605336921
2026-07-04,Dadar East,0,increased,1152.8500000000004,975.1661077182154
2026-07-04,Dahisar,0,decreased,-163.14000000000001,-158.6431305908845
2026-07-04,Dahisar,0,flat,-135.21000000000015,-313.76943740592014
2026-07-04,Dahisar,0,increased,2347.4,2297.2109263161433
2026-07-04,Dattnagar,0,decreased,-436.82,-429.4542115817214
2026-07-04,Dattnagar,0,flat,-74.95000000000005,-111.67271109318546
2026-07-04,Dattnagar,0,increased,1673.23,1611.3781274425814
2026-07-04,Dhanakwadi,0,decreased,-291.73,-510.0810506292505
2026-07-04,Dhanakwadi,0,flat,27.139999999999997,-118.95510812182351
2026-07-04,Dhanakwadi,0,increased,1196.21,1139.0412896286027
2026-07-04,Dhanori Pune,0,decreased,-74.65000000000003,-72.32256798825262
2026-07-04,Dhanori Pune,0,flat,-135.27999999999997,18.56580235820933
2026-07-04,Dhanori Pune,0,increased,1143.8999999999999,1139.0229921233883
2026-07-04,Dhayari Pune,0,decreased,-157.7,-292.92944647473735
2026-07-04,Dhayari Pune,0,flat,-182.4600000000002,-133.64070444084362
2026-07-04,Dhayari Pune,0,increased,1208.3100000000002,879.6553035519504
2026-07-04,Dighi Pune,1,decreased,-206.56000000000006,-204.70256750501568
2026-07-04,Dighi Pune,1,flat,0.7600000000000584,-129.78033685482546
2026-07-04,Dighi Pune,1,increased,543.49,496.37536055664646
2026-07-04,Dombivali,0,decreased,-77.32000000000004,-83.14657315016015
2026-07-04,Dombivali,0,flat,-86.84000000000017,-88.97381245456201
2026-07-04,Dombivali,0,increased,1951.27,1868.5370854148962
2026-07-04,Dombivali - Navpada,0,decreased,-77.85000000000002,-82.39951024188119
2026-07-04,Dombivali - Navpada,0,flat,-43.130000000000045,8.784266443374769
2026-07-04,Dombivali - Navpada,0,increased,718.37,679.742391918324
2026-07-04,Dombivali - Reti Bunder,0,decreased,-280.63500000000016,-270.9087390308939
2026-07-04,Dombivali - Reti Bunder,0,flat,-17.059999999999818,-473.70243918157456
2026-07-04,Dombivali - Reti Bunder,0,increased,444.64,434.0992922963735
2026-07-04,Dombivli West,0,decreased,-168.35999999999999,-154.85365384532008
2026-07-04,Dombivli West,0,flat,18.439999999999955,-23.412605874449287
2026-07-04,Dombivli West,0,increased,2105.06,2090.898170793754
2026-07-04,Evershine Nagar,0,decreased,-77.41999999999999,-127.21551515613359
2026-07-04,Evershine Nagar,0,flat,9.30999999999992,28.10945148930393
2026-07-04,Evershine Nagar,0,increased,701.03,728.3207274488943
2026-07-04,Fam Society - Koperkhairne,0,decreased,-143.04,-135.76135680871107
2026-07-04,Fam Society - Koperkhairne,0,flat,64.53999999999992,-93.67965897747447
2026-07-04,Fam Society - Koperkhairne,0,increased,1737.5000000000002,1664.1438289312514
2026-07-04,Fursungi Pune,0,decreased,-68.20999999999998,-70.56527635464602
2026-07-04,Fursungi Pune,0,flat,-33.62000000000001,126.92994264773371
2026-07-04,Fursungi Pune,0,increased,1181.82,1168.9166414652877
2026-07-04,Ghansoli,0,decreased,-578.99,-496.04358105919954
2026-07-04,Ghansoli,0,flat,-68.02000000000001,-104.16305256547753
2026-07-04,Ghansoli,0,increased,1899.9300000000003,1798.2518145977774
2026-07-04,Ghatkopar East,0,decreased,-274.69999999999993,-267.4097983720111
2026-07-04,Ghatkopar East,0,flat,-343.4599999999999,-216.2247800922562
2026-07-04,Ghatkopar East,0,increased,2371.04,2381.4994326788374
2026-07-04,Ghatkopar West,0,decreased,-201.04999999999998,-195.23337505314464
2026-07-04,Ghatkopar West,0,flat,-61.340000000000146,29.714296752690533
2026-07-04,Ghatkopar West,0,increased,1052.26,1032.255284500092
2026-07-04,Ghodapdeo - Byculla,0,decreased,-53.94,-54.53830449239747
2026-07-04,Ghodapdeo - Byculla,0,flat,-130.44000000000008,-121.95006981662188
2026-07-04,Ghodapdeo - Byculla,0,increased,1349.8300000000002,1371.7716771188052
2026-07-04,Global City Virar West,0,decreased,-20.119999999999997,-7.430803249606043
2026-07-04,Global City Virar West,0,flat,-7.909999999999961,188.20858223834873
2026-07-04,Global City Virar West,0,increased,866.71,708.5582878145375
2026-07-04,Goregaon,1,decreased,-5.0,-4.9781269841269875
2026-07-04,Goregaon,1,flat,-115.24000000000011,-101.12576600556464
2026-07-04,Goregaon,1,increased,2165.89,2126.2548209470174
2026-07-04,Goregaon West S.V. Road,1,decreased,-238.42999999999995,-139.05986496447431
2026-07-04,Goregaon West S.V. Road,1,flat,-101.26000000000005,11.537829340144672
2026-07-04,Goregaon West S.V. Road,1,increased,1959.9900000000002,1919.0521678636883
2026-07-04,Govandi,0,decreased,-218.73,-164.75834518847762
2026-07-04,Govandi,0,flat,-78.99000000000008,-151.95139460987022
2026-07-04,Govandi,0,increased,2169.02,2158.0651557508268
2026-07-04,Gujrat Colony Kothrud,0,decreased,-60.81,-60.80774531835206
2026-07-04,Gujrat Colony Kothrud,0,flat,-998.0299999999993,-1165.5788760620783
2026-07-04,Gujrat Colony Kothrud,0,increased,426.0099999999998,329.31868339069274
2026-07-04,Gulab Nagar Pune,0,decreased,-83.60999999999999,-73.84145129896618
2026-07-04,Gulab Nagar Pune,0,flat,79.41000000000003,-120.31464723940113
2026-07-04,Gulab Nagar Pune,0,increased,375.6599999999999,373.15472870561746
2026-07-04,Hari Om Nagar,0,decreased,-185.19999999999996,-132.43082819022078
2026-07-04,Hari Om Nagar,0,flat,12.139999999999898,10.276006446905019
2026-07-04,Hari Om Nagar,0,increased,2170.44,2203.3167771457347
2026-07-04,Hiltron Ulhasnagar,0,decreased,-85.06999999999988,-109.56346412625142
2026-07-04,Hiltron Ulhasnagar,0,flat,-50.28000000000003,-195.84976549862327
2026-07-04,Hiltron Ulhasnagar,0,increased,817.54,832.3396626349036
2026-07-04,Hiranandani Thane,0,decreased,-108.1,-100.24742304252894
2026-07-04,Hiranandani Thane,0,flat,9.169999999999728,-131.87119378865924
2026-07-04,Hiranandani Thane,0,increased,2460.14,2405.7794571306795
2026-07-04,IC Colony Borivali,0,decreased,-206.76000000000005,-204.86332213667146
2026-07-04,IC Colony Borivali,0,flat,-128.49999999999994,0.7031284994700879
2026-07-04,IC Colony Borivali,0,increased,3619.2400000000002,3543.940637716966
2026-07-04,JB Nagar,0,decreased,-275.06,-261.372975874779
2026-07-04,JB Nagar,0,flat,-199.07000000000033,-163.52415890109845
2026-07-04,JB Nagar,0,increased,2861.23,2872.1333903870354
2026-07-04,JJ Hospital,0,decreased,-163.07999999999996,-154.49100161229308
2026-07-04,JJ Hospital,0,flat,-104.09999999999998,-26.201133701888494
2026-07-04,JJ Hospital,0,increased,3346.78,3247.7403217620677
2026-07-04,Jagruti Nagar Ghatkopar,0,decreased,-112.73999999999998,-112.69763192315871
2026-07-04,Jagruti Nagar Ghatkopar,0,flat,-23.310000000000006,-350.03339788098657
2026-07-04,Jagruti Nagar Ghatkopar,0,increased,1069.5200000000002,1081.6049900006176
2026-07-04,Jail Road Nashik,0,decreased,-44.85000000000003,4.814412459694083
2026-07-04,Jail Road Nashik,0,flat,-11.140000000000017,-98.88312559002853
2026-07-04,Jail Road Nashik,0,increased,628.0500000000001,601.0552943689071
2026-07-04,Jay VIjay Nagar Nalasopara East,0,decreased,-18.51000000000002,-7.516014781021937
2026-07-04,Jay VIjay Nagar Nalasopara East,0,flat,-13.689999999999937,-14.45529577076245
2026-07-04,Jay VIjay Nagar Nalasopara East,0,increased,279.4,336.4495627658051
2026-07-04,Kalamboli,0,decreased,-41.48000000000002,-41.361193345131056
2026-07-04,Kalamboli,0,flat,-1299.75,-760.7273948031539
2026-07-04,Kalamboli,0,increased,1550.76,1511.7316907367508
2026-07-04,Kalher Bhiwandi,0,decreased,-82.44000000000003,-44.43222121949097
2026-07-04,Kalher Bhiwandi,0,flat,-38.089999999999996,-210.619388905333
2026-07-04,Kalher Bhiwandi,0,increased,991.16,988.9548737113533
2026-07-04,Kalina,0,decreased,-4.410000000000004,-4.34728644588953
2026-07-04,Kalina,0,flat,7.3099999999999525,-23.84927487511118
2026-07-04,Kalina,0,increased,1110.13,1161.1570545136678
2026-07-04,Kalwa,0,decreased,-89.87999999999995,-55.84255314426787
2026-07-04,Kalwa,0,flat,-34.92999999999987,167.09365978871116
2026-07-04,Kalwa,0,increased,2927.15,2855.972395549851
2026-07-04,Kalyan,0,decreased,-287.62,-282.168082278151
2026-07-04,Kalyan,0,flat,-9.520000000000003,-49.1278766389263
2026-07-04,Kalyan,0,increased,1097.2100000000003,1064.750413492511
2026-07-04,Kalyan - DB Chowk,0,decreased,-179.05000000000004,-65.24497969938126
2026-07-04,Kalyan - DB Chowk,0,flat,-59.529999999999944,128.31083274145422
2026-07-04,Kalyan - DB Chowk,0,increased,733.9300000000001,757.988349875885
2026-07-04,Kalyan East-Tisgaon Naka,0,decreased,-266.16999999999996,-258.6025126746785
2026-07-04,Kalyan East-Tisgaon Naka,0,flat,-126.48999999999988,-129.35970674227647
2026-07-04,Kalyan East-Tisgaon Naka,0,increased,1092.32,1063.3143792404055
2026-07-04,Kalyan West Club Road,0,decreased,-43.889999999999986,19.31063462752524
2026-07-04,Kalyan West Club Road,0,flat,-123.76999999999994,-143.12012280154147
2026-07-04,Kalyan West Club Road,0,increased,1511.5100000000002,1450.3332172184707
2026-07-04,Kamotha,0,decreased,-610.66,-497.7690120113694
2026-07-04,Kamotha,0,flat,-248.53000000000011,-514.9109256904087
2026-07-04,Kamotha,0,increased,2117.0,2009.8571752875512
2026-07-04,Kamothe - Sector 36,0,decreased,-77.09000000000005,-14.088836219645138
2026-07-04,Kamothe - Sector 36,0,flat,-198.73999999999992,169.0108557752376
2026-07-04,Kamothe - Sector 36,0,increased,756.1200000000001,741.5614777864799
2026-07-04,Kandivali East,0,decreased,-193.27999999999997,-95.09594936660106
2026-07-04,Kandivali East,0,flat,-32.84999999999989,-94.29700219208861
2026-07-04,Kandivali East,0,increased,2555.21,2532.6351461330532
2026-07-04,Kandivali West,0,decreased,0.0,-1.3005925187032403
2026-07-04,Kandivali West,0,flat,-153.27000000000007,-125.48645579461459
2026-07-04,Kandivali West,0,increased,802.78,824.569843544601
2026-07-04,Kasarvadavali Thane,0,decreased,-331.58,-262.95341144737773
2026-07-04,Kasarvadavali Thane,0,flat,-75.28000000000003,-7.801782064205142
2026-07-04,Kasarvadavali Thane,0,increased,1522.76,1519.2955289320735
2026-07-04,Katrap Badlapur East,0,decreased,-15.59999999999998,12.574142654850455
2026-07-04,Katrap Badlapur East,0,flat,-80.73000000000002,-214.17190031917434
2026-07-04,Katrap Badlapur East,0,increased,692.42,615.015400297412
2026-07-04,Khadki Pune,0,decreased,-427.77000000000004,-518.4406809946452
2026-07-04,Khadki Pune,0,flat,24.839999999999712,-145.99748013283133
2026-07-04,Khadki Pune,0,increased,460.19,428.1027925866038
2026-07-04,Khanda Colony,1,decreased,-80.43999999999994,-74.21270840651059
2026-07-04,Khanda Colony,1,flat,8.120000000000005,-128.8269461111964
2026-07-04,Khanda Colony,1,increased,1049.4,1034.1419205081552
2026-07-04,Khar West,1,decreased,-212.26,-170.92412628649214
2026-07-04,Khar West,1,flat,77.56999999999991,-89.0527109149124
2026-07-04,Khar West,1,increased,1679.18,1679.0743462599062
2026-07-04,Kharghar,0,decreased,-102.76999999999997,-99.60435300073267
2026-07-04,Kharghar,0,flat,-276.34000000000026,-385.74671617026314
2026-07-04,Kharghar,0,increased,2217.65,2294.0176725742217
2026-07-04,Kharghar Sector 12,0,decreased,-127.85999999999999,-113.64080985843418
2026-07-04,Kharghar Sector 12,0,flat,-63.67999999999991,-259.614499883153
2026-07-04,Kharghar Sector 12,0,increased,1423.49,1412.7212959741228
2026-07-04,Khopat,0,decreased,-342.81,-345.37946949503055
2026-07-04,Khopat,0,flat,-270.82,-195.52891385912778
2026-07-04,Khopat,0,increased,2669.2299999999996,2639.9994203577344
2026-07-04,Khutwad Nagar Nashik,0,decreased,-144.56,-117.07050769786956
2026-07-04,Khutwad Nagar Nashik,0,flat,-29.389999999999986,21.26313974682957
2026-07-04,Khutwad Nagar Nashik,0,increased,286.36,183.39030096961682
2026-07-04,Kolsheth,0,decreased,-208.45999999999998,-214.7542162271961
2026-07-04,Kolsheth,0,flat,-247.26999999999987,21.72827872432672
2026-07-04,Kolsheth,0,increased,5901.110000000001,5745.077126645356
2026-07-04,Kopar Khairane,0,decreased,-271.95000000000005,-202.714633182706
2026-07-04,Kopar Khairane,0,flat,39.599999999999866,-275.56478017164113
2026-07-04,Kopar Khairane,0,increased,2189.3300000000004,2049.2843236605536
2026-07-04,Kopari Thane,0,decreased,-126.89999999999998,-141.35571797884225
2026-07-04,Kopari Thane,0,flat,-1264.0,-1210.050163796813
2026-07-04,Kopari Thane,0,increased,548.6800000000001,602.0758175174303
2026-07-04,Koper Khairane - Sector 7,0,decreased,-299.3699999999999,-161.63203892766492
2026-07-04,Koper Khairane - Sector 7,0,flat,-45.059999999999974,-52.78986704781322
2026-07-04,Koper Khairane - Sector 7,0,increased,816.0,778.73875869217
2026-07-04,Kulgaon Badlapur West,0,decreased,-85.16,-86.7746976322549
2026-07-04,Kulgaon Badlapur West,0,flat,58.479999999999954,-41.30621614280189
2026-07-04,Kulgaon Badlapur West,0,increased,898.45,897.1813129963464
2026-07-04,Kurla,0,decreased,-117.04999999999998,-103.59865808304218
2026-07-04,Kurla,0,flat,-89.6099999999999,50.06140999068697
2026-07-04,Kurla,0,increased,1061.27,1076.2395624285575
2026-07-04,Kurla West,0,decreased,-450.27,-362.90142597176134
2026-07-04,Kurla West,0,flat,-168.68999999999994,-163.0139743369339
2026-07-04,Kurla West,0,increased,2741.42,2730.3482034965295
2026-07-04,Lower Parel - SJ Marg,0,decreased,-248.64000000000004,-246.22200075275987
2026-07-04,Lower Parel - SJ Marg,0,flat,-141.23,-29.109686236553866
2026-07-04,Lower Parel - SJ Marg,0,increased,824.51,767.6211190380926
2026-07-04,Mahakali,0,decreased,-127.97999999999999,-101.49755679937314
2026-07-04,Mahakali,0,flat,66.56999999999996,-163.01802736425543
2026-07-04,Mahakali,0,increased,1600.7200000000003,1565.5272302839928
2026-07-04,Mahavir Pride Dombivali,0,decreased,-222.9800000000002,303.9923894826347
2026-07-04,Mahavir Pride Dombivali,0,flat,41.28999999999996,-202.62420894426518
2026-07-04,Mahavir Pride Dombivali,0,increased,1722.78,1661.862898846725
2026-07-04,Mahim West,0,decreased,-205.71999999999997,-209.31481350077215
2026-07-04,Mahim West,0,flat,39.949999999999974,33.60549674945223
2026-07-04,Mahim West,0,increased,1424.9900000000002,1428.9700194751126
2026-07-04,Malad,0,decreased,-271.0,-269.3811357312431
2026-07-04,Malad,0,flat,-96.86000000000024,-51.40454893613878
2026-07-04,Malad,0,increased,2313.54,2395.3992987842507
2026-07-04,Malad Liberty Garden,0,decreased,-20.329999999999988,-20.255301559586584
2026-07-04,Malad Liberty Garden,0,flat,-7.099999999999877,-42.90184936299784
2026-07-04,Malad Liberty Garden,0,increased,1885.74,1850.0891158618138
2026-07-04,Malwani,0,decreased,-59.24,-58.6984510505698
2026-07-04,Malwani,0,flat,-175.25,-15.188507170946334
2026-07-04,Malwani,0,increased,1728.68,1704.856963318643
2026-07-04,Marol,0,decreased,-20.729999999999905,-101.88539353137097
2026-07-04,Marol,0,flat,-97.43000000000004,-166.19485603274495
2026-07-04,Marol,0,increased,2642.2200000000003,2680.69233741685
2026-07-04,Mharal Ulhasnagar,0,decreased,-103.83000000000003,-99.37788177013704
2026-07-04,Mharal Ulhasnagar,0,flat,-27.919999999999803,11.585014595819565
2026-07-04,Mharal Ulhasnagar,0,increased,1193.09,1148.7426772275137
2026-07-04,Mhasrul Nashik,0,decreased,-34.459999999999994,-32.835749902958355
2026-07-04,Mhasrul Nashik,0,flat,-106.07999999999998,-173.09574074840046
2026-07-04,Mhasrul Nashik,0,increased,903.66,853.9118913302767
2026-07-04,Mira Road,0,decreased,-40.21000000000001,-44.55769330635172
2026-07-04,Mira Road,0,flat,243.40000000000012,590.009843489289
2026-07-04,Mira Road,0,increased,1246.31,1216.9774235564626
2026-07-04,Mira Road - GCC Club Road,0,decreased,-25.29999999999999,-27.47392730177446
2026-07-04,Mira Road - GCC Club Road,0,flat,-121.19000000000001,-80.02068058865845
2026-07-04,Mira Road - GCC Club Road,0,increased,517.0500000000001,525.5893750283523
2026-07-04,Mira Road Jangid Complex,0,decreased,-69.34,-42.4059936273897
2026-07-04,Mira Road Jangid Complex,0,flat,22.429999999999655,113.48298536086003
2026-07-04,Mira Road Jangid Complex,0,increased,1441.08,1318.82724287659
2026-07-04,Mohan Nagar Kandivali,0,decreased,-313.23,-378.8049832850266
2026-07-04,Mohan Nagar Kandivali,0,flat,-73.64999999999998,-320.798372262572
2026-07-04,Mohan Nagar Kandivali,0,increased,1621.3899999999999,1729.6982102009829
2026-07-04,Mulund East,0,decreased,-194.4699999999998,-214.85935639660298
2026-07-04,Mulund East,0,flat,-420.5099999999999,178.20475095785784
2026-07-04,Mulund East,0,increased,2962.94,2950.1853555572557
2026-07-04,Mulund Panch Rasta,0,decreased,-218.55,-197.69737875970756
2026-07-04,Mulund Panch Rasta,0,flat,115.25999999999985,171.26905432235853
2026-07-04,Mulund Panch Rasta,0,increased,1019.59,1012.9591096121935
2026-07-04,Mulund West,0,decreased,-153.94,-144.28668434588343
2026-07-04,Mulund West,0,flat,-57.39999999999988,-226.63081352249245
2026-07-04,Mulund West,0,increased,2725.46,2731.811231362716
2026-07-04,Mulund West-Sarvodaya Nagar,0,decreased,-74.85000000000002,-74.72634132948211
2026-07-04,Mulund West-Sarvodaya Nagar,0,flat,-336.90999999999985,-203.41676004367343
2026-07-04,Mulund West-Sarvodaya Nagar,0,increased,1864.1100000000001,1733.0061694782798
2026-07-04,Mundhwa Pune,0,decreased,-90.78999999999996,-75.66093111133733
2026-07-04,Mundhwa Pune,0,flat,-18.220000000000002,-220.7999199940609
2026-07-04,Mundhwa Pune,0,increased,695.09,696.5380653161217
2026-07-04,NIBM Kondwa,0,decreased,-137.63999999999996,-137.17772216726468
2026-07-04,NIBM Kondwa,0,flat,-277.9599999999999,-270.7701255505188
2026-07-04,NIBM Kondwa,0,increased,2062.52,2025.8910112507301
2026-07-04,Nahur West,0,decreased,-23.12000000000004,-33.91957405070233
2026-07-04,Nahur West,0,flat,-143.98000000000002,-222.59254110890691
2026-07-04,Nahur West,0,increased,1136.5100000000002,1080.9133093766832
2026-07-04,Nalasopara - Yashwant Nagar,0,decreased,-113.42,-113.38992880326668
2026-07-04,Nalasopara - Yashwant Nagar,0,flat,-49.63000000000002,-117.74609993965902
2026-07-04,Nalasopara - Yashwant Nagar,0,increased,524.02,499.572649164089
2026-07-04,Nalasopara West,0,flat,0.0,-5.826370086900074
2026-07-04,Nalasopara West,0,increased,240.71,249.0958970257495
2026-07-04,Narhe Pune,0,decreased,-38.64999999999999,-48.33340104554857
2026-07-04,Narhe Pune,0,flat,-81.08999999999996,44.81599356625432
2026-07-04,Narhe Pune,0,increased,894.51,823.9487899427376
2026-07-04,Naupada,0,decreased,-105.82999999999996,-97.28823646750217
2026-07-04,Naupada,0,flat,172.17999999999986,-84.28972650883722
2026-07-04,Naupada,0,increased,2295.34,2342.11311904678
2026-07-04,Navare Nagar Ambernath,0,decreased,-168.45999999999998,-164.05270999000612
2026-07-04,Navare Nagar Ambernath,0,flat,-66.11000000000001,-141.078459327772
2026-07-04,Navare Nagar Ambernath,0,increased,841.1800000000001,787.9645877273514
2026-07-04,Navi Peth Pune,0,decreased,-141.31000000000003,-143.38305925684105
2026-07-04,Navi Peth Pune,0,flat,-138.58999999999995,-275.3159334942994
2026-07-04,Navi Peth Pune,0,increased,1273.54,1283.6094665516512
2026-07-04,Navjeevan Mumbai Central,0,decreased,-87.72,-98.80710043668739
2026-07-04,Navjeevan Mumbai Central,0,flat,-93.28999999999988,-121.64804252437622
2026-07-04,Navjeevan Mumbai Central,0,increased,1078.11,1006.4190409418413
2026-07-04,Nerul East,0,decreased,-126.66999999999999,-48.43891257269187
2026-07-04,Nerul East,0,flat,-132.20999999999998,-204.27482957217643
2026-07-04,Nerul East,0,increased,1258.91,1233.586143540321
2026-07-04,Nerul West,0,decreased,-283.84000000000003,-291.33093985017706
2026-07-04,Nerul West,0,flat,24.710000000000036,55.21858308362819
2026-07-04,Nerul West,0,increased,1994.58,1822.0572537463527
2026-07-04,New Panvel,0,decreased,-200.02,-207.10975144824152
2026-07-04,New Panvel,0,flat,236.12999999999988,-9.249726129790801
2026-07-04,New Panvel,0,increased,1707.1799999999998,1688.2997762423263
2026-07-04,Old Panvel,0,decreased,-82.93,-74.37915080127142
2026-07-04,Old Panvel,0,flat,-150.7200000000001,-70.623294669541
2026-07-04,Old Panvel,0,increased,1424.29,1444.1649926271677
2026-07-04,Palegaon Ambernath,0,decreased,-70.58999999999999,-35.746976711879746
2026-07-04,Palegaon Ambernath,0,flat,233.84999999999994,-37.85599052310637
2026-07-04,Palegaon Ambernath,0,increased,514.8400000000001,517.5650164118391
2026-07-04,Panchpakhadi,0,decreased,-305.51000000000005,-292.62080336975714
2026-07-04,Panchpakhadi,0,flat,-16.06000000000018,69.21681369967025
2026-07-04,Panchpakhadi,0,increased,1274.92,1267.227045152283
2026-07-04,Pantnagar,0,decreased,-75.72999999999996,-66.783425287425
2026-07-04,Pantnagar,0,flat,-114.85000000000014,-46.947370375949774
2026-07-04,Pantnagar,0,increased,868.93,931.2895424345784
2026-07-04,Panvel - Uran Naka,0,decreased,-151.67,-156.36627945613105
2026-07-04,Panvel - Uran Naka,0,flat,-167.58999999999995,-74.25894765226208
2026-07-04,Panvel - Uran Naka,0,increased,633.79,619.4595086110819
2026-07-04,Phadke Road - Dombivali,0,decreased,-233.65999999999997,-244.53260699469575
2026-07-04,Phadke Road - Dombivali,0,flat,-101.30000000000004,-98.03166933328393
2026-07-04,Phadke Road - Dombivali,0,increased,1437.23,1439.0458584401338
2026-07-04,Pimple Gurav,0,decreased,-71.42000000000004,-71.2647642823113
2026-07-04,Pimple Gurav,0,flat,-55.97000000000012,28.10362653016261
2026-07-04,Pimple Gurav,0,increased,1372.56,1338.639679262556
2026-07-04,Prabhadevi,0,decreased,-490.59999999999997,-370.5683705397452
2026-07-04,Prabhadevi,0,flat,-106.12999999999994,-267.42192100370625
2026-07-04,Prabhadevi,0,increased,2747.0000000000005,2743.0340416715912
2026-07-04,Pragati Nagar Nalasopara East,0,decreased,-70.06,-79.64456396257904
2026-07-04,Pragati Nagar Nalasopara East,0,flat,-69.16999999999997,70.55992790493576
2026-07-04,Pragati Nagar Nalasopara East,0,increased,324.84000000000003,343.3099553492908
2026-07-04,Rajawadi,0,decreased,-69.84,-64.30382720173203
2026-07-04,Rajawadi,0,flat,-106.10999999999999,-116.39413605462886
2026-07-04,Rajawadi,0,increased,1278.5000000000002,1335.8924128163085
2026-07-04,Roadpali Kalamboli,0,decreased,-25.90999999999999,-20.930938099747458
2026-07-04,Roadpali Kalamboli,0,flat,-83.10999999999999,324.0172826367238
2026-07-04,Roadpali Kalamboli,0,increased,1039.8900000000003,717.7089782837223
2026-07-04,Rupee Nagar Pune,0,decreased,-49.09999999999999,-48.979715213066704
2026-07-04,Rupee Nagar Pune,0,flat,20.699999999999974,56.54209215045017
2026-07-04,Rupee Nagar Pune,0,increased,541.91,528.7246752594772
2026-07-04,Saibaba Nagar,0,decreased,-51.34999999999999,-51.985692658057005
2026-07-04,Saibaba Nagar,0,flat,-54.00999999999997,-52.07111680360416
2026-07-04,Saibaba Nagar,0,increased,1286.05,1314.0488061965
2026-07-04,Sakinaka - Pipeline Road,0,decreased,-68.95999999999998,-81.017025807132
2026-07-04,Sakinaka - Pipeline Road,0,flat,-27.690000000000108,-53.58081144155687
2026-07-04,Sakinaka - Pipeline Road,0,increased,436.37,471.8171639978597
2026-07-04,Sanpada,1,decreased,-253.98,-216.7163968210006
2026-07-04,Sanpada,1,flat,-189.43999999999983,24.64306888609787
2026-07-04,Sanpada,1,increased,2101.03,2054.4422485776877
2026-07-04,Santa Cruz SV Road,0,decreased,-150.15,-152.2421060634781
2026-07-04,Santa Cruz SV Road,0,flat,-97.70999999999994,-145.39815380485496
2026-07-04,Santa Cruz SV Road,0,increased,1308.6000000000001,1182.3175484714948
2026-07-04,"Santoshi Mata Road, Kalyan West",0,decreased,-69.43000000000004,-102.18562067091675
2026-07-04,"Santoshi Mata Road, Kalyan West",0,flat,-134.12999999999997,-52.30235152779802
2026-07-04,"Santoshi Mata Road, Kalyan West",0,increased,761.3100000000001,750.5605913739573
2026-07-04,Sasane Nagar Pune,1,decreased,-26.840000000000053,-29.379338338959837
2026-07-04,Sasane Nagar Pune,1,flat,-167.47000000000003,-91.20132986513426
2026-07-04,Sasane Nagar Pune,1,increased,1087.89,1063.6053450892912
2026-07-04,Seawoods,0,decreased,-50.11999999999999,-48.83374452554506
2026-07-04,Seawoods,0,flat,250.21000000000015,48.943454883385435
2026-07-04,Seawoods,0,increased,1538.1899999999998,3899.3082661422477
2026-07-04,Sector 3 - New Panvel,0,decreased,-133.21999999999997,-120.08622453859462
2026-07-04,Sector 3 - New Panvel,0,flat,-228.85999999999999,-22.034961026120044
2026-07-04,Sector 3 - New Panvel,0,increased,795.6700000000001,760.4045735810219
2026-07-04,Shanti Nagar Mira Road,0,decreased,-81.32,-93.35105323402868
2026-07-04,Shanti Nagar Mira Road,0,flat,-23.589999999999925,-47.19801021266056
2026-07-04,Shanti Nagar Mira Road,0,increased,871.64,875.1759305382274
2026-07-04,Shirgaon Badlapur,0,decreased,-84.73999999999998,-106.43928756516989
2026-07-04,Shirgaon Badlapur,0,flat,-79.32999999999998,-50.28435344689364
2026-07-04,Shirgaon Badlapur,0,increased,754.5600000000001,677.8792899769716
2026-07-04,Shivaji Nagar Pune,0,decreased,-84.71999999999998,-84.59001118176886
2026-07-04,Shivaji Nagar Pune,0,flat,-210.6000000000002,-356.111701142195
2026-07-04,Shivaji Nagar Pune,0,increased,1901.5000000000005,1991.683202258181
2026-07-04,Shreenagar,0,decreased,-315.23999999999995,-348.3090331721621
2026-07-04,Shreenagar,0,flat,512.9999999999997,-68.43927185542437
2026-07-04,Shreenagar,0,increased,4444.57,4683.260894083973
2026-07-04,Shriprastha Nalasopara West,0,decreased,-2.009999999999998,-11.14552015416242
2026-07-04,Shriprastha Nalasopara West,0,flat,-115.6099999999999,-40.78687939544921
2026-07-04,Shriprastha Nalasopara West,0,increased,288.78000000000003,293.09306465148705
2026-07-04,Sion Koliwada,0,decreased,-172.76,-64.19913203755853
2026-07-04,Sion Koliwada,0,flat,88.27000000000008,-35.233146793696655
2026-07-04,Sion Koliwada,0,increased,1502.5200000000002,1530.6401091855817
2026-07-04,Thakur Complex,0,decreased,-160.31999999999994,-81.28294059123346
2026-07-04,Thakur Complex,0,flat,-75.50999999999985,111.46098032368053
2026-07-04,Thakur Complex,0,increased,1726.18,1714.3919535189157
2026-07-04,Thergaon,0,decreased,-52.13999999999998,-30.26978055936248
2026-07-04,Thergaon,0,flat,-27.81000000000003,-114.59890010679803
2026-07-04,Thergaon,0,increased,748.5000000000001,709.0936930458395
2026-07-04,Tilak Road Pune,0,decreased,-290.93999999999994,-203.33060540821333
2026-07-04,Tilak Road Pune,0,flat,-67.25000000000001,-46.04554844532079
2026-07-04,Tilak Road Pune,0,increased,1450.6599999999999,1376.7390457644142
2026-07-04,Tilaknagar,0,decreased,-160.41,-150.5909276677924
2026-07-04,Tilaknagar,0,flat,-119.37000000000005,-111.35754247915153
2026-07-04,Tilaknagar,0,increased,1663.3000000000002,1625.2141040371012
2026-07-04,Titwala,0,decreased,-142.80999999999997,-132.72076700024377
2026-07-04,Titwala,0,flat,157.9800000000001,18.469178356693785
2026-07-04,Titwala,0,increased,1451.75,1249.5202701592134
2026-07-04,Trimurti Chowk Nashik,0,decreased,-119.31999999999995,-118.34371445371018
2026-07-04,Trimurti Chowk Nashik,0,flat,-545.6199999999998,-33.37236591249674
2026-07-04,Trimurti Chowk Nashik,0,increased,318.2800000000001,311.2646411376676
2026-07-04,Ulhas Nagar - Shahad,0,decreased,-91.03999999999998,-129.95924425438574
2026-07-04,Ulhas Nagar - Shahad,0,flat,-21.47999999999997,-91.39302489597438
2026-07-04,Ulhas Nagar - Shahad,0,increased,856.33,828.4929120320946
2026-07-04,Ulhas Nagar - Shreeram Chowk,0,decreased,-125.04000000000002,-101.82807825045563
2026-07-04,Ulhas Nagar - Shreeram Chowk,0,flat,12.620000000000033,11.507719877012642
2026-07-04,Ulhas Nagar - Shreeram Chowk,0,increased,534.53,556.3052869070325
2026-07-04,Ulhasnagar,0,decreased,-163.9399999999999,-132.3886201326925
2026-07-04,Ulhasnagar,0,flat,-21.349999999999902,186.50187514344745
2026-07-04,Ulhasnagar,0,increased,2125.6200000000003,2115.7535865462755
2026-07-04,Ulhasnagar - Humlog Circle,0,decreased,-154.28999999999996,-135.8540816652781
2026-07-04,Ulhasnagar - Humlog Circle,0,flat,11.110000000000042,-5.408779209548847
2026-07-04,Ulhasnagar - Humlog Circle,0,increased,988.24,851.4383072692775
2026-07-04,Ulhasnagar - Khemani Chowk,0,decreased,-160.78,-166.41576877191872
2026-07-04,Ulhasnagar - Khemani Chowk,0,flat,-31.59999999999998,-19.513240420356745
2026-07-04,Ulhasnagar - Khemani Chowk,0,increased,745.0699999999999,747.4411825188141
2026-07-04,Ulhasnagar Sector 4,0,decreased,-63.559999999999974,-59.98548081539438
2026-07-04,Ulhasnagar Sector 4,0,flat,-100.14999999999998,129.41833032267158
2026-07-04,Ulhasnagar Sector 4,0,increased,1145.9099999999999,1101.9350214083481
2026-07-04,Ulwe-Navi Mumbai,0,decreased,-230.3,-144.75132138703896
2026-07-04,Ulwe-Navi Mumbai,0,flat,150.46999999999989,156.23288404410135
2026-07-04,Ulwe-Navi Mumbai,0,increased,1886.7500000000002,1842.4095461076913
2026-07-04,Vakola,0,decreased,-96.03,-88.42541503038193
2026-07-04,Vakola,0,flat,272.8100000000002,372.86642914450533
2026-07-04,Vakola,0,increased,1376.54,1370.2529508832265
2026-07-04,Vasai West - Station Road,0,decreased,-28.45000000000001,-28.389602874574287
2026-07-04,Vasai West - Station Road,0,flat,-1.1699999999999697,79.76997009475144
2026-07-04,Vasai West - Station Road,0,increased,490.3500000000001,484.1720751918711
2026-07-04,Vashi,0,decreased,-222.01999999999992,-219.36087936788397
2026-07-04,Vashi,0,flat,-352.87999999999994,-263.9237622779191
2026-07-04,Vashi,0,increased,2969.35,2794.2190606958698
2026-07-04,Vashi Sector 11,0,decreased,-32.31999999999999,-32.41554559088443
2026-07-04,Vashi Sector 11,0,flat,-31.030000000000108,37.51289092071855
2026-07-04,Vashi Sector 11,0,increased,1279.5,1263.5413178083247
2026-07-04,Veenanagar,0,decreased,-6.029999999999994,-6.015443953053236
2026-07-04,Veenanagar,0,flat,-88.53,-76.43312279817647
2026-07-04,Veenanagar,0,increased,1449.8899999999999,1298.9684711881405
2026-07-04,Versova - Yari Road,0,decreased,-420.14999999999986,-287.82408815370087
2026-07-04,Versova - Yari Road,0,flat,-97.02000000000002,-40.96287592208505
2026-07-04,Versova - Yari Road,0,increased,1687.96,1720.198646774421
2026-07-04,Versova Andheri,0,decreased,90.17000000000002,-128.43416064877783
2026-07-04,Versova Andheri,0,flat,155.78999999999994,-190.89156352527866
2026-07-04,Versova Andheri,0,increased,2507.28,2406.0886249222517
2026-07-04,Vijay Nagari - Thane,0,decreased,-73.16999999999999,-79.21275727648887
2026-07-04,Vijay Nagari - Thane,0,flat,-365.21,-256.1109344075447
2026-07-04,Vijay Nagari - Thane,0,increased,2378.9,2243.5626494858275
2026-07-04,Vikhroli,0,decreased,-823.1099999999999,-789.6636410211884
2026-07-04,Vikhroli,0,flat,-153.75999999999982,-82.53087533829964
2026-07-04,Vikhroli,0,increased,3277.8,3146.937766347509
2026-07-04,Vikhroli Kannamwar,0,decreased,-385.67,-353.2433658489837
2026-07-04,Vikhroli Kannamwar,0,flat,-99.02999999999972,-5.928644349061528
2026-07-04,Vikhroli Kannamwar,0,increased,1610.21,1521.5118243775507
2026-07-04,Vile Parle,0,decreased,-118.94999999999999,-47.133714951925526
2026-07-04,Vile Parle,0,flat,-33.66000000000001,-58.238308501759235
2026-07-04,Vile Parle,0,increased,945.0,982.9129955523595
2026-07-04,Virar East,0,decreased,-39.459999999999994,-39.33486319741776
2026-07-04,Virar East,0,flat,-217.86000000000013,-176.74815892253562
2026-07-04,Virar East,0,increased,826.2800000000001,865.1034937987556
2026-07-04,Virar West,0,flat,-130.64,-145.33740611964618
2026-07-04,Virar West,0,increased,508.45,497.86229220762345
2026-07-04,Wadgaon Budruk Pune,0,decreased,-98.28000000000002,-95.73834152599137
2026-07-04,Wadgaon Budruk Pune,0,flat,-241.95000000000005,-165.73883162554435
2026-07-04,Wadgaon Budruk Pune,0,increased,706.2800000000001,653.9249845585625
2026-07-04,Wadgaon Sheri,0,decreased,-95.79999999999997,-81.59397641161283
2026-07-04,Wadgaon Sheri,0,flat,-144.54000000000008,-23.674585421783895
2026-07-04,Wadgaon Sheri,0,increased,1303.0299999999997,1083.0822093238676
2026-07-04,Wadgaon Sheri-Old Mundhwa Rd,0,decreased,-136.18000000000006,-110.15955890769003
2026-07-04,Wadgaon Sheri-Old Mundhwa Rd,0,flat,-24.860000000000028,-222.3441057959129
2026-07-04,Wadgaon Sheri-Old Mundhwa Rd,0,increased,772.2699999999999,882.4763257198505
2026-07-04,Wanawadi Pune,0,decreased,-1834.670000000001,-1446.0407215411788
2026-07-04,Wanawadi Pune,0,flat,9.929999999999993,-151.85606831319043
2026-07-04,Wanawadi Pune,0,increased,845.78,865.816220728405
2026-07-04,Warje Pune,0,decreased,-92.82999999999997,-69.98154003091878
2026-07-04,Warje Pune,0,flat,-573.9499999999998,-343.3912107882612
2026-07-04,Warje Pune,0,increased,284.58000000000004,276.7457223428566
2026-07-04,Wayale Nagar,0,decreased,-218.66999999999996,-178.56892675378418
2026-07-04,Wayale Nagar,0,flat,510.8899999999999,-7.426637977772218
2026-07-04,Wayale Nagar,0,increased,1377.98,1412.0129051511233
2026-07-04,Yashodhan,0,decreased,-213.04999999999998,-268.9302705490558
2026-07-04,Yashodhan,0,flat,-482.7999999999997,-399.92610005677716
2026-07-04,Yashodhan,0,increased,2816.8900000000003,2751.3803825046557
2026-07-04,Yogi Nagar,0,decreased,-124.11,13.056890888985691
2026-07-04,Yogi Nagar,0,flat,18.139999999999844,112.30881200239867
2026-07-04,Yogi Nagar,0,increased,765.49,777.8524615650849
2026-07-04,Yogidham Kalyan,0,decreased,-83.43,-37.35904619883044
2026-07-04,Yogidham Kalyan,0,flat,-797.2899999999995,-671.9692410675208
2026-07-04,Yogidham Kalyan,0,increased,454.54999999999984,334.4897929372486
2026-07-05,7 Rasta Byculla,0,decreased,-51.879999999999974,-42.02181335492556
2026-07-05,7 Rasta Byculla,0,flat,-21.510000000000016,113.63684459152194
2026-07-05,7 Rasta Byculla,0,increased,682.39,675.4071640844326
2026-07-05,Airoli,0,decreased,-111.81,-95.95958966132082
2026-07-05,Airoli,0,flat,-202.22000000000006,-292.50825650811856
2026-07-05,Airoli,0,increased,3637.2400000000002,3786.0693651918064
2026-07-05,Airoli Sector - 3,0,decreased,-152.36,-149.59434453379487
2026-07-05,Airoli Sector - 3,0,flat,-44.41000000000012,130.9046918605065
2026-07-05,Airoli Sector - 3,0,increased,1616.89,1584.9376836571746
2026-07-05,Ambegaon Pune,0,decreased,-186.55,-156.49026177229737
2026-07-05,Ambegaon Pune,0,flat,-30.980000000000032,-220.37993440253143
2026-07-05,Ambegaon Pune,0,increased,574.49,538.6708710865253
2026-07-05,Ambernath East,0,decreased,-21.809999999999995,-12.6305914049494
2026-07-05,Ambernath East,0,flat,-126.58000000000001,-230.06308363697534
2026-07-05,Ambernath East,0,increased,678.46,655.889612203081
2026-07-05,Ambernath West,0,decreased,-65.57000000000002,-35.26868402298331
2026-07-05,Ambernath West,0,flat,-15.38000000000001,-172.9838540207535
2026-07-05,Ambernath West,0,increased,785.61,807.4804681094173
2026-07-05,Ashokvan Dahisar,0,decreased,-288.27,-281.90748301874015
2026-07-05,Ashokvan Dahisar,0,flat,-7.1300000000000665,-135.74634569714553
2026-07-05,Ashokvan Dahisar,0,increased,2304.71,2373.2662899583124
2026-07-05,Badlapur - Belavali,0,decreased,-185.80999999999995,-206.68206338678638
2026-07-05,Badlapur - Belavali,0,flat,-85.55000000000003,18.33740175321579
2026-07-05,Badlapur - Belavali,0,increased,673.3100000000001,712.3500591764736
2026-07-05,Badlapur East,0,decreased,-56.329999999999984,-43.18349354388752
2026-07-05,Badlapur East,0,flat,60.14999999999999,65.4446727167196
2026-07-05,Badlapur East,0,increased,458.84000000000015,440.04152254850055
2026-07-05,Bandra,1,decreased,-351.40999999999997,-302.0653514079874
2026-07-05,Bandra,1,flat,-68.67999999999998,-109.43463637792449
2026-07-05,Bandra,1,increased,2475.42,2520.890418965901
2026-07-05,Bhandup West,0,decreased,-106.64999999999998,-94.44454737315918
2026-07-05,Bhandup West,0,flat,-65.20000000000012,-310.3771404181938
2026-07-05,Bhandup West,0,increased,1906.9999999999998,1898.4328376810101
2026-07-05,Bhayandar,0,decreased,-162.73999999999995,-141.1990530305246
2026-07-05,Bhayandar,0,flat,39.40000000000006,-142.6304979908438
2026-07-05,Bhayandar,0,increased,1729.07,1619.8221144045679
2026-07-05,Bhayander 60 Feet Road,0,decreased,-56.58000000000001,-75.22079685408134
2026-07-05,Bhayander 60 Feet Road,0,flat,-88.47999999999996,17.394783102489836
2026-07-05,Bhayander 60 Feet Road,0,increased,1371.1000000000004,1344.6936641240434
2026-07-05,Bhekrainagar Pune,0,decreased,-107.11000000000001,-106.22882450181169
2026-07-05,Bhekrainagar Pune,0,flat,-65.61000000000007,-91.36359094785395
2026-07-05,Bhekrainagar Pune,0,increased,616.4300000000001,512.8306716461454
2026-07-05,Bhiwandi - Shivaji Chowk,0,decreased,-135.62,-158.55490809146352
2026-07-05,Bhiwandi - Shivaji Chowk,0,flat,4.039999999999983,18.284237411736715
2026-07-05,Bhiwandi - Shivaji Chowk,0,increased,565.2700000000001,560.6540187963104
2026-07-05,Bhiwandi Dhamankar Naka,1,decreased,-197.70999999999998,-196.4398853823916
2026-07-05,Bhiwandi Dhamankar Naka,1,flat,-49.329999999999956,-26.240640400613067
2026-07-05,Bhiwandi Dhamankar Naka,1,increased,1569.3200000000002,1538.9317313769168
2026-07-05,Bibwewadi Pune,0,decreased,-25.83999999999999,-3.4169393524523173
2026-07-05,Bibwewadi Pune,0,flat,-31.800000000000054,-6.488366184728065
2026-07-05,Bibwewadi Pune,0,increased,320.96,320.82031079708196
2026-07-05,Bytco Point Nashik,0,decreased,-92.67999999999995,-78.7424112078054
2026-07-05,Bytco Point Nashik,0,flat,28.770000000000067,-69.34440242912373
2026-07-05,Bytco Point Nashik,0,increased,536.7800000000001,531.0714480498991
2026-07-05,CST Bora Bazaar,0,decreased,-171.58999999999992,-183.41493303018996
2026-07-05,CST Bora Bazaar,0,flat,2.900000000000004,23.17338694650654
2026-07-05,CST Bora Bazaar,0,increased,454.88,426.74429548857955
2026-07-05,Chandivali,0,decreased,-78.24999999999994,-72.9101392684492
2026-07-05,Chandivali,0,flat,-5.43000000000006,-112.40531986440116
2026-07-05,Chandivali,0,increased,1072.5800000000002,1023.2307581477489
2026-07-05,Charkop,0,decreased,-108.72000000000003,-106.15214384186501
2026-07-05,Charkop,0,flat,-48.3700000000001,108.23665930109246
2026-07-05,Charkop,0,increased,2372.7,2374.750583131543
2026-07-05,Chembur,0,decreased,-147.08999999999997,-117.75206411528349
2026-07-05,Chembur,0,flat,45.690000000000175,17.836602175008576
2026-07-05,Chembur,0,increased,3568.96,3545.163508236017
2026-07-05,Chinchwad,1,decreased,-74.46000000000001,-74.93067231278818
2026-07-05,Chinchwad,1,flat,-5.150000000000002,31.544775410458577
2026-07-05,Chinchwad,1,increased,563.7700000000001,520.1766975717582
2026-07-05,Chinchwad - Gandhi Peth,1,decreased,-22.339999999999996,-22.315270406007578
2026-07-05,Chinchwad - Gandhi Peth,1,flat,-69.24000000000002,-10.67917365090242
2026-07-05,Chinchwad - Gandhi Peth,1,increased,114.09999999999992,120.71714177396976
2026-07-05,Cidco Nashik,0,decreased,-41.1,-43.6069713289328
2026-07-05,Cidco Nashik,0,flat,-43.54999999999995,54.346379115807494
2026-07-05,Cidco Nashik,0,increased,414.79,427.2595136905358
2026-07-05,Colaba,1,decreased,-12.459999999999994,-25.16612797895639
2026-07-05,Colaba,1,flat,34.84000000000002,30.00724866616231
2026-07-05,Colaba,1,increased,840.91,862.1652022428206
2026-07-05,Dadar East,0,decreased,-56.87999999999997,-64.26163840833243
2026-07-05,Dadar East,0,flat,-247.60999999999996,-122.45156858144419
2026-07-05,Dadar East,0,increased,722.6700000000001,712.8907619414152
2026-07-05,Dahisar,0,decreased,-63.93999999999997,-71.84346211401488
2026-07-05,Dahisar,0,flat,-261.5699999999998,-295.2561961365838
2026-07-05,Dahisar,0,increased,1511.63,1551.9145322291315
2026-07-05,Dattnagar,0,decreased,-23.959999999999987,-19.524213356825808
2026-07-05,Dattnagar,0,flat,-139.50000000000014,-55.28977110640403
2026-07-05,Dattnagar,0,increased,983.59,841.1596918585755
2026-07-05,Dhanakwadi,0,decreased,-255.82000000000002,-273.4262050499247
2026-07-05,Dhanakwadi,0,flat,13.300000000000033,-27.625404589832026
2026-07-05,Dhanakwadi,0,increased,856.32,816.0861072729978
2026-07-05,Dhanori Pune,0,decreased,-113.54000000000006,-139.16332146572003
2026-07-05,Dhanori Pune,0,flat,33.35999999999997,-70.65225858035062
2026-07-05,Dhanori Pune,0,increased,1077.4499999999998,1038.1384230392202
2026-07-05,Dhayari Pune,0,decreased,-11.959999999999994,-11.959363956834544
2026-07-05,Dhayari Pune,0,flat,84.55000000000001,37.41004412661605
2026-07-05,Dhayari Pune,0,increased,702.0000000000001,709.4496080307226
2026-07-05,Dighi Pune,1,decreased,-1.2300000000000004,-1.2300000000000004
2026-07-05,Dighi Pune,1,flat,-73.58999999999997,-61.62235469012731
2026-07-05,Dighi Pune,1,increased,752.2500000000001,647.1578962161968
2026-07-05,Dombivali,0,decreased,-113.27999999999999,-89.92277380595878
2026-07-05,Dombivali,0,flat,-146.32999999999998,-44.97823496346643
2026-07-05,Dombivali,0,increased,1890.2200000000003,1791.6685903489308
2026-07-05,Dombivali - Navpada,0,decreased,-96.47000000000006,-107.6899556993977
2026-07-05,Dombivali - Navpada,0,flat,216.38000000000008,53.41920707964964
2026-07-05,Dombivali - Navpada,0,increased,893.7600000000001,833.1833567715536
2026-07-05,Dombivali - Reti Bunder,0,decreased,-151.61,-152.57743147463407
2026-07-05,Dombivali - Reti Bunder,0,flat,-134.35000000000008,-21.007425259963306
2026-07-05,Dombivali - Reti Bunder,0,increased,746.47,661.5222763196077
2026-07-05,Dombivli West,0,decreased,-200.55999999999992,-192.78472662512797
2026-07-05,Dombivli West,0,flat,45.67999999999992,53.35856615431228
2026-07-05,Dombivli West,0,increased,2940.54,2894.4540925976057
2026-07-05,Evershine Nagar,0,decreased,-42.56,-88.1007129654109
2026-07-05,Evershine Nagar,0,flat,-22.52999999999986,-71.80229961582981
2026-07-05,Evershine Nagar,0,increased,987.93,1003.6544154502178
2026-07-05,Fam Society - Koperkhairne,0,decreased,-70.57,-41.33569548450188
2026-07-05,Fam Society - Koperkhairne,0,flat,-317.9499999999997,-210.68279471105387
2026-07-05,Fam Society - Koperkhairne,0,increased,1592.5,1493.5956897650726
2026-07-05,Fursungi Pune,0,decreased,-72.23000000000002,-61.646162747708146
2026-07-05,Fursungi Pune,0,flat,55.58999999999996,8.988948830669731
2026-07-05,Fursungi Pune,0,increased,418.31000000000006,442.6665764666487
2026-07-05,Ghansoli,0,decreased,-179.38,-185.96608042945059
2026-07-05,Ghansoli,0,flat,-234.03000000000006,-124.9354357129954
2026-07-05,Ghansoli,0,increased,2622.16,2663.913854393035
2026-07-05,Ghatkopar East,0,decreased,-163.77999999999997,-226.49649046389416
2026-07-05,Ghatkopar East,0,flat,-8.70999999999988,14.38275566013796
2026-07-05,Ghatkopar East,0,increased,1545.6100000000001,1446.5073063025604
2026-07-05,Ghatkopar West,0,decreased,-1487.16,-1472.2024543822022
2026-07-05,Ghatkopar West,0,flat,-102.82999999999996,-318.8398025070159
2026-07-05,Ghatkopar West,0,increased,1587.05,1513.2693435587498
2026-07-05,Ghodapdeo - Byculla,0,decreased,-24.48999999999999,-27.795310690826806
2026-07-05,Ghodapdeo - Byculla,0,flat,-38.86,-35.111075231823214
2026-07-05,Ghodapdeo - Byculla,0,increased,484.62000000000006,482.3903311636789
2026-07-05,Global City Virar West,0,decreased,-97.28999999999996,-65.38271364708078
2026-07-05,Global City Virar West,0,flat,-204.03999999999962,-57.034522657454715
2026-07-05,Global City Virar West,0,increased,504.85000000000014,483.86867589382354
2026-07-05,Goregaon,1,decreased,-76.09999999999997,-71.57458481956857
2026-07-05,Goregaon,1,flat,-257.69999999999993,-330.38090752203385
2026-07-05,Goregaon,1,increased,3507.03,3465.495270236293
2026-07-05,Goregaon West S.V. Road,1,decreased,-242.17999999999995,-136.9783578315387
2026-07-05,Goregaon West S.V. Road,1,flat,-153.92000000000007,-77.39546092984483
2026-07-05,Goregaon West S.V. Road,1,increased,1629.8,1575.2061710527078
2026-07-05,Govandi,0,decreased,-296.32,-212.54171960839636
2026-07-05,Govandi,0,flat,59.35999999999996,-90.81577102015316
2026-07-05,Govandi,0,increased,2741.27,2634.753557993776
2026-07-05,Gujrat Colony Kothrud,0,decreased,-137.59999999999994,-59.67072176057467
2026-07-05,Gujrat Colony Kothrud,0,flat,191.64000000000013,211.49474494903376
2026-07-05,Gujrat Colony Kothrud,0,increased,566.62,527.8619992135284
2026-07-05,Gulab Nagar Pune,0,decreased,-2.009999999999998,-2.005147984351076
2026-07-05,Gulab Nagar Pune,0,flat,-25.199999999999985,-4.114645521097383
2026-07-05,Gulab Nagar Pune,0,increased,506.59000000000003,476.2180866446361
2026-07-05,Hari Om Nagar,0,decreased,-166.13000000000005,-172.3618516136852
2026-07-05,Hari Om Nagar,0,flat,-31.229999999999933,287.01649118764936
2026-07-05,Hari Om Nagar,0,increased,1135.16,1097.1621321945481
2026-07-05,Hiltron Ulhasnagar,0,decreased,-118.75,-74.3929360735416
2026-07-05,Hiltron Ulhasnagar,0,flat,-87.11,-86.07801855797833
2026-07-05,Hiltron Ulhasnagar,0,increased,763.63,766.2282418926545
2026-07-05,Hiranandani Thane,0,decreased,-151.86,-169.0998417820573
2026-07-05,Hiranandani Thane,0,flat,-474.0100000000003,-680.2107321623944
2026-07-05,Hiranandani Thane,0,increased,2976.52,2891.3050572630805
2026-07-05,IC Colony Borivali,0,decreased,-70.98000000000006,-92.11790710695985
2026-07-05,IC Colony Borivali,0,flat,-411.6799999999999,-253.78051775135353
2026-07-05,IC Colony Borivali,0,increased,1911.86,1846.482371393402
2026-07-05,JB Nagar,0,decreased,-355.68999999999994,-282.63081353723476
2026-07-05,JB Nagar,0,flat,-222.94999999999993,-479.1442294183209
2026-07-05,JB Nagar,0,increased,2724.77,2533.776241913942
2026-07-05,JJ Hospital,0,decreased,-68.78000000000003,-82.97828578953009
2026-07-05,JJ Hospital,0,flat,-28.630000000000035,-46.202191378320535
2026-07-05,JJ Hospital,0,increased,3002.7000000000003,3115.1460208058556
2026-07-05,Jagruti Nagar Ghatkopar,0,decreased,-66.62999999999997,11.976035026381581
2026-07-05,Jagruti Nagar Ghatkopar,0,flat,1.6699999999999768,-244.32295895000263
2026-07-05,Jagruti Nagar Ghatkopar,0,increased,702.51,733.9634606702532
2026-07-05,Jail Road Nashik,0,decreased,-4.969999999999999,-4.965147984351077
2026-07-05,Jail Road Nashik,0,flat,-75.69999999999995,385.93412210155066
2026-07-05,Jail Road Nashik,0,increased,238.94000000000003,214.65040069900823
2026-07-05,Jay VIjay Nagar Nalasopara East,0,decreased,-33.44999999999999,-32.87510208618175
2026-07-05,Jay VIjay Nagar Nalasopara East,0,flat,-70.35000000000002,-114.5756121302903
2026-07-05,Jay VIjay Nagar Nalasopara East,0,increased,571.9700000000001,585.867425921742
2026-07-05,Kalamboli,0,decreased,-349.36999999999995,-345.5623920478568
2026-07-05,Kalamboli,0,flat,-211.8599999999999,-279.43676668278766
2026-07-05,Kalamboli,0,increased,1169.94,1180.9299811724215
2026-07-05,Kalher Bhiwandi,0,decreased,-201.00999999999996,-88.9542108837446
2026-07-05,Kalher Bhiwandi,0,flat,-36.440000000000026,69.01380945861584
2026-07-05,Kalher Bhiwandi,0,increased,1989.1000000000001,2042.381758133032
2026-07-05,Kalina,0,decreased,-91.41,-86.92712115986836
2026-07-05,Kalina,0,flat,-135.0100000000001,-89.96013144452922
2026-07-05,Kalina,0,increased,1498.2399999999998,1516.108525210813
2026-07-05,Kalwa,0,decreased,-104.07000000000001,-74.93297578196365
2026-07-05,Kalwa,0,flat,-347.2300000000001,-78.27723574333974
2026-07-05,Kalwa,0,increased,3899.6000000000004,3952.740757503566
2026-07-05,Kalyan,0,decreased,-101.73999999999992,-83.51141500282506
2026-07-05,Kalyan,0,flat,-11.839999999999868,-76.58651940360068
2026-07-05,Kalyan,0,increased,1827.86,1703.543258544628
2026-07-05,Kalyan - DB Chowk,0,decreased,-234.62999999999994,-192.13909696128889
2026-07-05,Kalyan - DB Chowk,0,flat,15.949999999999953,101.79823204728268
2026-07-05,Kalyan - DB Chowk,0,increased,922.9699999999999,851.4240593086109
2026-07-05,Kalyan East-Tisgaon Naka,0,decreased,-72.44,-58.30376234133064
2026-07-05,Kalyan East-Tisgaon Naka,0,flat,-103.07999999999987,-82.20924651473989
2026-07-05,Kalyan East-Tisgaon Naka,0,increased,1851.38,1934.3451577026055
2026-07-05,Kalyan West Club Road,0,decreased,-26.129999999999995,4.53271027537189
2026-07-05,Kalyan West Club Road,0,flat,171.32999999999998,10.037761872638598
2026-07-05,Kalyan West Club Road,0,increased,1290.1499999999999,1308.7642531774227
2026-07-05,Kamotha,0,decreased,-476.9599999999999,-472.4358486097393
2026-07-05,Kamotha,0,flat,-19.99000000000005,-246.0929116050839
2026-07-05,Kamotha,0,increased,3028.88,3055.2672788621917
2026-07-05,Kamothe - Sector 36,0,decreased,-46.06,-41.067297225671034
2026-07-05,Kamothe - Sector 36,0,flat,-56.640000000000086,31.89433318253417
2026-07-05,Kamothe - Sector 36,0,increased,772.06,731.7063393573492
2026-07-05,Kandivali East,0,decreased,-79.96000000000001,-62.16824351568715
2026-07-05,Kandivali East,0,flat,41.05999999999993,62.47465543822973
2026-07-05,Kandivali East,0,increased,1621.54,1566.7519644455886
2026-07-05,Kandivali West,0,decreased,-72.08999999999996,-67.6445093255279
2026-07-05,Kandivali West,0,flat,10.36,8.200909039290178
2026-07-05,Kandivali West,0,increased,1519.12,1629.5525115913492
2026-07-05,Kasarvadavali Thane,0,decreased,-35.34999999999998,-36.515058916362264
2026-07-05,Kasarvadavali Thane,0,flat,-322.3700000000001,-116.74851864682947
2026-07-05,Kasarvadavali Thane,0,increased,1350.7200000000003,1340.8892940617864
2026-07-05,Katrap Badlapur East,0,decreased,-37.250000000000036,-37.372898240501186
2026-07-05,Katrap Badlapur East,0,flat,-25.78,0.6060871475410785
2026-07-05,Katrap Badlapur East,0,increased,422.1,454.8894256992709
2026-07-05,Khadki Pune,0,decreased,-26.46000000000002,-41.27488138297875
2026-07-05,Khadki Pune,0,flat,-18.020000000000028,-218.35080672774302
2026-07-05,Khadki Pune,0,increased,669.1600000000001,668.8366196863506
2026-07-05,Khanda Colony,1,decreased,-76.32,-65.76627522385833
2026-07-05,Khanda Colony,1,flat,-0.8999999999999382,-128.39015262205228
2026-07-05,Khanda Colony,1,increased,1326.48,1208.1585560754052
2026-07-05,Khar West,1,decreased,-106.14,-113.28785857980931
2026-07-05,Khar West,1,flat,-41.97999999999999,-40.42208429782884
2026-07-05,Khar West,1,increased,659.95,622.8674395926494
2026-07-05,Kharghar,0,decreased,-372.3399999999999,-345.7974510026278
2026-07-05,Kharghar,0,flat,-435.4899999999999,-426.46316369040505
2026-07-05,Kharghar,0,increased,3276.63,3227.907845700164
2026-07-05,Kharghar Sector 12,0,decreased,-45.08000000000001,-37.18784435699802
2026-07-05,Kharghar Sector 12,0,flat,-107.91000000000007,-61.84726740346176
2026-07-05,Kharghar Sector 12,0,increased,1200.3100000000002,1211.470978607321
2026-07-05,Khopat,0,decreased,-123.13999999999997,-115.88514802939723
2026-07-05,Khopat,0,flat,-24.400000000000084,24.05415107582442
2026-07-05,Khopat,0,increased,1992.49,1971.5157393594009
2026-07-05,Khutwad Nagar Nashik,0,decreased,-0.5,-0.5
2026-07-05,Khutwad Nagar Nashik,0,flat,-9.539999999999978,-31.212987484528984
2026-07-05,Khutwad Nagar Nashik,0,increased,109.78,94.15015328161759
2026-07-05,Kolsheth,0,decreased,-98.60999999999999,-95.81106404844417
2026-07-05,Kolsheth,0,flat,-372.2900000000001,-465.5276207307449
2026-07-05,Kolsheth,0,increased,3674.0,3617.413247307884
2026-07-05,Kopar Khairane,0,decreased,-180.25000000000006,-183.89590306876119
2026-07-05,Kopar Khairane,0,flat,36.569999999999766,-68.76779807081316
2026-07-05,Kopar Khairane,0,increased,3298.28,3283.4420447735442
2026-07-05,Kopari Thane,0,decreased,-26.909999999999982,-22.439290144443554
2026-07-05,Kopari Thane,0,flat,-572.1399999999999,-571.8718806107136
2026-07-05,Kopari Thane,0,increased,802.76,816.4828165892812
2026-07-05,Koper Khairane - Sector 7,0,decreased,-147.07,-128.55269916403267
2026-07-05,Koper Khairane - Sector 7,0,flat,24.370000000000015,82.06221058277978
2026-07-05,Koper Khairane - Sector 7,0,increased,1478.93,1680.6131157288655
2026-07-05,Kulgaon Badlapur West,0,decreased,-149.61,-161.68916652673218
2026-07-05,Kulgaon Badlapur West,0,flat,-26.570000000000014,24.968352591488877
2026-07-05,Kulgaon Badlapur West,0,increased,1404.55,1428.4137339987367
2026-07-05,Kurla,0,decreased,-128.24,-128.2675788564842
2026-07-05,Kurla,0,flat,-89.83999999999993,-66.1002504219417
2026-07-05,Kurla,0,increased,2049.13,491.8963477994582
2026-07-05,Kurla West,0,decreased,-37.56999999999998,-56.420650088199885
2026-07-05,Kurla West,0,flat,21.920000000000055,6.906218522199989
2026-07-05,Kurla West,0,increased,1408.91,1393.6739319182002
2026-07-05,Lower Parel - SJ Marg,0,decreased,-39.42999999999999,-6.999439950669206
2026-07-05,Lower Parel - SJ Marg,0,flat,-43.69000000000009,-26.53902256984616
2026-07-05,Lower Parel - SJ Marg,0,increased,608.43,638.1126734539142
2026-07-05,Mahakali,0,decreased,-187.82,-122.7246858656211
2026-07-05,Mahakali,0,flat,-11.939999999999976,-31.04688709988013
2026-07-05,Mahakali,0,increased,2218.48,2153.7325000302844
2026-07-05,Mahavir Pride Dombivali,0,decreased,-67.18,-50.91573398175043
2026-07-05,Mahavir Pride Dombivali,0,flat,-92.98999999999992,-116.71540461105788
2026-07-05,Mahavir Pride Dombivali,0,increased,1144.93,1126.3365766500447
2026-07-05,Mahim West,0,decreased,-73.1,-76.59681053661079
2026-07-05,Mahim West,0,flat,-65.18999999999997,-74.28906005120444
2026-07-05,Mahim West,0,increased,938.0699999999999,926.4748688980412
2026-07-05,Malad,0,decreased,-113.08999999999993,-75.79327871903608
2026-07-05,Malad,0,flat,6.330000000000066,19.28369758106615
2026-07-05,Malad,0,increased,1813.8600000000001,1900.6336943766285
2026-07-05,Malad Liberty Garden,0,decreased,-50.64999999999998,-48.68037892019368
2026-07-05,Malad Liberty Garden,0,flat,-255.03999999999996,-197.52112441489754
2026-07-05,Malad Liberty Garden,0,increased,1057.8600000000001,1053.8010873453363
2026-07-05,Malwani,0,decreased,-44.379999999999974,-87.83816247313689
2026-07-05,Malwani,0,flat,-135.75000000000003,27.28428115840934
2026-07-05,Malwani,0,increased,1138.36,1107.6608478480312
2026-07-05,Marol,0,decreased,-238.75,-252.71709351206692
2026-07-05,Marol,0,flat,-39.22999999999999,78.39738584004088
2026-07-05,Marol,0,increased,2030.87,2124.1611659227806
2026-07-05,Mharal Ulhasnagar,0,decreased,-171.45999999999998,-162.2290649602025
2026-07-05,Mharal Ulhasnagar,0,flat,93.06000000000009,210.25359662197675
2026-07-05,Mharal Ulhasnagar,0,increased,1345.91,1314.0504637281285
2026-07-05,Mhasrul Nashik,0,decreased,-58.86,-88.94915563964483
2026-07-05,Mhasrul Nashik,0,flat,331.6699999999999,127.48351811454951
2026-07-05,Mhasrul Nashik,0,increased,899.64,804.6500982830196
2026-07-05,Mira Road,0,decreased,-126.18000000000002,-97.09350551471115
2026-07-05,Mira Road,0,flat,28.999999999999886,23.524611975994034
2026-07-05,Mira Road,0,increased,1677.1700000000003,1660.5032627553935
2026-07-05,Mira Road - GCC Club Road,0,decreased,-94.72999999999999,-49.8150724477349
2026-07-05,Mira Road - GCC Club Road,0,flat,-535.4200000000001,-525.0480265982912
2026-07-05,Mira Road - GCC Club Road,0,increased,326.57,311.6165740380905
2026-07-05,Mira Road Jangid Complex,0,decreased,-305.2199999999999,-287.68252283107586
2026-07-05,Mira Road Jangid Complex,0,flat,-87.67000000000016,-8.106263153258375
2026-07-05,Mira Road Jangid Complex,0,increased,1641.96,1528.102682279952
2026-07-05,Mohan Nagar Kandivali,0,decreased,-8.039999999999992,-8.029659925536677
2026-07-05,Mohan Nagar Kandivali,0,flat,-19.4,-3.5621841780797148
2026-07-05,Mohan Nagar Kandivali,0,increased,813.25,803.8985387398066
2026-07-05,Mulund East,0,decreased,-272.22999999999996,-242.30953496063498
2026-07-05,Mulund East,0,flat,-279.95000000000016,-149.4572302352737
2026-07-05,Mulund East,0,increased,4083.7300000000005,3989.627491067309
2026-07-05,Mulund Panch Rasta,0,decreased,-73.32000000000002,-77.87988970729981
2026-07-05,Mulund Panch Rasta,0,flat,-41.17000000000002,-31.228299397330055
2026-07-05,Mulund Panch Rasta,0,increased,1142.1399999999999,1135.0250083167953
2026-07-05,Mulund West,0,decreased,-128.84999999999997,-162.78506670841222
2026-07-05,Mulund West,0,flat,-138.30999999999997,-53.16092576992168
2026-07-05,Mulund West,0,increased,3026.7000000000003,2859.6784941154137
2026-07-05,Mulund West-Sarvodaya Nagar,0,decreased,-216.73999999999995,-197.18338095618063
2026-07-05,Mulund West-Sarvodaya Nagar,0,flat,-147.55,-180.83521710443046
2026-07-05,Mulund West-Sarvodaya Nagar,0,increased,2489.4200000000005,2529.6543636754086
2026-07-05,Mundhwa Pune,0,decreased,-0.5,-0.5
2026-07-05,Mundhwa Pune,0,flat,-25.16000000000001,-35.945624076070814
2026-07-05,Mundhwa Pune,0,increased,734.0000000000001,718.57771894423
2026-07-05,NIBM Kondwa,0,decreased,-98.2,-98.22896471525841
2026-07-05,NIBM Kondwa,0,flat,-178.51999999999998,-250.27730378670574
2026-07-05,NIBM Kondwa,0,increased,2247.4100000000008,2124.4958311233177
2026-07-05,Nahur West,0,decreased,-105.63999999999999,-87.71677282750008
2026-07-05,Nahur West,0,flat,-275.96999999999974,-125.63875972395668
2026-07-05,Nahur West,0,increased,2004.98,2006.6693608670103
2026-07-05,Nalasopara - Yashwant Nagar,0,decreased,-31.259999999999998,-28.882421994401057
2026-07-05,Nalasopara - Yashwant Nagar,0,flat,-31.969999999999978,103.66303128540899
2026-07-05,Nalasopara - Yashwant Nagar,0,increased,530.91,519.8006334798607
2026-07-05,Nalasopara West,0,decreased,-40.60000000000002,-40.54133573859768
2026-07-05,Nalasopara West,0,flat,-97.11000000000001,18.026147270954077
2026-07-05,Nalasopara West,0,increased,451.89,454.25236501871314
2026-07-05,Narhe Pune,0,decreased,-93.28000000000009,-72.56819911183638
2026-07-05,Narhe Pune,0,flat,-92.66000000000005,72.62264811419556
2026-07-05,Narhe Pune,0,increased,457.15999999999997,452.6918777994128
2026-07-05,Naupada,0,decreased,-238.63000000000008,-211.84057203693357
2026-07-05,Naupada,0,flat,-66.99999999999997,-357.4260123322895
2026-07-05,Naupada,0,increased,2295.03,2247.417773133406
2026-07-05,Navare Nagar Ambernath,0,decreased,-136.13999999999996,-177.3298264917417
2026-07-05,Navare Nagar Ambernath,0,flat,-124.11999999999986,-63.65786603155182
2026-07-05,Navare Nagar Ambernath,0,increased,922.99,894.2667393403591
2026-07-05,Navi Peth Pune,0,decreased,-77.05999999999999,-70.311792645202
2026-07-05,Navi Peth Pune,0,flat,-10.030000000000008,40.22752546363209
2026-07-05,Navi Peth Pune,0,increased,933.35,877.8459217967397
2026-07-05,Navjeevan Mumbai Central,0,decreased,-332.0,-314.78604307516156
2026-07-05,Navjeevan Mumbai Central,0,flat,-50.94,-11.744958219252435
2026-07-05,Navjeevan Mumbai Central,0,increased,1583.0800000000002,1621.9779869731312
2026-07-05,Nerul East,0,decreased,-129.32999999999998,-129.33634602701125
2026-07-05,Nerul East,0,flat,-189.78000000000003,-75.71493463546885
2026-07-05,Nerul East,0,increased,1516.61,1507.8530613063156
2026-07-05,Nerul West,0,decreased,-209.56999999999988,-163.7855236462034
2026-07-05,Nerul West,0,flat,88.40000000000012,599.9336630511066
2026-07-05,Nerul West,0,increased,1366.94,1341.5027372909017
2026-07-05,New Panvel,0,decreased,-362.91,-255.6764573945557
2026-07-05,New Panvel,0,flat,-122.17000000000009,-33.169220209118635
2026-07-05,New Panvel,0,increased,1319.13,1301.8705254788883
2026-07-05,Old Panvel,0,decreased,-65.72,-107.79488242881416
2026-07-05,Old Panvel,0,flat,-140.58999999999992,15.00182588596876
2026-07-05,Old Panvel,0,increased,836.0,851.8894156578433
2026-07-05,Palegaon Ambernath,0,decreased,-85.25,-77.67123813693509
2026-07-05,Palegaon Ambernath,0,flat,24.990000000000073,-101.45551553447919
2026-07-05,Palegaon Ambernath,0,increased,629.32,644.1395536276691
2026-07-05,Panchpakhadi,0,decreased,-134.60000000000002,-117.02454216408748
2026-07-05,Panchpakhadi,0,flat,25.480000000000132,-140.77687612208766
2026-07-05,Panchpakhadi,0,increased,967.9200000000001,921.5447235376623
2026-07-05,Pantnagar,0,decreased,-27.73000000000002,-31.778925519619623
2026-07-05,Pantnagar,0,flat,7.029999999999994,-23.706544189467763
2026-07-05,Pantnagar,0,increased,1096.92,1101.4772608390203
2026-07-05,Panvel - Uran Naka,0,decreased,-188.92000000000004,-191.98996676790966
2026-07-05,Panvel - Uran Naka,0,flat,466.4500000000001,307.08829038358857
2026-07-05,Panvel - Uran Naka,0,increased,1214.08,1160.3495376420171
2026-07-05,Phadke Road - Dombivali,0,decreased,-224.82,-151.78665169719955
2026-07-05,Phadke Road - Dombivali,0,flat,-100.13999999999997,-138.25873238794023
2026-07-05,Phadke Road - Dombivali,0,increased,1356.08,1230.798628091092
2026-07-05,Pimple Gurav,0,decreased,-131.89999999999998,-33.00339047593411
2026-07-05,Pimple Gurav,0,flat,-25.730000000000004,-78.33251266326897
2026-07-05,Pimple Gurav,0,increased,577.77,577.1659461037466
2026-07-05,Prabhadevi,0,decreased,-230.73999999999998,-258.6719955771711
2026-07-05,Prabhadevi,0,flat,-132.43,-50.48959267334775
2026-07-05,Prabhadevi,0,increased,1796.5,1736.6190616409535
2026-07-05,Pragati Nagar Nalasopara East,0,decreased,-98.1,-665.7910656517937
2026-07-05,Pragati Nagar Nalasopara East,0,flat,44.88999999999997,-0.13959094777963799
2026-07-05,Pragati Nagar Nalasopara East,0,increased,1031.11,821.6643479403655
2026-07-05,Rajawadi,0,decreased,-106.36999999999993,-73.7867022790038
2026-07-05,Rajawadi,0,flat,13.430000000000021,0.8580951972383417
2026-07-05,Rajawadi,0,increased,1544.3200000000002,1560.5079061999227
2026-07-05,Roadpali Kalamboli,0,decreased,-148.73,-120.75409356876824
2026-07-05,Roadpali Kalamboli,0,flat,-150.6699999999999,-106.38147189283332
2026-07-05,Roadpali Kalamboli,0,increased,696.5799999999999,683.3029806230078
2026-07-05,Rupee Nagar Pune,0,decreased,-7.570000000000007,-7.466487236084653
2026-07-05,Rupee Nagar Pune,0,flat,33.95999999999994,-58.117404011769594
2026-07-05,Rupee Nagar Pune,0,increased,485.7,523.1895985805919
2026-07-05,Saibaba Nagar,0,decreased,-52.19,-50.996212797392936
2026-07-05,Saibaba Nagar,0,flat,-11.800000000000122,-227.184433687011
2026-07-05,Saibaba Nagar,0,increased,988.6200000000001,972.4378520585507
2026-07-05,Sakinaka - Pipeline Road,0,decreased,-69.36999999999995,-75.5175105471563
2026-07-05,Sakinaka - Pipeline Road,0,flat,-396.39000000000027,-341.9793077320474
2026-07-05,Sakinaka - Pipeline Road,0,increased,706.62,706.6544388445966
2026-07-05,Sanpada,1,decreased,-169.21000000000004,-174.7529922104538
2026-07-05,Sanpada,1,flat,-150.82000000000005,-238.68627883084304
2026-07-05,Sanpada,1,increased,2129.19,1992.1307565670688
2026-07-05,Santa Cruz SV Road,0,decreased,-122.10999999999997,-123.34323161767382
2026-07-05,Santa Cruz SV Road,0,flat,-33.080000000000055,-73.9538500581907
2026-07-05,Santa Cruz SV Road,0,increased,1212.42,1210.1985533341895
2026-07-05,"Santoshi Mata Road, Kalyan West",0,decreased,-60.05999999999996,-96.80798332672647
2026-07-05,"Santoshi Mata Road, Kalyan West",0,flat,76.87000000000006,-146.43657786164917
2026-07-05,"Santoshi Mata Road, Kalyan West",0,increased,856.8699999999999,865.7766315729738
2026-07-05,Sasane Nagar Pune,1,decreased,-121.18,-81.7636550343014
2026-07-05,Sasane Nagar Pune,1,flat,20.359999999999978,-92.06131482228172
2026-07-05,Sasane Nagar Pune,1,increased,775.09,787.2078850785388
2026-07-05,Seawoods,0,decreased,-232.84999999999988,-289.5892028129461
2026-07-05,Seawoods,0,flat,-191.4600000000001,-47.79890905858613
2026-07-05,Seawoods,0,increased,2417.89,2466.170533955197
2026-07-05,Sector 3 - New Panvel,0,decreased,-286.5799999999999,-242.4032435373531
2026-07-05,Sector 3 - New Panvel,0,flat,30.900000000000045,128.12393488751943
2026-07-05,Sector 3 - New Panvel,0,increased,1189.83,1110.7078795414266
2026-07-05,Shanti Nagar Mira Road,0,decreased,-126.04999999999995,-97.6265096853622
2026-07-05,Shanti Nagar Mira Road,0,flat,-20.72,-24.078629033999615
2026-07-05,Shanti Nagar Mira Road,0,increased,645.83,700.09117035615
2026-07-05,Shirgaon Badlapur,0,decreased,-98.80999999999997,-98.452727254922
2026-07-05,Shirgaon Badlapur,0,flat,-49.42000000000008,-27.243268391660916
2026-07-05,Shirgaon Badlapur,0,increased,823.98,822.7219876380535
2026-07-05,Shivaji Nagar Pune,0,decreased,-165.05,-301.98724152795694
2026-07-05,Shivaji Nagar Pune,0,flat,-39.6599999999999,52.354829209230225
2026-07-05,Shivaji Nagar Pune,0,increased,1025.99,997.7070406043897
2026-07-05,Shreenagar,0,decreased,-124.73999999999998,-107.88135737628232
2026-07-05,Shreenagar,0,flat,-176.65999999999997,-226.2775059646118
2026-07-05,Shreenagar,0,increased,3159.68,3001.2073534111937
2026-07-05,Shriprastha Nalasopara West,0,decreased,-120.70000000000005,-108.82789247484914
2026-07-05,Shriprastha Nalasopara West,0,flat,-139.70999999999975,-119.50401065064983
2026-07-05,Shriprastha Nalasopara West,0,increased,315.93,314.38253893611255
2026-07-05,Sion Koliwada,0,decreased,-15.889999999999993,-16.535444243702706
2026-07-05,Sion Koliwada,0,flat,-57.530000000000015,-183.25369437251697
2026-07-05,Sion Koliwada,0,increased,1537.68,1440.2101187768658
2026-07-05,Thakur Complex,0,decreased,-17.920000000000016,-27.030300973078035
2026-07-05,Thakur Complex,0,flat,-178.68,-164.30581959042468
2026-07-05,Thakur Complex,0,increased,2062.55,2019.0710760120724
2026-07-05,Thergaon,0,decreased,-88.57999999999998,-77.80089641996949
2026-07-05,Thergaon,0,flat,-25.069999999999972,13.067962492825597
2026-07-05,Thergaon,0,increased,774.5600000000001,688.0061610847771
2026-07-05,Tilak Road Pune,0,decreased,-92.51,-91.24379524094195
2026-07-05,Tilak Road Pune,0,flat,-68.75000000000001,-243.69877034941646
2026-07-05,Tilak Road Pune,0,increased,1508.01,1447.4530605702803
2026-07-05,Tilaknagar,0,decreased,-245.82999999999998,-211.45474789511223
2026-07-05,Tilaknagar,0,flat,-65.45999999999994,31.681477715191832
2026-07-05,Tilaknagar,0,increased,2289.38,2274.7135445683725
2026-07-05,Titwala,0,decreased,-81.17999999999999,-111.60506224854957
2026-07-05,Titwala,0,flat,-287.8900000000002,-175.37787491990423
2026-07-05,Titwala,0,increased,1718.5,1640.2023180297517
2026-07-05,Trimurti Chowk Nashik,0,decreased,0.009999999999990905,3.4455272727272543
2026-07-05,Trimurti Chowk Nashik,0,flat,16.379999999999995,38.3187339015682
2026-07-05,Trimurti Chowk Nashik,0,increased,248.60999999999996,195.95675504365113
2026-07-05,Ulhas Nagar - Shahad,0,decreased,-159.93,-139.14677581398792
2026-07-05,Ulhas Nagar - Shahad,0,flat,-23.590000000000074,-15.287867525949979
2026-07-05,Ulhas Nagar - Shahad,0,increased,717.71,706.9194244056157
2026-07-05,Ulhas Nagar - Shreeram Chowk,0,decreased,-18.609999999999996,-18.549857606533347
2026-07-05,Ulhas Nagar - Shreeram Chowk,0,flat,63.77,26.547826709025987
2026-07-05,Ulhas Nagar - Shreeram Chowk,0,increased,170.18,153.42411576873198
2026-07-05,Ulhasnagar,0,decreased,-87.15000000000002,-93.70842484014901
2026-07-05,Ulhasnagar,0,flat,-45.400000000000006,-49.64447582323241
2026-07-05,Ulhasnagar,0,increased,1795.59,1725.0968741808483
2026-07-05,Ulhasnagar - Humlog Circle,0,decreased,-36.15999999999997,-35.05183004872647
2026-07-05,Ulhasnagar - Humlog Circle,0,flat,-50.65000000000002,30.943249824422658
2026-07-05,Ulhasnagar - Humlog Circle,0,increased,852.97,850.299379458709
2026-07-05,Ulhasnagar - Khemani Chowk,0,decreased,-178.19999999999993,-168.60701191302695
2026-07-05,Ulhasnagar - Khemani Chowk,0,flat,-4.830000000000001,-59.871210458922974
2026-07-05,Ulhasnagar - Khemani Chowk,0,increased,1018.0300000000001,1013.8841344331848
2026-07-05,Ulhasnagar Sector 4,0,decreased,-81.26,-46.796726583933705
2026-07-05,Ulhasnagar Sector 4,0,flat,49.54000000000002,129.86378720923454
2026-07-05,Ulhasnagar Sector 4,0,increased,1545.1499999999999,1615.5729276755255
2026-07-05,Ulwe-Navi Mumbai,0,decreased,-72.70999999999998,-71.86385178227475
2026-07-05,Ulwe-Navi Mumbai,0,flat,291.45,32.64879367713777
2026-07-05,Ulwe-Navi Mumbai,0,increased,1375.19,1433.8821224621
2026-07-05,Vakola,0,decreased,-8.629999999999995,-13.413814516129037
2026-07-05,Vakola,0,flat,-94.79000000000009,153.3814797949342
2026-07-05,Vakola,0,increased,994.33,969.1696865334047
2026-07-05,Vasai West - Station Road,0,decreased,-86.56999999999996,-59.87004700232756
2026-07-05,Vasai West - Station Road,0,flat,-275.43000000000023,-328.719844214021
2026-07-05,Vasai West - Station Road,0,increased,1084.1399999999999,1017.2068992711497
2026-07-05,Vashi,0,decreased,-258.1700000000001,-238.97288681856656
2026-07-05,Vashi,0,flat,-191.36000000000013,-466.081043940102
2026-07-05,Vashi,0,increased,2978.71,2877.9332510433255
2026-07-05,Vashi Sector 11,0,decreased,-46.469999999999914,-69.6377910183869
2026-07-05,Vashi Sector 11,0,flat,-51.95000000000016,-65.01137203142116
2026-07-05,Vashi Sector 11,0,increased,1806.57,1757.4887957227138
2026-07-05,Veenanagar,0,decreased,-61.409999999999975,-44.94672744709656
2026-07-05,Veenanagar,0,flat,27.82000000000006,203.2023808462031
2026-07-05,Veenanagar,0,increased,973.6,931.8110980965594
2026-07-05,Versova - Yari Road,0,decreased,-110.60999999999996,-117.90605253267086
2026-07-05,Versova - Yari Road,0,flat,-130.07000000000025,119.72787015762421
2026-07-05,Versova - Yari Road,0,increased,1383.67,1391.266464884762
2026-07-05,Versova Andheri,0,decreased,-192.93999999999994,-104.78630387864511
2026-07-05,Versova Andheri,0,flat,37.629999999999896,-49.29186391195165
2026-07-05,Versova Andheri,0,increased,2200.6400000000003,2202.446515857185
2026-07-05,Vijay Nagari - Thane,0,decreased,-304.3800000000001,-288.6763828716948
2026-07-05,Vijay Nagari - Thane,0,flat,-72.05000000000005,126.16059374850789
2026-07-05,Vijay Nagari - Thane,0,increased,2569.12,2515.9873176618976
2026-07-05,Vikhroli,0,decreased,-307.3499999999999,-314.76001696139735
2026-07-05,Vikhroli,0,flat,122.94000000000005,-67.91669573083699
2026-07-05,Vikhroli,0,increased,3052.11,2896.134114108034
2026-07-05,Vikhroli Kannamwar,0,decreased,-260.09999999999997,-275.18643512924575
2026-07-05,Vikhroli Kannamwar,0,flat,-34.39999999999996,-62.53202853240036
2026-07-05,Vikhroli Kannamwar,0,increased,1500.7,1416.2323833014432
2026-07-05,Vile Parle,0,decreased,-14.469999999999992,-14.434440744452274
2026-07-05,Vile Parle,0,flat,77.69000000000001,-349.72367257489213
2026-07-05,Vile Parle,0,increased,510.94999999999993,498.52523734664527
2026-07-05,Virar East,0,decreased,-74.67999999999998,-51.59500180436417
2026-07-05,Virar East,0,flat,-84.21999999999996,-130.98435357913024
2026-07-05,Virar East,0,increased,1015.0300000000001,923.8531127768197
2026-07-05,Virar West,0,decreased,-47.210000000000015,-46.9958487921687
2026-07-05,Virar West,0,flat,-352.16,-55.87951580976519
2026-07-05,Virar West,0,increased,704.8500000000001,484.00652044196346
2026-07-05,Wadgaon Budruk Pune,0,decreased,-2.509999999999998,-2.505147984351076
2026-07-05,Wadgaon Budruk Pune,0,flat,-209.48999999999984,-385.72083814445745
2026-07-05,Wadgaon Budruk Pune,0,increased,502.5899999999999,452.3061444755885
2026-07-05,Wadgaon Sheri,0,decreased,-122.19000000000004,-132.58443945075916
2026-07-05,Wadgaon Sheri,0,flat,-601.0199999999998,-175.49806881749095
2026-07-05,Wadgaon Sheri,0,increased,609.63,433.7834420399858
2026-07-05,Wadgaon Sheri-Old Mundhwa Rd,0,decreased,-21.79,-21.664584250304323
2026-07-05,Wadgaon Sheri-Old Mundhwa Rd,0,flat,-148.04999999999993,-3.921001467174648
2026-07-05,Wadgaon Sheri-Old Mundhwa Rd,0,increased,690.72,656.3090682354731
2026-07-05,Wanawadi Pune,0,decreased,-27.969999999999995,-28.04895157816456
2026-07-05,Wanawadi Pune,0,flat,2.0100000000000016,-21.532668909896344
2026-07-05,Wanawadi Pune,0,increased,402.09000000000003,414.49903434505063
2026-07-05,Warje Pune,0,decreased,-10.449999999999996,-10.41507678761775
2026-07-05,Warje Pune,0,flat,0.0,50.685119253308024
2026-07-05,Warje Pune,0,increased,289.70000000000005,292.78071197842246
2026-07-05,Wayale Nagar,0,decreased,-320.2,-301.1105459617377
2026-07-05,Wayale Nagar,0,flat,-90.39999999999998,152.04236066631336
2026-07-05,Wayale Nagar,0,increased,2204.54,2388.845730228026
2026-07-05,Yashodhan,0,decreased,-129.5,-151.8506540112599
2026-07-05,Yashodhan,0,flat,-137.05999999999975,-495.9748896304866
2026-07-05,Yashodhan,0,increased,3242.2799999999997,3081.38634616792
2026-07-05,Yogi Nagar,0,decreased,-160.82,-159.98804736382687
2026-07-05,Yogi Nagar,0,flat,-51.19999999999976,-64.96159948969043
2026-07-05,Yogi Nagar,0,increased,1159.18,1138.24884887883
2026-07-05,Yogidham Kalyan,0,decreased,-30.25999999999999,-21.85284999999999
2026-07-05,Yogidham Kalyan,0,flat,-666.2299999999999,-756.8661941251396
2026-07-05,Yogidham Kalyan,0,increased,421.81,451.4206486027728
2026-07-06,7 Rasta Byculla,0,decreased,-157.89999999999998,-159.07060370047208
2026-07-06,7 Rasta Byculla,0,flat,115.51000000000005,-95.723687206593
2026-07-06,7 Rasta Byculla,0,increased,1285.0900000000001,1309.4069587611102
2026-07-06,Airoli,0,decreased,-257.79999999999995,-182.32768034484536
2026-07-06,Airoli,0,flat,-363.5400000000003,-1096.263524013297
2026-07-06,Airoli,0,increased,3088.69,3191.7558487453807
2026-07-06,Airoli Sector - 3,0,decreased,-240.89000000000001,-236.8857853330253
2026-07-06,Airoli Sector - 3,0,flat,-196.79000000000013,-42.87410606455447
2026-07-06,Airoli Sector - 3,0,increased,1778.38,1799.3600234328526
2026-07-06,Ambegaon Pune,0,decreased,-34.91,-33.35262717175074
2026-07-06,Ambegaon Pune,0,flat,-56.010000000000005,-90.60622922441084
2026-07-06,Ambegaon Pune,0,increased,335.29,334.3933204714369
2026-07-06,Ambernath East,0,decreased,-15.539999999999985,-10.184369685939721
2026-07-06,Ambernath East,0,flat,-53.86,-12.47635371232729
2026-07-06,Ambernath East,0,increased,1264.4199999999998,1205.4380904060642
2026-07-06,Ambernath West,0,decreased,-28.48999999999999,-33.43388511445673
2026-07-06,Ambernath West,0,flat,3.4900000000000073,-8.539301074323044
2026-07-06,Ambernath West,0,increased,1362.7900000000002,1250.0032299608476
2026-07-06,Ashokvan Dahisar,0,decreased,-142.39999999999995,-152.90007188989063
2026-07-06,Ashokvan Dahisar,0,flat,-0.7600000000000335,1.3998044770408207
2026-07-06,Ashokvan Dahisar,0,increased,1615.0500000000002,1421.3395095662588
2026-07-06,Badlapur - Belavali,0,decreased,-177.18999999999994,-241.69883948841638
2026-07-06,Badlapur - Belavali,0,flat,-36.83000000000002,-6.599619460374512
2026-07-06,Badlapur - Belavali,0,increased,740.12,711.717514928492
2026-07-06,Badlapur East,0,decreased,-115.4,-114.77023395061937
2026-07-06,Badlapur East,0,flat,-42.89999999999994,-57.60162525459965
2026-07-06,Badlapur East,0,increased,557.5999999999999,533.3511940528123
2026-07-06,Bandra,1,decreased,-945.5799999999999,-917.342097933551
2026-07-06,Bandra,1,flat,5.159999999999634,-319.5714981825248
2026-07-06,Bandra,1,increased,2952.82,2970.5626679586076
2026-07-06,Bhandup West,0,decreased,-66.84999999999997,-63.11037177212563
2026-07-06,Bhandup West,0,flat,-163.83999999999975,-119.38802106448998
2026-07-06,Bhandup West,0,increased,2002.65,2009.231150240892
2026-07-06,Bhayandar,0,decreased,-285.6600000000001,-263.94490412739
2026-07-06,Bhayandar,0,flat,-53.589999999999975,-173.51006352872773
2026-07-06,Bhayandar,0,increased,2154.2,2234.7324782929636
2026-07-06,Bhayander 60 Feet Road,0,decreased,-260.78,-269.63665794502674
2026-07-06,Bhayander 60 Feet Road,0,flat,-221.81000000000003,-220.86256125860342
2026-07-06,Bhayander 60 Feet Road,0,increased,1091.38,986.6172051514496
2026-07-06,Bhekrainagar Pune,0,decreased,-22.239999999999924,-83.6926095561594
2026-07-06,Bhekrainagar Pune,0,flat,-5.990000000000002,-85.03866895341562
2026-07-06,Bhekrainagar Pune,0,increased,703.2900000000001,695.9984474533031
2026-07-06,Bhiwandi - Shivaji Chowk,0,decreased,-0.5,-0.5
2026-07-06,Bhiwandi - Shivaji Chowk,0,flat,-9.960000000000008,-7.004036257131409
2026-07-06,Bhiwandi - Shivaji Chowk,0,increased,95.66000000000004,94.65577381726212
2026-07-06,Bhiwandi Dhamankar Naka,1,decreased,-300.0,-284.842458518899
2026-07-06,Bhiwandi Dhamankar Naka,1,flat,-97.40999999999988,-8.454771417227496
2026-07-06,Bhiwandi Dhamankar Naka,1,increased,1964.95,1768.6368950977806
2026-07-06,Bibwewadi Pune,0,decreased,6.890000000000001,2.9376410037766263
2026-07-06,Bibwewadi Pune,0,flat,-1397.349999999999,-1398.6784062115455
2026-07-06,Bibwewadi Pune,0,increased,2401.13,2343.143280188779
2026-07-06,Bytco Point Nashik,0,decreased,-67.23999999999998,-70.97867529548365
2026-07-06,Bytco Point Nashik,0,flat,-15.54,115.7629001146238
2026-07-06,Bytco Point Nashik,0,increased,523.75,497.9274907702968
2026-07-06,CST Bora Bazaar,0,decreased,-205.18000000000012,-197.4533856632862
2026-07-06,CST Bora Bazaar,0,flat,-47.460000000000164,-13.045206035304176
2026-07-06,CST Bora Bazaar,0,increased,1386.0900000000001,1375.9495500598237
2026-07-06,Chandivali,0,decreased,-118.69999999999999,-122.17676633070971
2026-07-06,Chandivali,0,flat,-18.019999999999946,-1.4198190582175503
2026-07-06,Chandivali,0,increased,604.8000000000002,462.3161238589108
2026-07-06,Charkop,0,decreased,-182.64,-158.49687241103237
2026-07-06,Charkop,0,flat,45.90000000000002,74.71740634176771
2026-07-06,Charkop,0,increased,2726.24,2681.01416747183
2026-07-06,Chembur,0,decreased,-97.01999999999998,-77.9607204039263
2026-07-06,Chembur,0,flat,-122.31999999999998,-112.29359747177347
2026-07-06,Chembur,0,increased,3608.35,3572.3160722189104
2026-07-06,Chinchwad,1,decreased,-109.04999999999998,-87.9994504590504
2026-07-06,Chinchwad,1,flat,-106.45000000000003,-105.18223069155215
2026-07-06,Chinchwad,1,increased,821.3000000000002,847.1764571238929
2026-07-06,Chinchwad - Gandhi Peth,1,decreased,-6.240000000000009,-5.705740041928735
2026-07-06,Chinchwad - Gandhi Peth,1,flat,-61.87999999999994,-9.835464064955994
2026-07-06,Chinchwad - Gandhi Peth,1,increased,287.95,301.488968089942
2026-07-06,Cidco Nashik,0,decreased,-48.08,-46.00308445578057
2026-07-06,Cidco Nashik,0,flat,4.849999999999952,-39.35194006774064
2026-07-06,Cidco Nashik,0,increased,523.2800000000001,469.7470098673715
2026-07-06,Colaba,1,decreased,-223.68999999999997,-211.73504560151238
2026-07-06,Colaba,1,flat,52.49999999999994,-147.5013709415425
2026-07-06,Colaba,1,increased,1205.18,1215.829156718988
2026-07-06,Dadar East,0,decreased,-1573.2399999999998,-1810.307279869107
2026-07-06,Dadar East,0,flat,-35.850000000000065,-53.286236607018395
2026-07-06,Dadar East,0,increased,1072.76,1057.1645151923897
2026-07-06,Dahisar,0,decreased,-377.21999999999986,15.69139862752533
2026-07-06,Dahisar,0,flat,-103.8099999999999,-181.74875473079177
2026-07-06,Dahisar,0,increased,758.5200000000001,712.6341405290792
2026-07-06,Dattnagar,0,decreased,-57.889999999999986,-61.41083634675614
2026-07-06,Dattnagar,0,flat,67.48999999999995,60.030110802379426
2026-07-06,Dattnagar,0,increased,1108.0300000000002,1101.821387133144
2026-07-06,Dhanakwadi,0,decreased,-352.07,-352.6695913962999
2026-07-06,Dhanakwadi,0,flat,-718.2499999999994,-713.6838503731865
2026-07-06,Dhanakwadi,0,increased,1421.9100000000003,1418.6587939878368
2026-07-06,Dhanori Pune,0,decreased,-21.039999999999992,-24.524376222826106
2026-07-06,Dhanori Pune,0,flat,-281.99999999999994,-173.86337321301622
2026-07-06,Dhanori Pune,0,increased,731.85,680.1868372618391
2026-07-06,Dhayari Pune,0,decreased,-203.18999999999997,-146.00391883661493
2026-07-06,Dhayari Pune,0,flat,-15.799999999999972,113.64896671656408
2026-07-06,Dhayari Pune,0,increased,791.59,795.6026523139211
2026-07-06,Dighi Pune,1,decreased,-75.96000000000001,-61.98969964635942
2026-07-06,Dighi Pune,1,flat,-21.850000000000087,157.79164756116725
2026-07-06,Dighi Pune,1,increased,541.68,513.3943003692768
2026-07-06,Dombivali,0,decreased,-40.61999999999993,24.03312454172446
2026-07-06,Dombivali,0,flat,-78.32,-166.83282239526372
2026-07-06,Dombivali,0,increased,1608.77,1567.19513471371
2026-07-06,Dombivali - Navpada,0,decreased,-185.10000000000002,-177.534119812548
2026-07-06,Dombivali - Navpada,0,flat,46.47000000000003,-9.132957530931577
2026-07-06,Dombivali - Navpada,0,increased,708.74,810.6582689096094
2026-07-06,Dombivali - Reti Bunder,0,decreased,-60.12999999999998,-57.80686761224622
2026-07-06,Dombivali - Reti Bunder,0,flat,-12.489999999999938,-161.70619186874478
2026-07-06,Dombivali - Reti Bunder,0,increased,351.74000000000007,356.25696558057484
2026-07-06,Dombivli West,0,decreased,-455.15,-467.02024412561286
2026-07-06,Dombivli West,0,flat,-107.76999999999988,-119.78589736490949
2026-07-06,Dombivli West,0,increased,3316.26,3322.704555411733
2026-07-06,Evershine Nagar,0,decreased,-13.230000000000011,-19.990947984351102
2026-07-06,Evershine Nagar,0,flat,-29.17000000000001,-35.00243413790745
2026-07-06,Evershine Nagar,0,increased,605.5299999999999,621.9841595991213
2026-07-06,Fam Society - Koperkhairne,0,decreased,-102.21999999999998,-100.26188819905211
2026-07-06,Fam Society - Koperkhairne,0,flat,-152.29,-223.98243183813722
2026-07-06,Fam Society - Koperkhairne,0,increased,1559.44,1500.6271607120086
2026-07-06,Fursungi Pune,0,decreased,-22.500000000000007,-35.951936219645226
2026-07-06,Fursungi Pune,0,flat,57.84000000000008,111.0083026088344
2026-07-06,Fursungi Pune,0,increased,885.44,597.1677710037192
2026-07-06,Ghansoli,0,decreased,-443.4,-434.3695810202353
2026-07-06,Ghansoli,0,flat,-264.8599999999998,-112.61674110563271
2026-07-06,Ghansoli,0,increased,3082.54,2930.3733186956897
2026-07-06,Ghatkopar East,0,decreased,-360.75000000000006,-338.2772286580467
2026-07-06,Ghatkopar East,0,flat,-345.96,-30.379484038169743
2026-07-06,Ghatkopar East,0,increased,2072.64,1795.6642769828688
2026-07-06,Ghatkopar West,0,decreased,-412.69999999999993,-428.580227517201
2026-07-06,Ghatkopar West,0,flat,-94.71000000000005,203.46839162039188
2026-07-06,Ghatkopar West,0,increased,2498.0,2385.5060353711983
2026-07-06,Ghodapdeo - Byculla,0,decreased,-360.40999999999997,-368.6848703099428
2026-07-06,Ghodapdeo - Byculla,0,flat,-120.12000000000006,-142.19010421833548
2026-07-06,Ghodapdeo - Byculla,0,increased,1373.4800000000002,1384.698932086953
2026-07-06,Global City Virar West,0,decreased,0.0,6.31720986842106
2026-07-06,Global City Virar West,0,flat,-101.92999999999991,-55.12435072315442
2026-07-06,Global City Virar West,0,increased,639.28,684.9693197292142
2026-07-06,Goregaon,1,decreased,-71.82,-75.62033016142158
2026-07-06,Goregaon,1,flat,-69.68,19.58389443251273
2026-07-06,Goregaon,1,increased,2412.02,2361.802434120284
2026-07-06,Goregaon West S.V. Road,1,decreased,-259.04999999999995,-205.31570459728445
2026-07-06,Goregaon West S.V. Road,1,flat,255.4300000000004,488.07950036349496
2026-07-06,Goregaon West S.V. Road,1,increased,1790.3700000000001,1593.9121506810902
2026-07-06,Govandi,0,decreased,-510.9699999999999,-464.46925226564014
2026-07-06,Govandi,0,flat,-7.55999999999981,-69.35864348017667
2026-07-06,Govandi,0,increased,2440.48,2211.929569174009
2026-07-06,Gujrat Colony Kothrud,0,decreased,-29.789999999999992,-29.694934394151076
2026-07-06,Gujrat Colony Kothrud,0,flat,5.380000000000024,-26.366534206819097
2026-07-06,Gujrat Colony Kothrud,0,increased,739.28,721.7024919475836
2026-07-06,Gulab Nagar Pune,0,decreased,-30.850000000000023,-36.45974790497238
2026-07-06,Gulab Nagar Pune,0,flat,15.430000000000021,148.19819915287408
2026-07-06,Gulab Nagar Pune,0,increased,612.1599999999999,652.2811465988107
2026-07-06,Hari Om Nagar,0,decreased,-64.97999999999996,-119.50697093556127
2026-07-06,Hari Om Nagar,0,flat,-320.43999999999994,-217.25897804286092
2026-07-06,Hari Om Nagar,0,increased,1716.45,1478.838675750878
2026-07-06,Hiltron Ulhasnagar,0,decreased,-134.32999999999998,-133.8734658518416
2026-07-06,Hiltron Ulhasnagar,0,flat,-57.55000000000011,104.46091765079939
2026-07-06,Hiltron Ulhasnagar,0,increased,463.02,467.79497819005854
2026-07-06,Hiranandani Thane,0,decreased,-103.91000000000003,-103.8916541930348
2026-07-06,Hiranandani Thane,0,flat,-326.8000000000005,-485.9932105003611
2026-07-06,Hiranandani Thane,0,increased,2182.37,2143.698333283761
2026-07-06,IC Colony Borivali,0,decreased,-173.85000000000002,-146.1526542380111
2026-07-06,IC Colony Borivali,0,flat,142.61000000000024,-27.02273688475867
2026-07-06,IC Colony Borivali,0,increased,2363.9900000000002,2363.7163698118943
2026-07-06,JB Nagar,0,decreased,-394.1000000000001,-291.6008472313238
2026-07-06,JB Nagar,0,flat,-317.5600000000002,-377.2104898946382
2026-07-06,JB Nagar,0,increased,3116.8900000000003,3121.93176827945
2026-07-06,JJ Hospital,0,decreased,-260.54999999999995,-225.6682185280834
2026-07-06,JJ Hospital,0,flat,-234.62000000000006,-285.239011057216
2026-07-06,JJ Hospital,0,increased,3386.63,3416.830018098748
2026-07-06,Jagruti Nagar Ghatkopar,0,decreased,-85.01999999999998,-89.97907982350662
2026-07-06,Jagruti Nagar Ghatkopar,0,flat,8.369999999999973,-14.026327060266102
2026-07-06,Jagruti Nagar Ghatkopar,0,increased,1195.78,1001.0387548077331
2026-07-06,Jail Road Nashik,0,decreased,0.0,-5.665839968652037
2026-07-06,Jail Road Nashik,0,flat,122.99999999999994,-78.91325995506085
2026-07-06,Jail Road Nashik,0,increased,586.19,569.6955541894476
2026-07-06,Jay VIjay Nagar Nalasopara East,0,flat,-20.110000000000014,17.78498540200114
2026-07-06,Jay VIjay Nagar Nalasopara East,0,increased,28.0,24.46948096576515
2026-07-06,Kalamboli,0,decreased,-84.05999999999997,-78.24705673954188
2026-07-06,Kalamboli,0,flat,-143.3400000000001,-114.70277955120784
2026-07-06,Kalamboli,0,increased,1213.69,1231.2310477928104
2026-07-06,Kalher Bhiwandi,0,decreased,-262.78999999999996,-263.8352652214372
2026-07-06,Kalher Bhiwandi,0,flat,5.690000000000072,289.65679172333375
2026-07-06,Kalher Bhiwandi,0,increased,1434.76,1275.8225375154318
2026-07-06,Kalina,0,decreased,-41.849999999999966,-29.80979653264655
2026-07-06,Kalina,0,flat,28.72999999999996,-18.853893591158588
2026-07-06,Kalina,0,increased,1414.17,1291.311257831888
2026-07-06,Kalwa,0,decreased,-262.66999999999996,-258.65018391030515
2026-07-06,Kalwa,0,flat,-241.03000000000026,996.1010323418267
2026-07-06,Kalwa,0,increased,5083.84,5099.649784756275
2026-07-06,Kalyan,0,decreased,-52.06,-36.35663050183358
2026-07-06,Kalyan,0,flat,48.02999999999999,-139.1876442024723
2026-07-06,Kalyan,0,increased,845.0300000000001,845.353107412425
2026-07-06,Kalyan - DB Chowk,0,decreased,-601.9,-591.9312622838002
2026-07-06,Kalyan - DB Chowk,0,flat,-137.20999999999987,-125.28448259566933
2026-07-06,Kalyan - DB Chowk,0,increased,843.13,805.2642881955042
2026-07-06,Kalyan East-Tisgaon Naka,0,decreased,-141.04,-111.25015221429658
2026-07-06,Kalyan East-Tisgaon Naka,0,flat,-142.20000000000002,-29.931983993220225
2026-07-06,Kalyan East-Tisgaon Naka,0,increased,982.58,966.3722868200332
2026-07-06,Kalyan West Club Road,0,decreased,-456.31,-379.8641794859228
2026-07-06,Kalyan West Club Road,0,flat,-72.55999999999996,-121.3709736217986
2026-07-06,Kalyan West Club Road,0,increased,1191.8300000000002,1182.9089373917902
2026-07-06,Kamotha,0,decreased,-67.25999999999999,-50.6031576233036
2026-07-06,Kamotha,0,flat,-227.23999999999995,-188.2869445577295
2026-07-06,Kamotha,0,increased,2648.89,2623.7514239522247
2026-07-06,Kamothe - Sector 36,0,decreased,-64.26999999999998,-134.64293550135164
2026-07-06,Kamothe - Sector 36,0,flat,-72.80999999999995,253.8579280125888
2026-07-06,Kamothe - Sector 36,0,increased,1072.25,1063.7918642361049
2026-07-06,Kandivali East,0,decreased,-61.81999999999996,-51.31047076844195
2026-07-06,Kandivali East,0,flat,76.60000000000002,54.65407495266359
2026-07-06,Kandivali East,0,increased,1865.98,1882.867413085458
2026-07-06,Kandivali West,0,decreased,-16.879999999999995,-16.819857606533347
2026-07-06,Kandivali West,0,flat,-34.33999999999999,-6.795438236571037
2026-07-06,Kandivali West,0,increased,838.03,800.7806953567923
2026-07-06,Kasarvadavali Thane,0,decreased,-112.14999999999989,87.66909831690643
2026-07-06,Kasarvadavali Thane,0,flat,-90.2899999999999,-36.557773608575076
2026-07-06,Kasarvadavali Thane,0,increased,1590.31,1637.3230712937718
2026-07-06,Katrap Badlapur East,0,decreased,-38.87999999999998,-57.574199256269694
2026-07-06,Katrap Badlapur East,0,flat,112.10999999999999,-114.45974837364032
2026-07-06,Katrap Badlapur East,0,increased,763.85,766.0640411271412
2026-07-06,Khadki Pune,0,decreased,-259.03,-352.15066678596287
2026-07-06,Khadki Pune,0,flat,-71.46999999999989,-10.535865748346072
2026-07-06,Khadki Pune,0,increased,1207.54,1341.1359157676602
2026-07-06,Khanda Colony,1,decreased,-57.079999999999984,-54.8690467272603
2026-07-06,Khanda Colony,1,flat,-49.94000000000006,-25.408727997537923
2026-07-06,Khanda Colony,1,increased,1667.0700000000002,1697.219614906889
2026-07-06,Khar West,1,decreased,-97.64999999999999,-171.66532766163445
2026-07-06,Khar West,1,flat,366.23,-34.438538494511974
2026-07-06,Khar West,1,increased,1781.7600000000002,1729.0960236250894
2026-07-06,Kharghar,0,decreased,-149.47999999999996,-153.08315907180548
2026-07-06,Kharghar,0,flat,-116.93999999999991,-139.5074521513334
2026-07-06,Kharghar,0,increased,3012.3199999999997,2848.6121203441962
2026-07-06,Kharghar Sector 12,0,decreased,-71.19,-69.9379886096059
2026-07-06,Kharghar Sector 12,0,flat,-291.20999999999987,-92.56985467323894
2026-07-06,Kharghar Sector 12,0,increased,1323.85,1345.749896758522
2026-07-06,Khopat,0,decreased,-190.12,-189.53822275307405
2026-07-06,Khopat,0,flat,41.71999999999999,17.04539957707595
2026-07-06,Khopat,0,increased,2078.59,2015.3752688504355
2026-07-06,Khutwad Nagar Nashik,0,decreased,57.0,62.97744664566939
2026-07-06,Khutwad Nagar Nashik,0,flat,-52.69000000000001,46.90079460953337
2026-07-06,Khutwad Nagar Nashik,0,increased,550.43,526.4341087159648
2026-07-06,Kolsheth,0,decreased,-322.6399999999999,-306.203997828819
2026-07-06,Kolsheth,0,flat,63.69999999999996,22.85347995230876
2026-07-06,Kolsheth,0,increased,4487.06,4580.603884085003
2026-07-06,Kopar Khairane,0,decreased,-243.65999999999997,-250.6972319633467
2026-07-06,Kopar Khairane,0,flat,-30.77000000000011,-625.5440250203897
2026-07-06,Kopar Khairane,0,increased,3014.61,2896.4748017112224
2026-07-06,Kopari Thane,0,decreased,-112.30999999999992,-128.95556646785258
2026-07-06,Kopari Thane,0,flat,-972.8300000000002,-1058.2158883799857
2026-07-06,Kopari Thane,0,increased,646.0200000000001,637.534427737421
2026-07-06,Koper Khairane - Sector 7,0,decreased,-66.50999999999999,-83.60247396972707
2026-07-06,Koper Khairane - Sector 7,0,flat,-218.7900000000002,-293.6249672557287
2026-07-06,Koper Khairane - Sector 7,0,increased,1715.46,1703.9896501371968
2026-07-06,Kulgaon Badlapur West,0,decreased,-38.179999999999936,-63.17619442452467
2026-07-06,Kulgaon Badlapur West,0,flat,-31.90999999999998,-40.25102355012782
2026-07-06,Kulgaon Badlapur West,0,increased,1921.95,1758.3298009529306
2026-07-06,Kurla,0,decreased,-29.409999999999986,-54.616026321252946
2026-07-06,Kurla,0,flat,10.93999999999992,186.3805235958469
2026-07-06,Kurla,0,increased,1569.6200000000001,1537.3248178761319
2026-07-06,Kurla West,0,decreased,-414.90999999999985,-454.18679113959445
2026-07-06,Kurla West,0,flat,128.49999999999997,-43.97334043818053
2026-07-06,Kurla West,0,increased,2331.72,2398.1984858103256
2026-07-06,Lower Parel - SJ Marg,0,decreased,-133.90000000000003,-217.89499492148832
2026-07-06,Lower Parel - SJ Marg,0,flat,-18.539999999999935,140.07512685043122
2026-07-06,Lower Parel - SJ Marg,0,increased,1223.95,1208.564414440294
2026-07-06,Mahakali,0,decreased,-2160.1499999999996,-2076.6937126567404
2026-07-06,Mahakali,0,flat,-545.65,-476.52642516240394
2026-07-06,Mahakali,0,increased,2068.9,2023.7516751854316
2026-07-06,Mahavir Pride Dombivali,0,decreased,-190.35999999999996,-184.5928656887628
2026-07-06,Mahavir Pride Dombivali,0,flat,-338.7099999999999,-101.2236350330623
2026-07-06,Mahavir Pride Dombivali,0,increased,1934.5600000000002,1964.5463764635738
2026-07-06,Mahim West,0,decreased,-408.80000000000007,-397.76678774418104
2026-07-06,Mahim West,0,flat,143.42999999999978,179.316025327734
2026-07-06,Mahim West,0,increased,1346.46,1423.376772420916
2026-07-06,Malad,0,decreased,-1051.5099999999998,-1036.7008839750106
2026-07-06,Malad,0,flat,29.75000000000016,-54.77175364833366
2026-07-06,Malad,0,increased,2284.97,2319.9689350267554
2026-07-06,Malad Liberty Garden,0,decreased,-343.28999999999996,-352.580413852852
2026-07-06,Malad Liberty Garden,0,flat,40.83000000000009,-39.0351382059151
2026-07-06,Malad Liberty Garden,0,increased,1358.8899999999999,1360.2289933715442
2026-07-06,Malwani,0,decreased,-31.640000000000015,-11.64442156902416
2026-07-06,Malwani,0,flat,-27.549999999999947,-9.368177991023366
2026-07-06,Malwani,0,increased,1151.6100000000001,1221.9374805842008
2026-07-06,Marol,0,decreased,-168.41,-165.77630419795173
2026-07-06,Marol,0,flat,18.940000000000097,143.78502633047793
2026-07-06,Marol,0,increased,2898.55,2939.885563236323
2026-07-06,Mharal Ulhasnagar,0,decreased,-282.40999999999997,-288.84428937372707
2026-07-06,Mharal Ulhasnagar,0,flat,-31.719999999999988,-102.99587176324326
2026-07-06,Mharal Ulhasnagar,0,increased,913.96,966.5086392791752
2026-07-06,Mhasrul Nashik,0,decreased,-137.07999999999998,-117.96662806858481
2026-07-06,Mhasrul Nashik,0,flat,-73.04999999999988,-67.55307245805976
2026-07-06,Mhasrul Nashik,0,increased,852.05,871.44532212625
2026-07-06,Mira Road,0,decreased,-34.21999999999999,-36.71672794717953
2026-07-06,Mira Road,0,flat,-63.96000000000002,139.56040049421625
2026-07-06,Mira Road,0,increased,1347.05,1309.4208537125473
2026-07-06,Mira Road - GCC Club Road,0,decreased,-141.20999999999998,-76.03784892986572
2026-07-06,Mira Road - GCC Club Road,0,flat,-337.67999999999995,-385.6294687543163
2026-07-06,Mira Road - GCC Club Road,0,increased,424.31,406.7090137196741
2026-07-06,Mira Road Jangid Complex,0,decreased,-112.53000000000002,-105.84364828174064
2026-07-06,Mira Road Jangid Complex,0,flat,-25.719999999999946,-1.156978758331011
2026-07-06,Mira Road Jangid Complex,0,increased,1185.1999999999998,1161.8880286629965
2026-07-06,Mohan Nagar Kandivali,0,decreased,-833.6299999999997,-839.1362797781868
2026-07-06,Mohan Nagar Kandivali,0,flat,-126.29999999999998,-377.24615038967744
2026-07-06,Mohan Nagar Kandivali,0,increased,1716.0,1710.5476774813599
2026-07-06,Mulund East,0,decreased,-358.46000000000004,-351.41961768786416
2026-07-06,Mulund East,0,flat,-302.88000000000017,-180.36296023864313
2026-07-06,Mulund East,0,increased,3784.46,3726.951394890062
2026-07-06,Mulund Panch Rasta,0,decreased,-62.42999999999999,-62.30971521306667
2026-07-06,Mulund Panch Rasta,0,flat,74.62999999999992,-220.5829554629635
2026-07-06,Mulund Panch Rasta,0,increased,1042.45,1025.1666358755062
2026-07-06,Mulund West,0,decreased,-491.08999999999986,-538.6846874605401
2026-07-06,Mulund West,0,flat,5.770000000000039,-121.33249085186435
2026-07-06,Mulund West,0,increased,3473.0,3383.3699503931725
2026-07-06,Mulund West-Sarvodaya Nagar,0,decreased,-167.41999999999996,-159.39005951758304
2026-07-06,Mulund West-Sarvodaya Nagar,0,flat,-59.54999999999999,43.248920175686806
2026-07-06,Mulund West-Sarvodaya Nagar,0,increased,2400.07,2384.191480064905
2026-07-06,Mundhwa Pune,0,decreased,-16.889999999999993,-20.813776787617748
2026-07-06,Mundhwa Pune,0,flat,-155.93000000000004,-96.46926020744782
2026-07-06,Mundhwa Pune,0,increased,706.75,689.7771011296463
2026-07-06,NIBM Kondwa,0,decreased,-80.10999999999999,-82.92485271617471
2026-07-06,NIBM Kondwa,0,flat,-39.84999999999992,18.552301366047317
2026-07-06,NIBM Kondwa,0,increased,1614.61,1588.8014511381816
2026-07-06,Nahur West,0,decreased,-550.45,-146.89730155958654
2026-07-06,Nahur West,0,flat,499.14,1145.7728661663048
2026-07-06,Nahur West,0,increased,2894.1900000000005,2606.066803999509
2026-07-06,Nalasopara - Yashwant Nagar,0,decreased,-25.0,-25.03094156171285
2026-07-06,Nalasopara - Yashwant Nagar,0,flat,0.0,6.027868856459008
2026-07-06,Nalasopara - Yashwant Nagar,0,increased,25.0,25.102646596828937
2026-07-06,Narhe Pune,0,decreased,-41.0,-42.1837968373863
2026-07-06,Narhe Pune,0,flat,8.18999999999997,-58.232526155262775
2026-07-06,Narhe Pune,0,increased,602.29,660.7754595202192
2026-07-06,Naupada,0,decreased,-147.50999999999996,-203.85952144276615
2026-07-06,Naupada,0,flat,98.28999999999981,63.60716754710741
2026-07-06,Naupada,0,increased,2118.15,1948.659889790957
2026-07-06,Navare Nagar Ambernath,0,decreased,-134.11,-127.63656473386396
2026-07-06,Navare Nagar Ambernath,0,flat,-102.9900000000001,-296.6314661964357
2026-07-06,Navare Nagar Ambernath,0,increased,1019.2400000000001,997.524449527554
2026-07-06,Navi Peth Pune,0,decreased,-75.95999999999998,-73.79099351775639
2026-07-06,Navi Peth Pune,0,flat,-1686.81,-155.86895040122477
2026-07-06,Navi Peth Pune,0,increased,1269.9000000000003,1314.022768113455
2026-07-06,Navjeevan Mumbai Central,0,decreased,-77.45,-112.16559378029284
2026-07-06,Navjeevan Mumbai Central,0,flat,-95.97000000000006,-109.61413541595641
2026-07-06,Navjeevan Mumbai Central,0,increased,2129.7400000000002,2160.1284151678283
2026-07-06,Nerul East,0,decreased,-132.91999999999996,-80.32268681008478
2026-07-06,Nerul East,0,flat,-168.86000000000013,-194.76363403649717
2026-07-06,Nerul East,0,increased,2046.1200000000001,1942.5794641821558
2026-07-06,Nerul West,0,decreased,-60.38000000000001,-52.27085487710704
2026-07-06,Nerul West,0,flat,-140.7999999999999,-134.20741901738674
2026-07-06,Nerul West,0,increased,2790.61,2751.537029090418
2026-07-06,New Panvel,0,decreased,-318.62999999999994,-173.08282985423597
2026-07-06,New Panvel,0,flat,-141.5000000000001,-446.4793396353955
2026-07-06,New Panvel,0,increased,1656.74,1609.1445648752833
2026-07-06,Old Panvel,0,decreased,-133.98999999999998,-134.9380195636367
2026-07-06,Old Panvel,0,flat,-226.33999999999997,-254.16783847197414
2026-07-06,Old Panvel,0,increased,1620.68,1600.0445230052696
2026-07-06,Palegaon Ambernath,0,decreased,-143.94999999999996,-133.20501743920374
2026-07-06,Palegaon Ambernath,0,flat,-12.939999999999976,170.80715015158015
2026-07-06,Palegaon Ambernath,0,increased,798.0600000000001,712.3881188499608
2026-07-06,Panchpakhadi,0,decreased,-212.99,-192.5164203236161
2026-07-06,Panchpakhadi,0,flat,597.2199999999998,286.48846061972023
2026-07-06,Panchpakhadi,0,increased,1399.8400000000001,1349.3385482257054
2026-07-06,Pantnagar,0,decreased,-107.25999999999999,-107.29374397628649
2026-07-06,Pantnagar,0,flat,-18.18000000000006,-2.3492315654951366
2026-07-06,Pantnagar,0,increased,1162.5,1160.5932250415683
2026-07-06,Panvel - Uran Naka,0,decreased,-186.42,-182.1582594196963
2026-07-06,Panvel - Uran Naka,0,flat,-49.96999999999994,-155.89241566587307
2026-07-06,Panvel - Uran Naka,0,increased,1117.2,890.5385940558631
2026-07-06,Phadke Road - Dombivali,0,decreased,-36.05999999999999,-36.0399558942388
2026-07-06,Phadke Road - Dombivali,0,flat,3.6100000000000065,-134.0398307978346
2026-07-06,Phadke Road - Dombivali,0,increased,1461.4099999999999,1443.5094086431884
2026-07-06,Pimple Gurav,0,decreased,-47.90000000000002,-47.80156051056652
2026-07-06,Pimple Gurav,0,flat,-102.60999999999997,-456.8884660107045
2026-07-06,Pimple Gurav,0,increased,727.36,720.5904463150282
2026-07-06,Prabhadevi,0,decreased,-440.03999999999996,-394.6813595527533
2026-07-06,Prabhadevi,0,flat,-189.27000000000012,-337.3553285121846
2026-07-06,Prabhadevi,0,increased,1959.5900000000001,1867.2581504617992
2026-07-06,Pragati Nagar Nalasopara East,0,flat,-9.98999999999998,-34.657127296636254
2026-07-06,Pragati Nagar Nalasopara East,0,increased,97.32,95.88186288817096
2026-07-06,Rajawadi,0,decreased,-267.34,-265.25673603257906
2026-07-06,Rajawadi,0,flat,-191.93,-124.17808922478567
2026-07-06,Rajawadi,0,increased,1288.31,1269.8512838978031
2026-07-06,Roadpali Kalamboli,0,decreased,-21.96999999999999,-18.831773347597604
2026-07-06,Roadpali Kalamboli,0,flat,-26.310000000000002,26.10922122173417
2026-07-06,Roadpali Kalamboli,0,increased,875.8199999999999,865.434393709289
2026-07-06,Rupee Nagar Pune,0,decreased,-18.100000000000023,-18.04133573859771
2026-07-06,Rupee Nagar Pune,0,flat,-0.3500000000000014,-47.51297889354542
2026-07-06,Rupee Nagar Pune,0,increased,36.22000000000002,44.79740712215793
2026-07-06,Saibaba Nagar,0,decreased,-170.09999999999994,-161.63978780990618
2026-07-06,Saibaba Nagar,0,flat,-8533.02,-7802.418652707376
2026-07-06,Saibaba Nagar,0,increased,1215.9600000000003,1218.1113215988344
2026-07-06,Sakinaka - Pipeline Road,0,decreased,-112.96999999999996,-110.45218534429827
2026-07-06,Sakinaka - Pipeline Road,0,flat,84.92000000000004,131.82718732377953
2026-07-06,Sakinaka - Pipeline Road,0,increased,452.95000000000005,464.73977772524483
2026-07-06,Sanpada,1,decreased,-91.41,-74.48597106858998
2026-07-06,Sanpada,1,flat,-36.47999999999993,4.423703212733454
2026-07-06,Sanpada,1,increased,2793.79,2772.52001698399
2026-07-06,Santa Cruz SV Road,0,decreased,-346.37999999999994,-345.5753407324516
2026-07-06,Santa Cruz SV Road,0,flat,65.88,-105.5085715955698
2026-07-06,Santa Cruz SV Road,0,increased,2621.85,2573.2999593855934
2026-07-06,"Santoshi Mata Road, Kalyan West",0,decreased,-64.59999999999997,-118.27275140121716
2026-07-06,"Santoshi Mata Road, Kalyan West",0,flat,78.25000000000003,-278.9234657462142
2026-07-06,"Santoshi Mata Road, Kalyan West",0,increased,1703.86,1645.5885198894287
2026-07-06,Sasane Nagar Pune,1,decreased,-41.739999999999995,-30.47945357523551
2026-07-06,Sasane Nagar Pune,1,flat,-37.779999999999944,-69.76132437601458
2026-07-06,Sasane Nagar Pune,1,increased,500.04999999999995,499.1188207954742
2026-07-06,Seawoods,0,decreased,-118.25,-112.56022015025934
2026-07-06,Seawoods,0,flat,-96.16999999999996,-53.10514692301368
2026-07-06,Seawoods,0,increased,2017.25,2075.1849778518153
2026-07-06,Sector 3 - New Panvel,0,decreased,-78.03000000000004,-129.99204251839873
2026-07-06,Sector 3 - New Panvel,0,flat,-105.10999999999999,-101.4230845296768
2026-07-06,Sector 3 - New Panvel,0,increased,918.7,894.9635327496819
2026-07-06,Shanti Nagar Mira Road,0,decreased,-115.63000000000002,-124.3975198983484
2026-07-06,Shanti Nagar Mira Road,0,flat,-72.26000000000006,43.893358605844845
2026-07-06,Shanti Nagar Mira Road,0,increased,733.6,729.8168388232143
2026-07-06,Shirgaon Badlapur,0,decreased,-298.6499999999999,-267.50066522056323
2026-07-06,Shirgaon Badlapur,0,flat,-96.99000000000001,-129.79421232799234
2026-07-06,Shirgaon Badlapur,0,increased,928.4200000000002,912.1728595070762
2026-07-06,Shivaji Nagar Pune,0,decreased,-349.9299999999999,-392.59455231814474
2026-07-06,Shivaji Nagar Pune,0,flat,31.029999999999838,246.0687704539241
2026-07-06,Shivaji Nagar Pune,0,increased,1500.28,1465.0409088824633
2026-07-06,Shreenagar,0,decreased,-283.22999999999996,-304.3549376543916
2026-07-06,Shreenagar,0,flat,132.17000000000007,239.2119126048141
2026-07-06,Shreenagar,0,increased,3250.5200000000004,3090.224094874517
2026-07-06,Sion Koliwada,0,decreased,-221.96999999999986,-171.79490792783244
2026-07-06,Sion Koliwada,0,flat,-50.75,-2.467721980426367
2026-07-06,Sion Koliwada,0,increased,2136.69,2073.08693773234
2026-07-06,Thakur Complex,0,decreased,-114.85,-135.90322786117457
2026-07-06,Thakur Complex,0,flat,-385.19999999999993,-232.0083394486784
2026-07-06,Thakur Complex,0,increased,2258.53,2200.00726166981
2026-07-06,Thergaon,0,decreased,-80.29999999999998,-76.14045117556984
2026-07-06,Thergaon,0,flat,111.16999999999975,-5.0825395151029085
2026-07-06,Thergaon,0,increased,723.2200000000003,553.4604252056382
2026-07-06,Tilak Road Pune,0,decreased,-130.87999999999997,-118.44874220538671
2026-07-06,Tilak Road Pune,0,flat,79.61999999999973,5.527093982890971
2026-07-06,Tilak Road Pune,0,increased,1471.3500000000001,1428.3400018313407
2026-07-06,Tilaknagar,0,decreased,-341.44999999999993,-316.5796726584782
2026-07-06,Tilaknagar,0,flat,-15.22000000000003,-5.331165281775688
2026-07-06,Tilaknagar,0,increased,1908.6299999999999,1936.126740936352
2026-07-06,Titwala,0,decreased,-68.22999999999999,-93.74660712566094
2026-07-06,Titwala,0,flat,-143.99999999999997,-341.7264922918861
2026-07-06,Titwala,0,increased,1630.0500000000002,1647.6608043492167
2026-07-06,Trimurti Chowk Nashik,0,decreased,-41.030000000000015,-19.184205004926515
2026-07-06,Trimurti Chowk Nashik,0,flat,-24.78999999999983,131.6459024234756
2026-07-06,Trimurti Chowk Nashik,0,increased,441.35999999999996,481.20130293585555
2026-07-06,Ulhas Nagar - Shahad,0,decreased,-76.6,-60.626783439078864
2026-07-06,Ulhas Nagar - Shahad,0,flat,-73.47999999999993,-2.7642888895995625
2026-07-06,Ulhas Nagar - Shahad,0,increased,528.5899999999999,510.4240404897038
2026-07-06,Ulhas Nagar - Shreeram Chowk,0,decreased,-96.80000000000004,-2.3737782803036325
2026-07-06,Ulhas Nagar - Shreeram Chowk,0,flat,-87.54999999999998,-146.88997390482518
2026-07-06,Ulhas Nagar - Shreeram Chowk,0,increased,504.79,473.48518213238486
2026-07-06,Ulhasnagar,0,decreased,-159.50999999999993,-153.09202495042354
2026-07-06,Ulhasnagar,0,flat,-103.71000000000004,-15.281271172094247
2026-07-06,Ulhasnagar,0,increased,2252.3,2190.667320511607
2026-07-06,Ulhasnagar - Humlog Circle,0,decreased,-132.43999999999997,-114.27541738750969
2026-07-06,Ulhasnagar - Humlog Circle,0,flat,-1064.7899999999995,-407.0322519296681
2026-07-06,Ulhasnagar - Humlog Circle,0,increased,831.45,829.2265019539241
2026-07-06,Ulhasnagar - Khemani Chowk,0,decreased,-82.71,-86.19750702903724
2026-07-06,Ulhasnagar - Khemani Chowk,0,flat,-230.9200000000001,-130.2644973485783
2026-07-06,Ulhasnagar - Khemani Chowk,0,increased,599.3400000000001,592.5586457392578
2026-07-06,Ulhasnagar Sector 4,0,decreased,-251.3599999999999,-229.11972895383974
2026-07-06,Ulhasnagar Sector 4,0,flat,28.12000000000002,-125.27683607053137
2026-07-06,Ulhasnagar Sector 4,0,increased,1191.1,1284.9792328064505
2026-07-06,Ulwe-Navi Mumbai,0,decreased,-94.55999999999997,-92.88142422059892
2026-07-06,Ulwe-Navi Mumbai,0,flat,-5.000000000000013,-156.8664153023067
2026-07-06,Ulwe-Navi Mumbai,0,increased,1759.5,1712.1086133565636
2026-07-06,Vakola,0,decreased,-190.26999999999998,-127.46420368529579
2026-07-06,Vakola,0,flat,-38.57000000000003,105.48174580205801
2026-07-06,Vakola,0,increased,1260.43,1221.77505286389
2026-07-06,Vasai West - Station Road,0,flat,-0.7100000000000026,117.97147878629723
2026-07-06,Vasai West - Station Road,0,increased,103.59000000000002,105.56993699739147
2026-07-06,Vashi,0,decreased,-146.43,-134.06226462594117
2026-07-06,Vashi,0,flat,-182.01999999999936,-268.59179688357267
2026-07-06,Vashi,0,increased,3009.37,2904.010747410171
2026-07-06,Vashi Sector 11,0,decreased,-110.47,-139.12503653814187
2026-07-06,Vashi Sector 11,0,flat,-156.22,-138.65275937462042
2026-07-06,Vashi Sector 11,0,increased,1757.0000000000002,1655.3275318249532
2026-07-06,Veenanagar,0,decreased,-85.82000000000002,-220.15656134267385
2026-07-06,Veenanagar,0,flat,-175.5000000000001,-35.627700467562796
2026-07-06,Veenanagar,0,increased,1730.52,1880.0168602716296
2026-07-06,Versova - Yari Road,0,decreased,-81.35999999999997,-86.72957092996892
2026-07-06,Versova - Yari Road,0,flat,-33.31000000000004,-96.36947235044924
2026-07-06,Versova - Yari Road,0,increased,1011.45,1010.5697579167071
2026-07-06,Versova Andheri,0,decreased,-245.21,-183.32246230082248
2026-07-06,Versova Andheri,0,flat,-213.66,-97.3946390738963
2026-07-06,Versova Andheri,0,increased,2540.09,2566.0643098297996
2026-07-06,Vijay Nagari - Thane,0,decreased,-304.06999999999994,-238.56717603247264
2026-07-06,Vijay Nagari - Thane,0,flat,-148.7,-104.66291838460538
2026-07-06,Vijay Nagari - Thane,0,increased,2111.45,2015.0283990966082
2026-07-06,Vikhroli,0,decreased,-818.93,-760.1618759498045
2026-07-06,Vikhroli,0,flat,-139.8700000000002,-226.0845912656863
2026-07-06,Vikhroli,0,increased,4343.44,4226.94739524435
2026-07-06,Vikhroli Kannamwar,0,decreased,-366.91999999999996,-349.5821198599935
2026-07-06,Vikhroli Kannamwar,0,flat,-84.6600000000002,-95.64065572571057
2026-07-06,Vikhroli Kannamwar,0,increased,2518.27,2432.5429187413242
2026-07-06,Vile Parle,0,decreased,-259.92999999999995,-191.9635766427939
2026-07-06,Vile Parle,0,flat,-3.310000000000059,-54.62695913042053
2026-07-06,Vile Parle,0,increased,1237.5500000000002,1048.4611106760565
2026-07-06,Virar East,0,flat,0.0,0.23829765161877958
2026-07-06,Virar East,0,increased,9.0,9.110365203620653
2026-07-06,Wadgaon Budruk Pune,0,decreased,-50.01,-50.005147984351076
2026-07-06,Wadgaon Budruk Pune,0,flat,-499.7899999999997,-154.06488762476792
2026-07-06,Wadgaon Budruk Pune,0,increased,998.73,1015.534076816431
2026-07-06,Wadgaon Sheri,0,decreased,-155.00999999999993,-148.5515765033892
2026-07-06,Wadgaon Sheri,0,flat,-45.87999999999995,-65.37469389245318
2026-07-06,Wadgaon Sheri,0,increased,1102.8300000000002,1141.1460290938917
2026-07-06,Wadgaon Sheri-Old Mundhwa Rd,0,decreased,1.0200000000000387,240.62227325050742
2026-07-06,Wadgaon Sheri-Old Mundhwa Rd,0,flat,-98.40999999999991,48.68891956766069
2026-07-06,Wadgaon Sheri-Old Mundhwa Rd,0,increased,368.3400000000001,309.165173624737
2026-07-06,Wanawadi Pune,0,decreased,0.0,-0.8101960216998192
2026-07-06,Wanawadi Pune,0,flat,87.47999999999998,-40.49346981413906
2026-07-06,Wanawadi Pune,0,increased,1257.4199999999998,1392.7064077300931
2026-07-06,Warje Pune,0,decreased,-34.25,-32.66924156171287
2026-07-06,Warje Pune,0,flat,-74.53000000000009,-156.5536224520744
2026-07-06,Warje Pune,0,increased,545.9200000000001,524.5130693107232
2026-07-06,Wayale Nagar,0,decreased,-258.78,-243.44032358075359
2026-07-06,Wayale Nagar,0,flat,-150.24999999999994,-199.99635545854312
2026-07-06,Wayale Nagar,0,increased,1074.63,1058.5601488763832
2026-07-06,Yashodhan,0,decreased,-212.41999999999965,275.00554742202695
2026-07-06,Yashodhan,0,flat,-44.54999999999998,-79.45084615187122
2026-07-06,Yashodhan,0,increased,2448.84,2465.8796796038714
2026-07-06,Yogi Nagar,0,decreased,-39.569999999999986,-54.022336186857075
2026-07-06,Yogi Nagar,0,flat,2.2000000000000384,-98.66048412097494
2026-07-06,Yogi Nagar,0,increased,1348.27,1378.2061959643065
2026-07-06,Yogidham Kalyan,0,decreased,-360.72,-362.6919288025738
2026-07-06,Yogidham Kalyan,0,flat,-581.9300000000003,-497.22802109456626
2026-07-06,Yogidham Kalyan,0,increased,995.58,1047.3313763766034
2026-07-07,7 Rasta Byculla,0,decreased,-52.05999999999999,-58.7331913672662
2026-07-07,7 Rasta Byculla,0,flat,-305.45000000000005,-73.08475156827993
2026-07-07,7 Rasta Byculla,0,increased,1020.75,993.1866560826415
2026-07-07,Airoli,0,decreased,-487.13,-477.5361281309853
2026-07-07,Airoli,0,flat,-373.5899999999997,-413.11318216352953
2026-07-07,Airoli,0,increased,3678.33,3469.998721126101
2026-07-07,Airoli Sector - 3,0,decreased,-266.63,-172.52796167246206
2026-07-07,Airoli Sector - 3,0,flat,36.300000000000026,-68.33005033925372
2026-07-07,Airoli Sector - 3,0,increased,2159.17,2126.945116953572
2026-07-07,Ambegaon Pune,0,decreased,-3.000000000000025,-5.563750000000056
2026-07-07,Ambegaon Pune,0,flat,-24.40999999999984,-48.0177296101529
2026-07-07,Ambegaon Pune,0,increased,591.73,561.3630990827548
2026-07-07,Ambernath East,0,decreased,-129.41999999999996,-120.30075193286396
2026-07-07,Ambernath East,0,flat,89.30999999999989,19.717248483366383
2026-07-07,Ambernath East,0,increased,608.7,602.1525733396252
2026-07-07,Ambernath West,0,decreased,-115.75,-57.4663437340883
2026-07-07,Ambernath West,0,flat,-30.28,-20.39449447031458
2026-07-07,Ambernath West,0,increased,905.2,886.5614607971677
2026-07-07,Ashokvan Dahisar,0,decreased,-154.08999999999997,-106.92209914128763
2026-07-07,Ashokvan Dahisar,0,flat,75.03000000000014,172.34804202386212
2026-07-07,Ashokvan Dahisar,0,increased,1877.85,1876.5173434207584
2026-07-07,Badlapur - Belavali,0,decreased,-279.06999999999994,-263.9612693438238
2026-07-07,Badlapur - Belavali,0,flat,-5.830000000000012,-86.60345167543412
2026-07-07,Badlapur - Belavali,0,increased,993.4399999999999,985.2422914169484
2026-07-07,Badlapur East,0,decreased,-71.72999999999999,-67.26414216009252
2026-07-07,Badlapur East,0,flat,195.66000000000017,-1779.40396143025
2026-07-07,Badlapur East,0,increased,798.5,1033.4579089641047
2026-07-07,Bandra,1,decreased,-538.82,-374.1513294110283
2026-07-07,Bandra,1,flat,-266.22000000000014,30.007630892720645
2026-07-07,Bandra,1,increased,2657.54,2647.2123149373183
2026-07-07,Bhandup West,0,decreased,-154.74000000000004,-154.81724901356534
2026-07-07,Bhandup West,0,flat,-246.6800000000003,-61.78408177390848
2026-07-07,Bhandup West,0,increased,1972.86,2036.8789140314148
2026-07-07,Bhayandar,0,decreased,-363.95000000000005,-248.55818475581842
2026-07-07,Bhayandar,0,flat,-9.239999999999874,-69.99353171068528
2026-07-07,Bhayandar,0,increased,2584.79,2648.2421664640915
2026-07-07,Bhayander 60 Feet Road,0,decreased,-67.03,-71.17273535658566
2026-07-07,Bhayander 60 Feet Road,0,flat,-47.81000000000011,38.91790412593282
2026-07-07,Bhayander 60 Feet Road,0,increased,1210.68,1202.8940994211532
2026-07-07,Bhekrainagar Pune,0,decreased,-3.009999999999998,-10.252892721193184
2026-07-07,Bhekrainagar Pune,0,flat,-8.56000000000003,-23.899000404237242
2026-07-07,Bhekrainagar Pune,0,increased,635.8900000000001,615.574671634735
2026-07-07,Bhiwandi - Shivaji Chowk,0,decreased,-87.63999999999999,-103.23334748403279
2026-07-07,Bhiwandi - Shivaji Chowk,0,flat,4.4599999999999795,-32.052443432586415
2026-07-07,Bhiwandi - Shivaji Chowk,0,increased,180.35000000000002,124.28332668398573
2026-07-07,Bhiwandi Dhamankar Naka,1,decreased,-141.68999999999997,-145.02697569347657
2026-07-07,Bhiwandi Dhamankar Naka,1,flat,-204.61999999999966,-204.80096307250855
2026-07-07,Bhiwandi Dhamankar Naka,1,increased,2190.0,1863.9148021896656
2026-07-07,Bibwewadi Pune,0,decreased,-37.04999999999999,-30.33959257709144
2026-07-07,Bibwewadi Pune,0,flat,45.74,26.002335094614885
2026-07-07,Bibwewadi Pune,0,increased,2152.79,2059.1778125055434
2026-07-07,Bytco Point Nashik,0,decreased,-188.03999999999988,-134.20398890843623
2026-07-07,Bytco Point Nashik,0,flat,-17.670000000000037,-111.04881404328604
2026-07-07,Bytco Point Nashik,0,increased,447.1,405.71789235253334
2026-07-07,CST Bora Bazaar,0,decreased,-227.4,-238.73303088462478
2026-07-07,CST Bora Bazaar,0,flat,113.50000000000009,-36.88417997399135
2026-07-07,CST Bora Bazaar,0,increased,1922.4599999999998,1910.1662236088985
2026-07-07,Chandivali,0,decreased,-39.489999999999995,-51.467941710200066
2026-07-07,Chandivali,0,flat,-35.95999999999996,3.7799369445152067
2026-07-07,Chandivali,0,increased,976.65,930.8148007641354
2026-07-07,Charkop,0,decreased,-101.35999999999996,-53.99223560313854
2026-07-07,Charkop,0,flat,-63.39,-264.30841665480585
2026-07-07,Charkop,0,increased,1978.64,1900.7665127645378
2026-07-07,Chembur,0,decreased,-408.02,-394.2228984129218
2026-07-07,Chembur,0,flat,122.78999999999976,-208.94687877813428
2026-07-07,Chembur,0,increased,4032.39,3939.2943852000917
2026-07-07,Chinchwad,1,decreased,-93.57,-62.44729149171542
2026-07-07,Chinchwad,1,flat,-106.34000000000006,-244.83562750678516
2026-07-07,Chinchwad,1,increased,898.46,864.4892195558409
2026-07-07,Chinchwad - Gandhi Peth,1,decreased,0.0,-3.8665743542584963
2026-07-07,Chinchwad - Gandhi Peth,1,flat,-57.20999999999997,-45.84126401720901
2026-07-07,Chinchwad - Gandhi Peth,1,increased,772.1200000000001,472.74349165614365
2026-07-07,Cidco Nashik,0,decreased,-64.51999999999998,-64.72350083414285
2026-07-07,Cidco Nashik,0,flat,112.17,-45.39781926349718
2026-07-07,Cidco Nashik,0,increased,585.07,563.5496672539218
2026-07-07,Colaba,1,decreased,-68.92999999999999,-72.00682403958469
2026-07-07,Colaba,1,flat,-25.45000000000003,-175.87131646999896
2026-07-07,Colaba,1,increased,905.88,892.397019923517
2026-07-07,Dadar East,0,decreased,-62.889999999999944,-77.2939770113213
2026-07-07,Dadar East,0,flat,3.210000000000072,-47.98823894865901
2026-07-07,Dadar East,0,increased,873.1300000000001,849.2058464638804
2026-07-07,Dahisar,0,decreased,-780.81,-863.702609150556
2026-07-07,Dahisar,0,flat,-103.42999999999982,-118.00297749937238
2026-07-07,Dahisar,0,increased,1903.1200000000001,1835.8212001348259
2026-07-07,Dattnagar,0,decreased,-112.64999999999996,-51.07781311360865
2026-07-07,Dattnagar,0,flat,16.100000000000158,-96.91330381546163
2026-07-07,Dattnagar,0,increased,909.28,900.586293332469
2026-07-07,Dhanakwadi,0,decreased,-6.999999999999993,-27.183882474100976
2026-07-07,Dhanakwadi,0,flat,-993.9399999999994,-1042.086138869031
2026-07-07,Dhanakwadi,0,increased,1162.8799999999999,1103.0234067706065
2026-07-07,Dhanori Pune,0,decreased,-15.650000000000006,-24.56023333333333
2026-07-07,Dhanori Pune,0,flat,-143.66000000000003,-5.002339076989269
2026-07-07,Dhanori Pune,0,increased,1148.98,1176.296334174959
2026-07-07,Dhayari Pune,0,decreased,-66.6,-34.46820939415098
2026-07-07,Dhayari Pune,0,flat,-464.92,-830.3115580020462
2026-07-07,Dhayari Pune,0,increased,821.8900000000001,831.3629524032809
2026-07-07,Dighi Pune,1,decreased,-0.01999999999999602,-0.010295968702152436
2026-07-07,Dighi Pune,1,flat,5.680000000000078,66.41247822097303
2026-07-07,Dighi Pune,1,increased,434.03000000000003,426.9962306758315
2026-07-07,Dombivali,0,decreased,-128.54999999999993,-90.25350134693016
2026-07-07,Dombivali,0,flat,5.030000000000015,-172.28130093681355
2026-07-07,Dombivali,0,increased,2341.3599999999997,2325.551487587588
2026-07-07,Dombivali - Navpada,0,decreased,-82.52000000000002,-59.58110804860356
2026-07-07,Dombivali - Navpada,0,flat,-74.29000000000005,29.379345307408627
2026-07-07,Dombivali - Navpada,0,increased,1206.41,1172.738580611849
2026-07-07,Dombivali - Reti Bunder,0,decreased,-351.58,-356.96668285316525
2026-07-07,Dombivali - Reti Bunder,0,flat,-31.75999999999997,-132.41750838822531
2026-07-07,Dombivali - Reti Bunder,0,increased,709.34,681.1337988204363
2026-07-07,Dombivli West,0,decreased,-300.1599999999998,-271.66967045435763
2026-07-07,Dombivli West,0,flat,-66.67000000000006,-271.0242960863563
2026-07-07,Dombivli West,0,increased,2779.31,2758.2487547607384
2026-07-07,Evershine Nagar,0,decreased,-88.44999999999999,-63.40772714116185
2026-07-07,Evershine Nagar,0,flat,159.61999999999983,-89.91303127813417
2026-07-07,Evershine Nagar,0,increased,832.4300000000001,786.2019723547025
2026-07-07,Fam Society - Koperkhairne,0,decreased,-244.76000000000002,-243.35303407381173
2026-07-07,Fam Society - Koperkhairne,0,flat,646.79,-40.62456734200791
2026-07-07,Fam Society - Koperkhairne,0,increased,1844.5,1722.3967607099241
2026-07-07,Fursungi Pune,0,decreased,-46.03000000000003,-36.58588897377936
2026-07-07,Fursungi Pune,0,flat,-63.97999999999997,-165.11910888913764
2026-07-07,Fursungi Pune,0,increased,772.48,783.4292913442216
2026-07-07,Ghansoli,0,decreased,-296.53,-295.85205896611177
2026-07-07,Ghansoli,0,flat,-291.56000000000006,-280.3732976961524
2026-07-07,Ghansoli,0,increased,2375.3,2428.12325621653
2026-07-07,Ghatkopar East,0,decreased,-429.54999999999995,-441.8262678537882
2026-07-07,Ghatkopar East,0,flat,-789.8399999999999,-26.46147523585237
2026-07-07,Ghatkopar East,0,increased,2193.41,1872.4668145566054
2026-07-07,Ghatkopar West,0,decreased,-192.79999999999995,-212.0646456696894
2026-07-07,Ghatkopar West,0,flat,57.150000000000055,86.92821929296748
2026-07-07,Ghatkopar West,0,increased,2277.3300000000004,2420.7940567820497
2026-07-07,Ghodapdeo - Byculla,0,decreased,-94.81000000000003,-85.39140146741295
2026-07-07,Ghodapdeo - Byculla,0,flat,-483.87999999999965,-1.0673975679402723
2026-07-07,Ghodapdeo - Byculla,0,increased,976.9600000000002,952.0924858708164
2026-07-07,Global City Virar West,0,decreased,-88.22999999999999,-105.46872361031404
2026-07-07,Global City Virar West,0,flat,-101.47000000000018,-223.288134434863
2026-07-07,Global City Virar West,0,increased,805.0200000000001,680.3078381787317
2026-07-07,Goregaon,1,decreased,-175.52999999999986,-142.53113715805287
2026-07-07,Goregaon,1,flat,-204.76999999999984,-50.04853085011746
2026-07-07,Goregaon,1,increased,2637.5400000000004,2594.271650435992
2026-07-07,Goregaon West S.V. Road,1,decreased,-373.7299999999999,-364.14236379515046
2026-07-07,Goregaon West S.V. Road,1,flat,-544.3600000000001,-289.0296905738346
2026-07-07,Goregaon West S.V. Road,1,increased,2024.0000000000002,1962.7022114919168
2026-07-07,Govandi,0,decreased,-278.4,-298.63832787325396
2026-07-07,Govandi,0,flat,-21.239999999999846,106.60008420934668
2026-07-07,Govandi,0,increased,3002.11,3083.04353767436
2026-07-07,Gujrat Colony Kothrud,0,decreased,-151.29,-148.77406427729744
2026-07-07,Gujrat Colony Kothrud,0,flat,-778.02,-1096.6144282220425
2026-07-07,Gujrat Colony Kothrud,0,increased,439.05,448.7314823214388
2026-07-07,Gulab Nagar Pune,0,decreased,-36.47999999999999,-32.68981438276397
2026-07-07,Gulab Nagar Pune,0,flat,-51.379999999999924,-84.14188279071791
2026-07-07,Gulab Nagar Pune,0,increased,969.38,934.7700839619126
2026-07-07,Hari Om Nagar,0,decreased,-67.25999999999999,-64.84982565344467
2026-07-07,Hari Om Nagar,0,flat,-139.56000000000017,-196.94266871576812
2026-07-07,Hari Om Nagar,0,increased,1844.5300000000002,1863.7116072660535
2026-07-07,Hiltron Ulhasnagar,0,decreased,-184.94,-172.87065348113424
2026-07-07,Hiltron Ulhasnagar,0,flat,-16.200000000000088,-145.2842083728927
2026-07-07,Hiltron Ulhasnagar,0,increased,1183.21,1119.4043224619274
2026-07-07,Hiranandani Thane,0,decreased,-282.90000000000003,-186.70125161813206
2026-07-07,Hiranandani Thane,0,flat,-273.88,-244.42813385152706
2026-07-07,Hiranandani Thane,0,increased,2521.29,2429.562693400485
2026-07-07,IC Colony Borivali,0,decreased,-219.65999999999997,-177.6824972896873
2026-07-07,IC Colony Borivali,0,flat,172.4800000000002,-23.764352074739115
2026-07-07,IC Colony Borivali,0,increased,3562.61,3422.456411132335
2026-07-07,JB Nagar,0,decreased,-541.24,-487.7927855473671
2026-07-07,JB Nagar,0,flat,-466.5899999999997,-286.9219529699331
2026-07-07,JB Nagar,0,increased,4460.830000000001,4168.144783166218
2026-07-07,JJ Hospital,0,decreased,-151.31999999999994,-133.72283231283808
2026-07-07,JJ Hospital,0,flat,-96.23999999999988,40.00384781435389
2026-07-07,JJ Hospital,0,increased,3385.9500000000003,3246.065256566669
2026-07-07,Jagruti Nagar Ghatkopar,0,decreased,-90.9,-80.94226217860276
2026-07-07,Jagruti Nagar Ghatkopar,0,flat,-30.830000000000002,-64.90895698167566
2026-07-07,Jagruti Nagar Ghatkopar,0,increased,1178.77,1125.9250503105166
2026-07-07,Jail Road Nashik,0,decreased,-77.94,-68.59333207532667
2026-07-07,Jail Road Nashik,0,flat,-126.38999999999996,-82.01926612579919
2026-07-07,Jail Road Nashik,0,increased,379.9899999999999,329.04678344115115
2026-07-07,Jay VIjay Nagar Nalasopara East,0,decreased,-41.98,-41.949881248918864
2026-07-07,Jay VIjay Nagar Nalasopara East,0,flat,-6.580000000000034,64.95411534520107
2026-07-07,Jay VIjay Nagar Nalasopara East,0,increased,465.84000000000003,469.8664030256807
2026-07-07,Kalamboli,0,decreased,-221.57999999999998,-221.5605681602304
2026-07-07,Kalamboli,0,flat,55.17000000000001,-56.37495852468985
2026-07-07,Kalamboli,0,increased,1992.71,1993.6904523421415
2026-07-07,Kalher Bhiwandi,0,decreased,-518.54,-416.2239928039612
2026-07-07,Kalher Bhiwandi,0,flat,-93.1100000000001,-228.58465969460315
2026-07-07,Kalher Bhiwandi,0,increased,1684.9,1677.1359543511312
2026-07-07,Kalina,0,decreased,-103.36999999999995,-76.0070665361838
2026-07-07,Kalina,0,flat,-250.72999999999982,-108.06962239396016
2026-07-07,Kalina,0,increased,1502.58,1539.6615486561493
2026-07-07,Kalwa,0,decreased,-554.93,-540.3347217109875
2026-07-07,Kalwa,0,flat,-455.4,-83.352181382997
2026-07-07,Kalwa,0,increased,5183.2300000000005,5237.934768796445
2026-07-07,Kalyan,0,decreased,-136.55,-77.44582742503229
2026-07-07,Kalyan,0,flat,29.779999999999973,-46.922975901950494
2026-07-07,Kalyan,0,increased,988.97,978.141130793849
2026-07-07,Kalyan - DB Chowk,0,decreased,-108.21999999999991,-83.26430559937063
2026-07-07,Kalyan - DB Chowk,0,flat,-101.02999999999997,26.809979897331154
2026-07-07,Kalyan - DB Chowk,0,increased,729.02,708.9914456100532
2026-07-07,Kalyan East-Tisgaon Naka,0,decreased,-93.94999999999999,-92.2964424338843
2026-07-07,Kalyan East-Tisgaon Naka,0,flat,-157.9999999999999,-21.226925732668548
2026-07-07,Kalyan East-Tisgaon Naka,0,increased,1583.47,1507.595484724666
2026-07-07,Kalyan West Club Road,0,decreased,-145.66,-166.16437679093798
2026-07-07,Kalyan West Club Road,0,flat,-144.11000000000007,-64.37753121004323
2026-07-07,Kalyan West Club Road,0,increased,1661.77,1599.5551063537716
2026-07-07,Kamotha,0,decreased,-520.01,-524.8650642863689
2026-07-07,Kamotha,0,flat,11.590000000000082,-53.93367304189783
2026-07-07,Kamotha,0,increased,2661.19,2696.694976822245
2026-07-07,Kamothe - Sector 36,0,decreased,-40.79999999999998,-41.63287225755108
2026-07-07,Kamothe - Sector 36,0,flat,-4.650000000000048,-76.80337236918672
2026-07-07,Kamothe - Sector 36,0,increased,849.42,841.1993445744837
2026-07-07,Kandivali East,0,decreased,-324.50999999999993,-264.7292754194596
2026-07-07,Kandivali East,0,flat,-284.4299999999999,-83.30587156971863
2026-07-07,Kandivali East,0,increased,2958.6400000000003,2967.087355699304
2026-07-07,Kandivali West,0,decreased,-28.62000000000002,-28.560699695432238
2026-07-07,Kandivali West,0,flat,-75.33000000000017,-187.57299785902558
2026-07-07,Kandivali West,0,increased,701.7900000000001,709.9585174342047
2026-07-07,Kasarvadavali Thane,0,decreased,-30.459999999999994,5.16571675567522
2026-07-07,Kasarvadavali Thane,0,flat,-43.850000000000215,-63.620714892280716
2026-07-07,Kasarvadavali Thane,0,increased,1220.8100000000002,1212.3881362863617
2026-07-07,Katrap Badlapur East,0,decreased,-228.26999999999992,-232.12973141704225
2026-07-07,Katrap Badlapur East,0,flat,3.580000000000055,34.533348964431525
2026-07-07,Katrap Badlapur East,0,increased,1039.3700000000001,976.30237071514
2026-07-07,Khadki Pune,0,decreased,-96.39000000000001,-32.87508989441396
2026-07-07,Khadki Pune,0,flat,-71.80999999999993,-100.96539721912347
2026-07-07,Khadki Pune,0,increased,1295.4900000000002,939.4200064111274
2026-07-07,Khanda Colony,1,decreased,-261.27,-226.779559290618
2026-07-07,Khanda Colony,1,flat,63.079999999999956,17.050418508696737
2026-07-07,Khanda Colony,1,increased,1678.1200000000001,1614.2204402438608
2026-07-07,Khar West,1,decreased,-64.11999999999999,-66.37948486461372
2026-07-07,Khar West,1,flat,-75.91999999999966,-214.26176686895977
2026-07-07,Khar West,1,increased,2286.96,2296.8911868263776
2026-07-07,Kharghar,0,decreased,-215.17999999999998,-200.64129693670768
2026-07-07,Kharghar,0,flat,227.5300000000003,-242.70803283576873
2026-07-07,Kharghar,0,increased,2544.78,2528.165270245537
2026-07-07,Kharghar Sector 12,0,decreased,-58.39,-23.605181354636976
2026-07-07,Kharghar Sector 12,0,flat,86.42999999999984,-24.50723531596349
2026-07-07,Kharghar Sector 12,0,increased,1050.9399999999998,1076.6439075957067
2026-07-07,Khopat,0,decreased,-73.86999999999998,-81.95055094986802
2026-07-07,Khopat,0,flat,-7.849999999999902,102.00181385044054
2026-07-07,Khopat,0,increased,2654.79,2706.147312961505
2026-07-07,Khutwad Nagar Nashik,0,decreased,-3.6700000000000017,-1.2891249999999985
2026-07-07,Khutwad Nagar Nashik,0,flat,-28.21000000000005,-87.86916741409728
2026-07-07,Khutwad Nagar Nashik,0,increased,247.83,240.20117890088363
2026-07-07,Kolsheth,0,decreased,-221.95999999999992,-174.49514110743513
2026-07-07,Kolsheth,0,flat,-359.8900000000005,-236.94688859494494
2026-07-07,Kolsheth,0,increased,3863.4199999999996,3738.503187143122
2026-07-07,Kopar Khairane,0,decreased,-126.77999999999994,-124.13823463300028
2026-07-07,Kopar Khairane,0,flat,49.84999999999992,66.33654992654415
2026-07-07,Kopar Khairane,0,increased,3382.82,3148.7463817895064
2026-07-07,Kopari Thane,0,decreased,-138.11999999999995,-123.34071139992919
2026-07-07,Kopari Thane,0,flat,-1125.4299999999998,-1094.836840126938
2026-07-07,Kopari Thane,0,increased,555.54,470.0280479997978
2026-07-07,Koper Khairane - Sector 7,0,decreased,-196.18,-270.27834596851176
2026-07-07,Koper Khairane - Sector 7,0,flat,-8.199999999999875,27.138972643337052
2026-07-07,Koper Khairane - Sector 7,0,increased,1280.03,1228.6730867195881
2026-07-07,Kulgaon Badlapur West,0,decreased,-179.12999999999997,-169.47116294142373
2026-07-07,Kulgaon Badlapur West,0,flat,394.48999999999995,113.01521397305346
2026-07-07,Kulgaon Badlapur West,0,increased,1360.44,1169.6975671170226
2026-07-07,Kurla,0,decreased,-98.94000000000003,-87.95863914838506
2026-07-07,Kurla,0,flat,33.620000000000054,68.36300772873268
2026-07-07,Kurla,0,increased,1693.44,1657.7125750617467
2026-07-07,Kurla West,0,decreased,-347.01,-333.32373876520535
2026-07-07,Kurla West,0,flat,56.350000000000065,91.50467548332635
2026-07-07,Kurla West,0,increased,2562.4100000000003,2506.0314060495666
2026-07-07,Lower Parel - SJ Marg,0,decreased,-269.15999999999997,-211.6653657054175
2026-07-07,Lower Parel - SJ Marg,0,flat,-158.33999999999997,-182.1044532439887
2026-07-07,Lower Parel - SJ Marg,0,increased,922.84,856.755533452483
2026-07-07,Mahakali,0,decreased,-733.94,-740.0120214320955
2026-07-07,Mahakali,0,flat,-67.50999999999985,-220.17327179092206
2026-07-07,Mahakali,0,increased,4212.27,4127.515508130763
2026-07-07,Mahavir Pride Dombivali,0,decreased,-204.31,-137.6125386317085
2026-07-07,Mahavir Pride Dombivali,0,flat,222.25000000000017,4.904652728398357
2026-07-07,Mahavir Pride Dombivali,0,increased,1650.82,1605.7584885239476
2026-07-07,Mahim West,0,decreased,-678.77,-683.7404929977795
2026-07-07,Mahim West,0,flat,-114.08000000000004,125.85352407562138
2026-07-07,Mahim West,0,increased,1282.85,1324.8130712057325
2026-07-07,Malad,0,decreased,-379.5699999999999,-348.6883673443278
2026-07-07,Malad,0,flat,-146.51999999999992,-460.3117480091855
2026-07-07,Malad,0,increased,2984.36,2947.0450706122015
2026-07-07,Malad Liberty Garden,0,decreased,-33.27999999999998,44.45133201564885
2026-07-07,Malad Liberty Garden,0,flat,-1638.94,-108.02291499260421
2026-07-07,Malad Liberty Garden,0,increased,1581.1200000000001,1638.1287399657135
2026-07-07,Malwani,0,decreased,-119.88999999999999,-129.66849946299
2026-07-07,Malwani,0,flat,-68.98000000000002,-86.19108347496902
2026-07-07,Malwani,0,increased,1684.8400000000001,1669.0793061685667
2026-07-07,Marol,0,decreased,-180.52999999999994,-169.84299833982934
2026-07-07,Marol,0,flat,19.27000000000008,-159.62757948470895
2026-07-07,Marol,0,increased,2812.62,2757.0744295366208
2026-07-07,Mharal Ulhasnagar,0,decreased,-57.45999999999997,-53.68634643336465
2026-07-07,Mharal Ulhasnagar,0,flat,183.23999999999998,107.8955239428511
2026-07-07,Mharal Ulhasnagar,0,increased,1727.8200000000002,1770.535945488481
2026-07-07,Mhasrul Nashik,0,decreased,-134.6,-222.59004696736892
2026-07-07,Mhasrul Nashik,0,flat,-122.66000000000005,-288.84708743749275
2026-07-07,Mhasrul Nashik,0,increased,894.51,938.1377596647378
2026-07-07,Mira Road,0,decreased,-30.76999999999999,-45.454726787617744
2026-07-07,Mira Road,0,flat,-65.42999999999972,-85.92396717745248
2026-07-07,Mira Road,0,increased,835.41,792.0906525845135
2026-07-07,Mira Road - GCC Club Road,0,decreased,-57.20000000000001,8.300257839907502
2026-07-07,Mira Road - GCC Club Road,0,flat,-510.00000000000006,-450.854258865343
2026-07-07,Mira Road - GCC Club Road,0,increased,504.54,525.162571727621
2026-07-07,Mira Road Jangid Complex,0,decreased,-56.07999999999998,-51.53881908117557
2026-07-07,Mira Road Jangid Complex,0,flat,144.47999999999985,-167.8047588458967
2026-07-07,Mira Road Jangid Complex,0,increased,1603.7,1535.107403489409
2026-07-07,Mohan Nagar Kandivali,0,decreased,-102.12999999999997,-144.17820889283925
2026-07-07,Mohan Nagar Kandivali,0,flat,-86.28999999999999,6.483507938160763
2026-07-07,Mohan Nagar Kandivali,0,increased,787.1800000000001,803.3589828520082
2026-07-07,Mulund East,0,decreased,-278.04,-225.5639085698318
2026-07-07,Mulund East,0,flat,-233.08000000000004,-174.9592732772045
2026-07-07,Mulund East,0,increased,4157.860000000001,4019.885559819862
2026-07-07,Mulund Panch Rasta,0,decreased,-1.2799999999999727,-7.745838129480703
2026-07-07,Mulund Panch Rasta,0,flat,-238.50000000000006,-277.3276425203342
2026-07-07,Mulund Panch Rasta,0,increased,1009.3199999999999,1019.1218749148999
2026-07-07,Mulund West,0,decreased,-179.1799999999999,-173.0837158224411
2026-07-07,Mulund West,0,flat,-209.24,-58.43843154139237
2026-07-07,Mulund West,0,increased,3567.8,3504.515352041038
2026-07-07,Mulund West-Sarvodaya Nagar,0,decreased,-122.30000000000004,-126.47311543024867
2026-07-07,Mulund West-Sarvodaya Nagar,0,flat,-1017.1399999999968,-1795.6643223724834
2026-07-07,Mulund West-Sarvodaya Nagar,0,increased,2574.46,2290.840259837357
2026-07-07,Mundhwa Pune,0,decreased,-21.519999999999996,-21.475617925088503
2026-07-07,Mundhwa Pune,0,flat,-100.03000000000009,-57.405612187399456
2026-07-07,Mundhwa Pune,0,increased,487.46000000000004,490.27151797318487
2026-07-07,NIBM Kondwa,0,decreased,-180.47999999999996,-144.32470776802933
2026-07-07,NIBM Kondwa,0,flat,2.9799999999999365,-233.5114494920009
2026-07-07,NIBM Kondwa,0,increased,2385.32,2312.527009136311
2026-07-07,Nahur West,0,decreased,-130.19,-130.12500559088443
2026-07-07,Nahur West,0,flat,279.65000000000015,-91.45195976876917
2026-07-07,Nahur West,0,increased,2497.67,2503.2958002692963
2026-07-07,Narhe Pune,0,decreased,-41.53999999999999,-62.05343636004131
2026-07-07,Narhe Pune,0,flat,-55.730000000000004,-460.3417486243882
2026-07-07,Narhe Pune,0,increased,653.9399999999999,636.3301408468102
2026-07-07,Naupada,0,decreased,-115.00999999999999,-108.67849720792378
2026-07-07,Naupada,0,flat,-128.05000000000015,-292.06177630979033
2026-07-07,Naupada,0,increased,2529.2200000000003,2461.872740952592
2026-07-07,Navare Nagar Ambernath,0,decreased,-231.12,-226.90962809803065
2026-07-07,Navare Nagar Ambernath,0,flat,-125.43,-145.21182984063284
2026-07-07,Navare Nagar Ambernath,0,increased,656.33,595.4229223844196
2026-07-07,Navi Peth Pune,0,decreased,-360.09999999999997,-355.6082869358426
2026-07-07,Navi Peth Pune,0,flat,35.040000000000134,-72.75086399533274
2026-07-07,Navi Peth Pune,0,increased,1135.69,1129.0594164260601
2026-07-07,Navjeevan Mumbai Central,0,decreased,-482.2800000000001,-443.1406578862601
2026-07-07,Navjeevan Mumbai Central,0,flat,127.53999999999995,182.4515862499983
2026-07-07,Navjeevan Mumbai Central,0,increased,2365.32,2298.8138251163073
2026-07-07,Nerul East,0,decreased,-312.91999999999985,-303.4137179858477
2026-07-07,Nerul East,0,flat,-105.50999999999979,21.044468421877923
2026-07-07,Nerul East,0,increased,3113.88,3119.6711636179266
2026-07-07,Nerul West,0,decreased,-208.95,-208.87958515776205
2026-07-07,Nerul West,0,flat,-126.36000000000004,-5.399548350233463
2026-07-07,Nerul West,0,increased,1515.21,1491.863234714807
2026-07-07,New Panvel,0,decreased,-275.79999999999995,-213.88100187828547
2026-07-07,New Panvel,0,flat,-282.03000000000003,-84.09782610859749
2026-07-07,New Panvel,0,increased,1992.29,1982.757741126488
2026-07-07,Old Panvel,0,decreased,-128.32,-125.61441200463213
2026-07-07,Old Panvel,0,flat,-174.19999999999987,-239.8758217225748
2026-07-07,Old Panvel,0,increased,2002.1700000000003,1968.437207689235
2026-07-07,Palegaon Ambernath,0,decreased,-61.15,-64.77443895893164
2026-07-07,Palegaon Ambernath,0,flat,-25.83000000000001,21.908846372296416
2026-07-07,Palegaon Ambernath,0,increased,560.5300000000001,542.5361842714577
2026-07-07,Panchpakhadi,0,decreased,-373.96,-408.7584930651668
2026-07-07,Panchpakhadi,0,flat,-182.35000000000008,-216.80774725379706
2026-07-07,Panchpakhadi,0,increased,1470.6599999999999,1426.4184608665307
2026-07-07,Pantnagar,0,decreased,-93.51999999999998,-99.84493476201989
2026-07-07,Pantnagar,0,flat,4.630000000000127,-42.924557624290415
2026-07-07,Pantnagar,0,increased,1526.7,1568.360401847678
2026-07-07,Panvel - Uran Naka,0,decreased,-215.37,-151.02796961650182
2026-07-07,Panvel - Uran Naka,0,flat,-82.73999999999985,-85.61685728849999
2026-07-07,Panvel - Uran Naka,0,increased,1233.9000000000003,1142.356288678336
2026-07-07,Phadke Road - Dombivali,0,decreased,-201.89000000000001,-197.33746313555315
2026-07-07,Phadke Road - Dombivali,0,flat,-2.44999999999996,-8.260186373265903
2026-07-07,Phadke Road - Dombivali,0,increased,1703.19,1577.8417716620033
2026-07-07,Pimple Gurav,0,decreased,-431.9,-429.0973031465754
2026-07-07,Pimple Gurav,0,flat,0.09999999999993392,152.23019879984201
2026-07-07,Pimple Gurav,0,increased,1237.11,1086.4639933235933
2026-07-07,Prabhadevi,0,decreased,-71.14,-77.14395878022407
2026-07-07,Prabhadevi,0,flat,49.979999999999926,18.808788599293642
2026-07-07,Prabhadevi,0,increased,2360.13,2190.60837208461
2026-07-07,Pragati Nagar Nalasopara East,0,decreased,-109.50999999999995,-131.1870122648051
2026-07-07,Pragati Nagar Nalasopara East,0,flat,-115.16000000000011,-49.75076432519455
2026-07-07,Pragati Nagar Nalasopara East,0,increased,289.79,289.76176447871063
2026-07-07,Rajawadi,0,decreased,-51.010000000000005,-48.573421642684025
2026-07-07,Rajawadi,0,flat,-26.840000000000007,-66.65651677800436
2026-07-07,Rajawadi,0,increased,1597.08,1627.5800625840004
2026-07-07,Roadpali Kalamboli,0,decreased,-62.40999999999999,-69.99239473786474
2026-07-07,Roadpali Kalamboli,0,flat,-1053.1199999999992,-429.2941521715711
2026-07-07,Roadpali Kalamboli,0,increased,1039.08,1025.0363479255925
2026-07-07,Rupee Nagar Pune,0,decreased,-108.56999999999994,-122.94364931736553
2026-07-07,Rupee Nagar Pune,0,flat,17.829999999999995,73.03863402298161
2026-07-07,Rupee Nagar Pune,0,increased,629.89,611.3659945763019
2026-07-07,Saibaba Nagar,0,decreased,-247.5,-247.49999999999997
2026-07-07,Saibaba Nagar,0,flat,-51.11000000000005,-44.04518591123863
2026-07-07,Saibaba Nagar,0,increased,1052.58,1035.0421444682863
2026-07-07,Sakinaka - Pipeline Road,0,decreased,-113.20999999999997,-14.622282142455987
2026-07-07,Sakinaka - Pipeline Road,0,flat,-14.200000000000024,-125.75882779988692
2026-07-07,Sakinaka - Pipeline Road,0,increased,500.34,472.1170741809182
2026-07-07,Sanpada,1,decreased,-257.66999999999996,-263.57910698568503
2026-07-07,Sanpada,1,flat,-161.18999999999988,-133.47300049056102
2026-07-07,Sanpada,1,increased,2479.61,2405.642572814396
2026-07-07,Santa Cruz SV Road,0,decreased,-93.04999999999994,-145.14291736689754
2026-07-07,Santa Cruz SV Road,0,flat,0.28999999999995296,115.4609548835702
2026-07-07,Santa Cruz SV Road,0,increased,1451.76,1381.3190425593236
2026-07-07,"Santoshi Mata Road, Kalyan West",0,decreased,-127.42,-98.1000623074496
2026-07-07,"Santoshi Mata Road, Kalyan West",0,flat,-64.33999999999997,-197.69323754876586
2026-07-07,"Santoshi Mata Road, Kalyan West",0,increased,1138.44,1132.4279656778
2026-07-07,Sasane Nagar Pune,1,decreased,-108.51000000000012,-67.28365647086693
2026-07-07,Sasane Nagar Pune,1,flat,-119.39999999999995,-163.53002129995596
2026-07-07,Sasane Nagar Pune,1,increased,504.15999999999997,489.7245637695195
2026-07-07,Seawoods,0,decreased,-99.61,29.36353863865437
2026-07-07,Seawoods,0,flat,-333.17999999999984,-448.7540615373094
2026-07-07,Seawoods,0,increased,2477.4000000000005,2392.79717952876
2026-07-07,Sector 3 - New Panvel,0,decreased,-150.54000000000005,-187.5044245821848
2026-07-07,Sector 3 - New Panvel,0,flat,90.89999999999995,307.15059639013725
2026-07-07,Sector 3 - New Panvel,0,increased,1329.56,1267.8932121418584
2026-07-07,Shanti Nagar Mira Road,0,decreased,-99.93999999999994,-76.54047817841041
2026-07-07,Shanti Nagar Mira Road,0,flat,16.390000000000015,-63.062286658670416
2026-07-07,Shanti Nagar Mira Road,0,increased,638.6500000000001,688.1650045857009
2026-07-07,Shirgaon Badlapur,0,decreased,-444.90999999999997,-479.80660870616754
2026-07-07,Shirgaon Badlapur,0,flat,-19.590000000000018,49.54790993887328
2026-07-07,Shirgaon Badlapur,0,increased,869.5,868.694068831152
2026-07-07,Shivaji Nagar Pune,0,decreased,-297.25,-273.86573088204597
2026-07-07,Shivaji Nagar Pune,0,flat,-331.2500000000002,-64.39273745074439
2026-07-07,Shivaji Nagar Pune,0,increased,1133.8100000000002,1130.7292311901379
2026-07-07,Shreenagar,0,decreased,-337.21000000000004,-1801.852882382619
2026-07-07,Shreenagar,0,flat,-321.26999999999975,71.48823991373743
2026-07-07,Shreenagar,0,increased,2857.66,2675.0622340599625
2026-07-07,Sion Koliwada,0,decreased,-123.96999999999994,-135.8400934330705
2026-07-07,Sion Koliwada,0,flat,32.99000000000029,133.83081922352943
2026-07-07,Sion Koliwada,0,increased,1912.52,1820.4322940485208
2026-07-07,Thakur Complex,0,decreased,-135.58999999999995,-114.68831921532177
2026-07-07,Thakur Complex,0,flat,-335.7500000000001,-393.88819521521117
2026-07-07,Thakur Complex,0,increased,2449.32,2448.3358201873625
2026-07-07,Thergaon,0,decreased,-115.17000000000002,-119.05770030694619
2026-07-07,Thergaon,0,flat,-109.04,-322.50363988582774
2026-07-07,Thergaon,0,increased,1315.47,1150.5518701288527
2026-07-07,Tilak Road Pune,0,decreased,-321.56,-238.8632891390264
2026-07-07,Tilak Road Pune,0,flat,4.12999999999991,-398.8255311238428
2026-07-07,Tilak Road Pune,0,increased,1155.25,999.5222749858816
2026-07-07,Tilaknagar,0,decreased,-291.09000000000003,-293.09269672508407
2026-07-07,Tilaknagar,0,flat,57.79999999999984,37.382241808718135
2026-07-07,Tilaknagar,0,increased,1660.38,1593.999167027588
2026-07-07,Titwala,0,decreased,-143.61999999999995,-131.64199564167382
2026-07-07,Titwala,0,flat,7.590000000000035,-39.40136598922376
2026-07-07,Titwala,0,increased,1705.68,1705.970531146751
2026-07-07,Trimurti Chowk Nashik,0,decreased,-69.48999999999998,-42.983331247439196
2026-07-07,Trimurti Chowk Nashik,0,flat,9.029999999999934,-72.31189265616982
2026-07-07,Trimurti Chowk Nashik,0,increased,641.59,655.701093122544
2026-07-07,Ulhas Nagar - Shahad,0,decreased,-179.01,-174.0175251818429
2026-07-07,Ulhas Nagar - Shahad,0,flat,20.449999999999996,-63.41975074763435
2026-07-07,Ulhas Nagar - Shahad,0,increased,1228.81,1184.7167135594161
2026-07-07,Ulhas Nagar - Shreeram Chowk,0,decreased,-125.75999999999999,-79.95711367876255
2026-07-07,Ulhas Nagar - Shreeram Chowk,0,flat,35.089999999999876,-35.49596255484427
2026-07-07,Ulhas Nagar - Shreeram Chowk,0,increased,632.38,647.9840803118328
2026-07-07,Ulhasnagar,0,decreased,-206.16000000000003,-199.08479272456236
2026-07-07,Ulhasnagar,0,flat,-184.61999999999995,-216.5124424284936
2026-07-07,Ulhasnagar,0,increased,1997.0700000000002,1994.789368272337
2026-07-07,Ulhasnagar - Humlog Circle,0,decreased,7.550000000000004,110.55362259963303
2026-07-07,Ulhasnagar - Humlog Circle,0,flat,-111.30000000000007,-389.03178684194694
2026-07-07,Ulhasnagar - Humlog Circle,0,increased,1196.29,1123.8767084829715
2026-07-07,Ulhasnagar - Khemani Chowk,0,decreased,-177.35999999999993,-156.44020842632656
2026-07-07,Ulhasnagar - Khemani Chowk,0,flat,-43.32000000000012,-16.188760856679867
2026-07-07,Ulhasnagar - Khemani Chowk,0,increased,809.5900000000001,782.7844023476342
2026-07-07,Ulhasnagar Sector 4,0,decreased,-84.99999999999996,-59.35612717874462
2026-07-07,Ulhasnagar Sector 4,0,flat,-70.83999999999989,62.4196237938248
2026-07-07,Ulhasnagar Sector 4,0,increased,1401.68,1307.2126656913092
2026-07-07,Ulwe-Navi Mumbai,0,decreased,-289.1,-287.1350312928153
2026-07-07,Ulwe-Navi Mumbai,0,flat,-140.26000000000008,27.89859134105889
2026-07-07,Ulwe-Navi Mumbai,0,increased,1705.48,1552.6970577325997
2026-07-07,Vakola,0,decreased,-151.14999999999998,23.89460158629811
2026-07-07,Vakola,0,flat,-97.48000000000002,-60.92326267041589
2026-07-07,Vakola,0,increased,1276.15,1225.6313777949645
2026-07-07,Vasai West - Station Road,0,decreased,-46.21000000000001,-33.47320516246003
2026-07-07,Vasai West - Station Road,0,flat,-60.86000000000008,-21.92018627955786
2026-07-07,Vasai West - Station Road,0,increased,642.0199999999999,524.505899373916
2026-07-07,Vashi,0,decreased,-289.58000000000015,-198.58142405937264
2026-07-07,Vashi,0,flat,-163.88000000000005,-164.67921721019002
2026-07-07,Vashi,0,increased,3252.81,3454.869444283804
2026-07-07,Vashi Sector 11,0,decreased,-112.67000000000002,-104.9432875016898
2026-07-07,Vashi Sector 11,0,flat,-45.990000000000016,-168.74761778143767
2026-07-07,Vashi Sector 11,0,increased,1853.6299999999999,1838.7250269450797
2026-07-07,Veenanagar,0,decreased,5.280000000000017,-25.062321563367853
2026-07-07,Veenanagar,0,flat,-30.9,-21.78567466641414
2026-07-07,Veenanagar,0,increased,1212.92,1154.486253385783
2026-07-07,Versova - Yari Road,0,decreased,-233.24999999999994,-192.19364243520337
2026-07-07,Versova - Yari Road,0,flat,-93.61999999999993,-160.88590414343633
2026-07-07,Versova - Yari Road,0,increased,1373.35,1352.2414768660196
2026-07-07,Versova Andheri,0,decreased,-1386.69,-808.5630602683011
2026-07-07,Versova Andheri,0,flat,-63.77000000000004,-174.55538609236044
2026-07-07,Versova Andheri,0,increased,3121.98,3041.755890077639
2026-07-07,Vijay Nagari - Thane,0,decreased,-101.43999999999998,-93.55732608909861
2026-07-07,Vijay Nagari - Thane,0,flat,-156.15000000000015,-232.60373975629648
2026-07-07,Vijay Nagari - Thane,0,increased,2361.83,2348.459977095452
2026-07-07,Vikhroli,0,decreased,-981.16,-926.6648847042052
2026-07-07,Vikhroli,0,flat,-214.39000000000013,-210.57639243464615
2026-07-07,Vikhroli,0,increased,3531.33,3345.202529271738
2026-07-07,Vikhroli Kannamwar,0,decreased,-540.1299999999999,-537.1479749972498
2026-07-07,Vikhroli Kannamwar,0,flat,-108.31000000000003,17.3451713803666
2026-07-07,Vikhroli Kannamwar,0,increased,1877.0300000000002,1864.9857494569615
2026-07-07,Vile Parle,0,decreased,-75.27999999999997,-69.0578841607769
2026-07-07,Vile Parle,0,flat,-62.059999999999924,117.97865431815524
2026-07-07,Vile Parle,0,increased,1305.18,1214.445613909281
2026-07-07,Virar East,0,decreased,-152.70000000000005,-34.59433655956988
2026-07-07,Virar East,0,flat,22.249999999999964,68.12491800135143
2026-07-07,Virar East,0,increased,1105.65,1083.3823989504651
2026-07-07,Wadgaon Budruk Pune,0,decreased,-96.87,-46.60778234798739
2026-07-07,Wadgaon Budruk Pune,0,flat,39.0899999999999,138.20449587795494
2026-07-07,Wadgaon Budruk Pune,0,increased,1157.82,1063.8432882821992
2026-07-07,Wadgaon Sheri,0,decreased,-62.63,-44.684377687041724
2026-07-07,Wadgaon Sheri,0,flat,-117.59,-87.29448710721245
2026-07-07,Wadgaon Sheri,0,increased,843.8900000000001,830.0981779612207
2026-07-07,Wadgaon Sheri-Old Mundhwa Rd,0,decreased,-69.00000000000006,54.096202268356606
2026-07-07,Wadgaon Sheri-Old Mundhwa Rd,0,flat,-84.01999999999995,-0.10656914529683448
2026-07-07,Wadgaon Sheri-Old Mundhwa Rd,0,increased,496.03,489.8113068997943
2026-07-07,Wanawadi Pune,0,decreased,-101.1999999999999,-37.52900258884539
2026-07-07,Wanawadi Pune,0,flat,-51.72999999999995,-45.40545039044798
2026-07-07,Wanawadi Pune,0,increased,1068.25,1062.4844895649978
2026-07-07,Warje Pune,0,decreased,-1001.310000000001,-363.97574684590603
2026-07-07,Warje Pune,0,flat,117.00999999999996,-248.32039930211403
2026-07-07,Warje Pune,0,increased,6592.910000000001,857.4945394272044
2026-07-07,Wayale Nagar,0,decreased,-125.55999999999997,-102.89476824212781
2026-07-07,Wayale Nagar,0,flat,-66.29000000000016,-9.49972855491649
2026-07-07,Wayale Nagar,0,increased,1365.77,1318.8599738138091
2026-07-07,Yashodhan,0,decreased,-325.81999999999994,-304.1119787780961
2026-07-07,Yashodhan,0,flat,-392.0899999999998,-190.07620445957883
2026-07-07,Yashodhan,0,increased,3925.01,3936.539078797218
2026-07-07,Yogi Nagar,0,decreased,-23.129999999999992,-24.33903928952122
2026-07-07,Yogi Nagar,0,flat,-27.110000000000007,-61.7844728362073
2026-07-07,Yogi Nagar,0,increased,1531.02,1460.437332744842
2026-07-07,Yogidham Kalyan,0,decreased,-290.68000000000006,-203.7541169906615
2026-07-07,Yogidham Kalyan,0,flat,-690.3999999999999,-632.1122773115811
2026-07-07,Yogidham Kalyan,0,increased,516.0799999999999,518.7364222377686
2026-07-08,7 Rasta Byculla,0,decreased,-217.66,-129.34691039681888
2026-07-08,7 Rasta Byculla,0,flat,-205.65999999999997,-52.51116777795017
2026-07-08,7 Rasta Byculla,0,increased,1412.3600000000001,1376.5312565784545
2026-07-08,Airoli,0,decreased,-176.42999999999995,-224.06914401250316
2026-07-08,Airoli,0,flat,-200.86999999999995,-159.32340438942745
2026-07-08,Airoli,0,increased,2951.8799999999997,2979.1955110260506
2026-07-08,Airoli Sector - 3,0,decreased,-163.4399999999999,-172.48031421624378
2026-07-08,Airoli Sector - 3,0,flat,-97.32000000000015,-83.50826019642798
2026-07-08,Airoli Sector - 3,0,increased,1943.29,1951.5151879734549
2026-07-08,Ambegaon Pune,0,decreased,-19.93999999999999,-35.40993227249129
2026-07-08,Ambegaon Pune,0,flat,-33.490000000000116,-106.91867429649481
2026-07-08,Ambegaon Pune,0,increased,527.6400000000001,544.2740561820696
2026-07-08,Ambernath East,0,decreased,-74.91999999999999,-76.76300012278149
2026-07-08,Ambernath East,0,flat,-7.890000000000068,456.36009807102437
2026-07-08,Ambernath East,0,increased,1261.64,1245.5453119252525
2026-07-08,Ambernath West,0,decreased,-443.47,-433.80829879154595
2026-07-08,Ambernath West,0,flat,257.18,-137.08636641476727
2026-07-08,Ambernath West,0,increased,1983.76,1943.021651922603
2026-07-08,Ashokvan Dahisar,0,decreased,-439.76999999999987,-470.754482907029
2026-07-08,Ashokvan Dahisar,0,flat,-104.65,-28.824825917578536
2026-07-08,Ashokvan Dahisar,0,increased,2353.2300000000005,2517.7420402171974
2026-07-08,Badlapur - Belavali,0,decreased,-281.18,-252.68836088111158
2026-07-08,Badlapur - Belavali,0,flat,96.86999999999995,-136.94203510315114
2026-07-08,Badlapur - Belavali,0,increased,929.5400000000001,924.4967183784374
2026-07-08,Badlapur East,0,decreased,-139.83999999999997,-142.73918753391538
2026-07-08,Badlapur East,0,flat,138.28999999999996,122.4441524034977
2026-07-08,Badlapur East,0,increased,1100.6299999999999,1119.055908110452
2026-07-08,Bandra,1,decreased,-164.54999999999998,-155.7501094790265
2026-07-08,Bandra,1,flat,-51.8799999999999,-129.4839036672855
2026-07-08,Bandra,1,increased,2897.44,3033.4191807851344
2026-07-08,Bhandup West,0,decreased,-291.42000000000013,-235.8294685453964
2026-07-08,Bhandup West,0,flat,-134.4499999999998,-107.97468749735522
2026-07-08,Bhandup West,0,increased,3252.57,3166.490298841244
2026-07-08,Bhayandar,0,decreased,-284.49999999999994,-278.66120288485416
2026-07-08,Bhayandar,0,flat,92.12999999999997,-61.15812543139647
2026-07-08,Bhayandar,0,increased,2426.02,2463.336200680656
2026-07-08,Bhayander 60 Feet Road,0,decreased,-86.50999999999999,-76.62559653184593
2026-07-08,Bhayander 60 Feet Road,0,flat,50.63999999999993,-96.58862644317522
2026-07-08,Bhayander 60 Feet Road,0,increased,1128.1000000000001,1063.3836307365186
2026-07-08,Bhekrainagar Pune,0,decreased,-15.0,-16.670493298059966
2026-07-08,Bhekrainagar Pune,0,flat,-23.119999999999884,-268.15805198441757
2026-07-08,Bhekrainagar Pune,0,increased,552.79,509.52626167138567
2026-07-08,Bhiwandi - Shivaji Chowk,0,decreased,-33.49999999999997,-40.3964403201286
2026-07-08,Bhiwandi - Shivaji Chowk,0,flat,-43.569999999999965,21.453291879075895
2026-07-08,Bhiwandi - Shivaji Chowk,0,increased,394.21000000000004,391.0467886779191
2026-07-08,Bhiwandi Dhamankar Naka,1,decreased,-201.92,-180.729818311848
2026-07-08,Bhiwandi Dhamankar Naka,1,flat,145.97999999999996,11.448169909088508
2026-07-08,Bhiwandi Dhamankar Naka,1,increased,2344.42,2706.40900916638
2026-07-08,Bibwewadi Pune,0,decreased,-757.3199999999997,-699.8154911283791
2026-07-08,Bibwewadi Pune,0,flat,-94.33999999999997,-41.49199925659489
2026-07-08,Bibwewadi Pune,0,increased,2144.07,2056.8302385617044
2026-07-08,Bytco Point Nashik,0,decreased,-294.14,-288.06843707735936
2026-07-08,Bytco Point Nashik,0,flat,-60.080000000000126,-130.24119870859414
2026-07-08,Bytco Point Nashik,0,increased,749.91,660.2579654180018
2026-07-08,CST Bora Bazaar,0,decreased,107.78,231.00288947458608
2026-07-08,CST Bora Bazaar,0,flat,-39.08000000000002,-114.52605044117736
2026-07-08,CST Bora Bazaar,0,increased,1415.72,1396.1123901589804
2026-07-08,Chandivali,0,decreased,-221.98000000000002,-233.6498411430722
2026-07-08,Chandivali,0,flat,1338.0900000000001,90.86628420325749
2026-07-08,Chandivali,0,increased,945.22,972.3781182713644
2026-07-08,Charkop,0,decreased,-295.28000000000003,-272.15325283783505
2026-07-08,Charkop,0,flat,10.580000000000062,-104.35762487801793
2026-07-08,Charkop,0,increased,2200.82,2094.3359900284363
2026-07-08,Chembur,0,decreased,-219.19,-186.6237454372174
2026-07-08,Chembur,0,flat,-13.639999999999905,16.770318299047865
2026-07-08,Chembur,0,increased,3713.7100000000005,3509.531400646791
2026-07-08,Chinchwad,1,decreased,-325.57,-179.26925482347895
2026-07-08,Chinchwad,1,flat,39.97999999999996,-173.9639506057456
2026-07-08,Chinchwad,1,increased,854.9800000000002,300.886017233394
2026-07-08,Chinchwad - Gandhi Peth,1,decreased,-25.559999999999988,-16.769798548192618
2026-07-08,Chinchwad - Gandhi Peth,1,flat,45.63000000000002,-29.48067884065798
2026-07-08,Chinchwad - Gandhi Peth,1,increased,354.46,342.4685098696608
2026-07-08,Cidco Nashik,0,decreased,-78.23999999999998,-64.63671648801449
2026-07-08,Cidco Nashik,0,flat,-128.39999999999998,-54.77544681652886
2026-07-08,Cidco Nashik,0,increased,864.8399999999999,471.1878544877691
2026-07-08,Colaba,1,decreased,-280.53,-280.37479200068447
2026-07-08,Colaba,1,flat,60.609999999999914,20.978507065938043
2026-07-08,Colaba,1,increased,1248.9,1232.1203842457583
2026-07-08,Dadar East,0,decreased,-82.21000000000004,4.40399675092651
2026-07-08,Dadar East,0,flat,164.05000000000007,69.55744076354331
2026-07-08,Dadar East,0,increased,1432.6599999999999,1432.8081041820328
2026-07-08,Dahisar,0,decreased,-1573.78,-854.2711125305239
2026-07-08,Dahisar,0,flat,-120.78000000000009,-85.10868732031905
2026-07-08,Dahisar,0,increased,2165.81,2215.597084686462
2026-07-08,Dattnagar,0,decreased,-103.46,-103.27954904242613
2026-07-08,Dattnagar,0,flat,-82.1799999999999,-145.48562511647603
2026-07-08,Dattnagar,0,increased,1042.28,1086.3149396923482
2026-07-08,Dhanakwadi,0,decreased,41.570000000000014,97.8231792548761
2026-07-08,Dhanakwadi,0,flat,-63.81000000000003,228.0071918974276
2026-07-08,Dhanakwadi,0,increased,1425.38,1200.9077736579916
2026-07-08,Dhanori Pune,0,decreased,-476.24,-314.2558358309249
2026-07-08,Dhanori Pune,0,flat,-17.290000000000013,0.19919182271090463
2026-07-08,Dhanori Pune,0,increased,821.4699999999999,813.3680571888183
2026-07-08,Dhayari Pune,0,decreased,-123.53999999999998,-134.46991061697713
2026-07-08,Dhayari Pune,0,flat,20.839999999999968,-40.13993646756439
2026-07-08,Dhayari Pune,0,increased,770.7900000000001,782.7680168722975
2026-07-08,Dighi Pune,1,decreased,-191.0000000000001,-109.13558925972474
2026-07-08,Dighi Pune,1,flat,-20.709999999999983,-332.52555330908206
2026-07-08,Dighi Pune,1,increased,655.33,576.2770596292103
2026-07-08,Dombivali,0,decreased,25.240000000000066,-185.96681939717348
2026-07-08,Dombivali,0,flat,33.92000000000016,-94.01959657724468
2026-07-08,Dombivali,0,increased,2645.27,2786.0804035628416
2026-07-08,Dombivali - Navpada,0,decreased,-264.41999999999996,-121.06831591456452
2026-07-08,Dombivali - Navpada,0,flat,-134.89999999999998,-55.60517741741075
2026-07-08,Dombivali - Navpada,0,increased,1044.65,1034.8833737781683
2026-07-08,Dombivali - Reti Bunder,0,decreased,-284.18999999999994,-265.5965010980293
2026-07-08,Dombivali - Reti Bunder,0,flat,12.759999999999984,8.869938742764925
2026-07-08,Dombivali - Reti Bunder,0,increased,669.84,661.6735406896213
2026-07-08,Dombivli West,0,decreased,-270.7199999999999,-276.0140616747017
2026-07-08,Dombivli West,0,flat,-175.38000000000017,-92.02952855408164
2026-07-08,Dombivli West,0,increased,3457.06,3401.9938148372976
2026-07-08,Evershine Nagar,0,decreased,-49.94,-52.74849679151925
2026-07-08,Evershine Nagar,0,flat,-67.7300000000001,-38.90250733982449
2026-07-08,Evershine Nagar,0,increased,1128.41,1088.6120460091227
2026-07-08,Fam Society - Koperkhairne,0,decreased,-269.40999999999997,-266.15937722067633
2026-07-08,Fam Society - Koperkhairne,0,flat,-117.68000000000008,99.62682558846711
2026-07-08,Fam Society - Koperkhairne,0,increased,2235.53,2335.3078969120656
2026-07-08,Fursungi Pune,0,decreased,-106.8,-116.44517203723993
2026-07-08,Fursungi Pune,0,flat,149.4600000000001,48.92915713510954
2026-07-08,Fursungi Pune,0,increased,445.94999999999993,402.97142450559875
2026-07-08,Ghansoli,0,decreased,71.88999999999994,-98.36357303968624
2026-07-08,Ghansoli,0,flat,84.35000000000001,-183.09610879863138
2026-07-08,Ghansoli,0,increased,3093.35,2992.8414759794005
2026-07-08,Ghatkopar East,0,decreased,-403.0799999999999,-375.88412178282863
2026-07-08,Ghatkopar East,0,flat,-377.18999999999994,-190.80215050044694
2026-07-08,Ghatkopar East,0,increased,1714.67,1688.0496848303828
2026-07-08,Ghatkopar West,0,decreased,-279.78999999999996,461.6078092601296
2026-07-08,Ghatkopar West,0,flat,-21.63,47.85277653729102
2026-07-08,Ghatkopar West,0,increased,2227.3,2175.822076289502
2026-07-08,Ghodapdeo - Byculla,0,decreased,-185.07999999999998,-186.31650196220858
2026-07-08,Ghodapdeo - Byculla,0,flat,0.06999999999997186,-165.67747937228964
2026-07-08,Ghodapdeo - Byculla,0,increased,1702.68,1668.4380167851484
2026-07-08,Global City Virar West,0,decreased,-94.9,-87.8332142439094
2026-07-08,Global City Virar West,0,flat,-99.96,-83.3240769677848
2026-07-08,Global City Virar West,0,increased,1599.76,1591.900844731651
2026-07-08,Goregaon,1,decreased,-267.44,-233.23018250490185
2026-07-08,Goregaon,1,flat,-125.38999999999989,-184.0619048876843
2026-07-08,Goregaon,1,increased,2813.6800000000003,2769.7100984230788
2026-07-08,Goregaon West S.V. Road,1,decreased,-1268.61,-1892.5846110080513
2026-07-08,Goregaon West S.V. Road,1,flat,9.05000000000011,154.1342808035435
2026-07-08,Goregaon West S.V. Road,1,increased,1941.44,1757.167226503498
2026-07-08,Govandi,0,decreased,-208.23000000000002,-224.70523496240662
2026-07-08,Govandi,0,flat,27.419999999999924,-15.38180940624854
2026-07-08,Govandi,0,increased,2653.84,2543.7372303844827
2026-07-08,Gujrat Colony Kothrud,0,decreased,-23.549999999999994,-23.549952445652178
2026-07-08,Gujrat Colony Kothrud,0,flat,-131.49,-167.0792000876037
2026-07-08,Gujrat Colony Kothrud,0,increased,219.17000000000002,263.2972265658975
2026-07-08,Gulab Nagar Pune,0,decreased,-75.50999999999998,-74.30587272292964
2026-07-08,Gulab Nagar Pune,0,flat,-97.65999999999994,-213.85804499283947
2026-07-08,Gulab Nagar Pune,0,increased,984.3999999999999,913.1755342087274
2026-07-08,Hari Om Nagar,0,decreased,-252.04000000000002,-242.35876081831904
2026-07-08,Hari Om Nagar,0,flat,-27.42999999999997,-527.7112326451766
2026-07-08,Hari Om Nagar,0,increased,1845.47,1840.3194544572448
2026-07-08,Hiltron Ulhasnagar,0,decreased,-694.62,-680.455839945344
2026-07-08,Hiltron Ulhasnagar,0,flat,111.70000000000005,1.7995892231695887
2026-07-08,Hiltron Ulhasnagar,0,increased,756.95,759.0845157806255
2026-07-08,Hiranandani Thane,0,decreased,-170.45000000000002,-116.78396979722075
2026-07-08,Hiranandani Thane,0,flat,77.08999999999986,-159.3297922995568
2026-07-08,Hiranandani Thane,0,increased,2722.1000000000004,2578.1171816614115
2026-07-08,IC Colony Borivali,0,decreased,-185.73999999999995,-159.7772178005843
2026-07-08,IC Colony Borivali,0,flat,132.44000000000005,115.94689752422575
2026-07-08,IC Colony Borivali,0,increased,2352.07,2254.36594136487
2026-07-08,JB Nagar,0,decreased,-543.3599999999999,-535.0738826660677
2026-07-08,JB Nagar,0,flat,-311.25000000000034,-248.435876256959
2026-07-08,JB Nagar,0,increased,4335.400000000001,4200.526375596129
2026-07-08,JJ Hospital,0,decreased,-144.08999999999997,-153.99644092375368
2026-07-08,JJ Hospital,0,flat,-134.61999999999998,-160.61687777115094
2026-07-08,JJ Hospital,0,increased,3487.51,3486.6697435656893
2026-07-08,Jagruti Nagar Ghatkopar,0,decreased,-207.11000000000004,-188.40901015998446
2026-07-08,Jagruti Nagar Ghatkopar,0,flat,-113.33999999999997,-70.28204954737197
2026-07-08,Jagruti Nagar Ghatkopar,0,increased,1445.7500000000002,1388.7314106512702
2026-07-08,Jail Road Nashik,0,decreased,-151.16,-151.37303051331725
2026-07-08,Jail Road Nashik,0,flat,-82.84,-147.8830200856988
2026-07-08,Jail Road Nashik,0,increased,399.19999999999993,371.2687671781004
2026-07-08,Jay VIjay Nagar Nalasopara East,0,decreased,-2.009999999999998,-6.947845490585529
2026-07-08,Jay VIjay Nagar Nalasopara East,0,flat,-211.74999999999997,47.30242846978674
2026-07-08,Jay VIjay Nagar Nalasopara East,0,increased,878.1700000000001,714.3679714078229
2026-07-08,Kalamboli,0,decreased,-329.9600000000001,-341.1939901488185
2026-07-08,Kalamboli,0,flat,37.729999999999954,-97.43495009001676
2026-07-08,Kalamboli,0,increased,1266.8600000000001,1260.985946838654
2026-07-08,Kalher Bhiwandi,0,decreased,-292.14,-280.496391667719
2026-07-08,Kalher Bhiwandi,0,flat,-78.02000000000004,68.24124508912186
2026-07-08,Kalher Bhiwandi,0,increased,1583.57,1550.5600887669834
2026-07-08,Kalina,0,decreased,-150.86999999999995,-150.14961890272525
2026-07-08,Kalina,0,flat,81.76000000000008,165.14718371900497
2026-07-08,Kalina,0,increased,1937.4700000000003,1785.6647345771346
2026-07-08,Kalwa,0,decreased,-773.83,-729.2853451873003
2026-07-08,Kalwa,0,flat,-86.0900000000001,9.504358524429879
2026-07-08,Kalwa,0,increased,2753.7500000000005,2898.9410874869714
2026-07-08,Kalyan,0,decreased,-129.70000000000005,183.8312884889333
2026-07-08,Kalyan,0,flat,-63.900000000000105,-96.63590891628603
2026-07-08,Kalyan,0,increased,974.73,988.0494660818795
2026-07-08,Kalyan - DB Chowk,0,decreased,-13.81999999999995,-86.23672281957128
2026-07-08,Kalyan - DB Chowk,0,flat,-105.37999999999988,8.683153673741975
2026-07-08,Kalyan - DB Chowk,0,increased,807.2800000000001,841.304617773646
2026-07-08,Kalyan East-Tisgaon Naka,0,decreased,-199.46,-128.98874665951442
2026-07-08,Kalyan East-Tisgaon Naka,0,flat,-70.61999999999982,-205.40425358060534
2026-07-08,Kalyan East-Tisgaon Naka,0,increased,1467.86,1276.8562379448538
2026-07-08,Kalyan West Club Road,0,decreased,-207.61000000000004,-174.51134377594252
2026-07-08,Kalyan West Club Road,0,flat,-65.25999999999993,201.1696296988292
2026-07-08,Kalyan West Club Road,0,increased,1479.6599999999999,1475.1807019813791
2026-07-08,Kamotha,0,decreased,-420.76999999999987,-421.1836612938998
2026-07-08,Kamotha,0,flat,-113.81999999999957,-448.69629077365107
2026-07-08,Kamotha,0,increased,2299.9400000000005,2962.3613376530143
2026-07-08,Kamothe - Sector 36,0,decreased,-228.71,-218.46440689512832
2026-07-08,Kamothe - Sector 36,0,flat,-59.219999999999985,605.6231935653173
2026-07-08,Kamothe - Sector 36,0,increased,1046.83,1045.1506237578214
2026-07-08,Kandivali East,0,decreased,-250.21999999999997,-246.62151976088768
2026-07-08,Kandivali East,0,flat,-32.82000000000009,84.80934568247591
2026-07-08,Kandivali East,0,increased,2348.5,2298.1483232218325
2026-07-08,Kandivali West,0,decreased,-24.139999999999986,-20.232861919211565
2026-07-08,Kandivali West,0,flat,-62.20000000000007,-90.29638381093737
2026-07-08,Kandivali West,0,increased,881.6999999999999,839.3503180421762
2026-07-08,Kasarvadavali Thane,0,decreased,-395.67999999999995,-390.0756812718938
2026-07-08,Kasarvadavali Thane,0,flat,-9.800000000000068,-523.0968034372677
2026-07-08,Kasarvadavali Thane,0,increased,1467.22,1499.6860703542204
2026-07-08,Katrap Badlapur East,0,decreased,-30.669999999999984,-30.589813500772177
2026-07-08,Katrap Badlapur East,0,flat,-70.03999999999999,-144.05710660537565
2026-07-08,Katrap Badlapur East,0,increased,700.71,709.7518648466194
2026-07-08,Khadki Pune,0,decreased,-82.13999999999999,-53.994818445453944
2026-07-08,Khadki Pune,0,flat,30.22999999999987,-46.76638261405293
2026-07-08,Khadki Pune,0,increased,825.3000000000001,714.5636365437437
2026-07-08,Khanda Colony,1,decreased,-154.69000000000005,-103.77793823720103
2026-07-08,Khanda Colony,1,flat,49.50999999999989,37.62258524072688
2026-07-08,Khanda Colony,1,increased,1417.8,1322.2601043183286
2026-07-08,Khar West,1,decreased,-498.65,-141.79024326025555
2026-07-08,Khar West,1,flat,1232.7700000000002,-897.3682101572475
2026-07-08,Khar West,1,increased,1405.27,1363.9182716553507
2026-07-08,Kharghar,0,decreased,-201.2499999999999,-178.615005796599
2026-07-08,Kharghar,0,flat,-280.7899999999997,0.9545003990822742
2026-07-08,Kharghar,0,increased,2773.38,2954.805784231676
2026-07-08,Kharghar Sector 12,0,decreased,-156.25,-142.7929195297483
2026-07-08,Kharghar Sector 12,0,flat,-111.94,63.727594246283715
2026-07-08,Kharghar Sector 12,0,increased,1465.17,1458.656051700726
2026-07-08,Khopat,0,decreased,-381.33000000000004,-358.699771495112
2026-07-08,Khopat,0,flat,95.34000000000003,200.06422077389635
2026-07-08,Khopat,0,increased,2731.35,2791.5620549478863
2026-07-08,Khutwad Nagar Nashik,0,decreased,-59.97000000000003,-160.4672897810219
2026-07-08,Khutwad Nagar Nashik,0,flat,-71.35000000000002,-87.99839640397131
2026-07-08,Khutwad Nagar Nashik,0,increased,195.57,194.65312726206432
2026-07-08,Kolsheth,0,decreased,-229.07999999999998,-229.44086174028718
2026-07-08,Kolsheth,0,flat,-72.70999999999984,-27.89575486598403
2026-07-08,Kolsheth,0,increased,3912.67,3968.0136732190904
2026-07-08,Kopar Khairane,0,decreased,-397.16999999999996,-393.92449145427247
2026-07-08,Kopar Khairane,0,flat,-21.090000000000053,-41.660457714895685
2026-07-08,Kopar Khairane,0,increased,3611.0299999999997,3653.194848299252
2026-07-08,Kopari Thane,0,decreased,-279.99000000000007,-291.84678619085633
2026-07-08,Kopari Thane,0,flat,-959.6999999999998,-901.5034591295166
2026-07-08,Kopari Thane,0,increased,663.7500000000001,561.7238641882132
2026-07-08,Koper Khairane - Sector 7,0,decreased,-51.24999999999998,-43.83527614165448
2026-07-08,Koper Khairane - Sector 7,0,flat,-131.88,-93.21533422393392
2026-07-08,Koper Khairane - Sector 7,0,increased,1443.69,1389.672959803723
2026-07-08,Kulgaon Badlapur West,0,decreased,-174.98999999999995,-197.74176310532405
2026-07-08,Kulgaon Badlapur West,0,flat,53.6700000000001,-158.31525093447672
2026-07-08,Kulgaon Badlapur West,0,increased,1913.7,1732.8293951766796
2026-07-08,Kurla,0,decreased,-41.22,-47.138043186551506
2026-07-08,Kurla,0,flat,-36.72999999999996,-71.85865566519355
2026-07-08,Kurla,0,increased,1455.5,1459.6893493550597
2026-07-08,Kurla West,0,decreased,-484.8699999999999,-521.5277110308134
2026-07-08,Kurla West,0,flat,-87.83000000000001,-80.56973152086752
2026-07-08,Kurla West,0,increased,3564.2000000000007,3692.570764350489
2026-07-08,Lower Parel - SJ Marg,0,decreased,-76.02000000000005,-90.39156234513523
2026-07-08,Lower Parel - SJ Marg,0,flat,56.109999999999985,-47.44229799041787
2026-07-08,Lower Parel - SJ Marg,0,increased,1000.9200000000001,1008.7197374572155
2026-07-08,Mahakali,0,decreased,-224.21999999999997,-265.2731026398297
2026-07-08,Mahakali,0,flat,4.870000000000033,32.55134415906005
2026-07-08,Mahakali,0,increased,2654.7400000000002,2576.615318216389
2026-07-08,Mahavir Pride Dombivali,0,decreased,-414.95000000000005,-281.77169734819677
2026-07-08,Mahavir Pride Dombivali,0,flat,44.38999999999987,184.6082870084768
2026-07-08,Mahavir Pride Dombivali,0,increased,2035.2099999999998,1974.7850276397376
2026-07-08,Mahim West,0,decreased,-334.0399999999999,-365.052654708457
2026-07-08,Mahim West,0,flat,-34.260000000000005,187.08093515366275
2026-07-08,Mahim West,0,increased,2653.44,2759.433180746182
2026-07-08,Malad,0,decreased,-142.89,-127.3870725444985
2026-07-08,Malad,0,flat,-62.839999999999755,-72.80917419219297
2026-07-08,Malad,0,increased,3022.46,3137.267108058499
2026-07-08,Malad Liberty Garden,0,decreased,-193.33999999999997,-121.04215804150812
2026-07-08,Malad Liberty Garden,0,flat,206.42000000000002,-41.109194802264895
2026-07-08,Malad Liberty Garden,0,increased,1295.64,1269.2367291337957
2026-07-08,Malwani,0,decreased,-74.72000000000001,-70.7457743180268
2026-07-08,Malwani,0,flat,-99.15000000000003,-98.56436391660428
2026-07-08,Malwani,0,increased,1431.99,1387.2128051539812
2026-07-08,Marol,0,decreased,-351.38,-338.39954234649974
2026-07-08,Marol,0,flat,261.7699999999998,182.73717441073302
2026-07-08,Marol,0,increased,2498.94,2576.162885600343
2026-07-08,Mharal Ulhasnagar,0,decreased,-373.8599999999999,-326.2242365724199
2026-07-08,Mharal Ulhasnagar,0,flat,44.46999999999995,325.8072152746408
2026-07-08,Mharal Ulhasnagar,0,increased,1570.7999999999997,1563.7230556729123
2026-07-08,Mhasrul Nashik,0,decreased,-197.44000000000003,-138.7802065610575
2026-07-08,Mhasrul Nashik,0,flat,1.9500000000000384,-246.92864354740513
2026-07-08,Mhasrul Nashik,0,increased,949.55,972.9661821385774
2026-07-08,Mira Road,0,decreased,-86.22999999999999,-89.31525827526768
2026-07-08,Mira Road,0,flat,99.89000000000007,249.2351270512328
2026-07-08,Mira Road,0,increased,1702.59,1707.5373458660708
2026-07-08,Mira Road - GCC Club Road,0,decreased,-72.34999999999997,-98.34896095809546
2026-07-08,Mira Road - GCC Club Road,0,flat,-266.3300000000001,-272.40317423497123
2026-07-08,Mira Road - GCC Club Road,0,increased,606.1700000000001,580.7069961247582
2026-07-08,Mira Road Jangid Complex,0,decreased,-199.00999999999993,-176.4702035732663
2026-07-08,Mira Road Jangid Complex,0,flat,62.98,-55.222449051979254
2026-07-08,Mira Road Jangid Complex,0,increased,1704.18,1688.9524443114199
2026-07-08,Mohan Nagar Kandivali,0,decreased,-192.22000000000006,-177.86765651808616
2026-07-08,Mohan Nagar Kandivali,0,flat,-86.0600000000001,-136.5469453225206
2026-07-08,Mohan Nagar Kandivali,0,increased,1038.62,984.9842884112983
2026-07-08,Mulund East,0,decreased,-196.10999999999996,-233.36902591379885
2026-07-08,Mulund East,0,flat,-108.24000000000008,-140.12882565202497
2026-07-08,Mulund East,0,increased,4945.22,4663.188075789586
2026-07-08,Mulund Panch Rasta,0,decreased,-155.22,-150.45976034047249
2026-07-08,Mulund Panch Rasta,0,flat,-27.98999999999998,-56.740700277051275
2026-07-08,Mulund Panch Rasta,0,increased,2093.0699999999997,2066.392054696349
2026-07-08,Mulund West,0,decreased,-204.7,-204.72876597386687
2026-07-08,Mulund West,0,flat,-85.42,31.764130986387958
2026-07-08,Mulund West,0,increased,3567.34,3470.1816709902173
2026-07-08,Mulund West-Sarvodaya Nagar,0,decreased,-58.5,-42.26437556876195
2026-07-08,Mulund West-Sarvodaya Nagar,0,flat,-19.19999999999993,-18.821555811482718
2026-07-08,Mulund West-Sarvodaya Nagar,0,increased,2290.83,2114.2150474486257
2026-07-08,Mundhwa Pune,0,decreased,-34.96999999999999,-40.6261359373542
2026-07-08,Mundhwa Pune,0,flat,-59.570000000000036,-77.02762134728285
2026-07-08,Mundhwa Pune,0,increased,553.26,540.7269000961221
2026-07-08,NIBM Kondwa,0,decreased,-169.94999999999996,-182.03984860835646
2026-07-08,NIBM Kondwa,0,flat,-65.99000000000007,-12.62550920239125
2026-07-08,NIBM Kondwa,0,increased,1756.93,1736.3153942904955
2026-07-08,Nahur West,0,decreased,-344.6,-342.10755559002695
2026-07-08,Nahur West,0,flat,11.169999999999991,72.66105963282565
2026-07-08,Nahur West,0,increased,1786.7000000000003,1743.2454220650034
2026-07-08,Nalasopara - Yashwant Nagar,0,decreased,-66.25999999999999,-69.7607050156011
2026-07-08,Nalasopara - Yashwant Nagar,0,flat,-44.330000000000055,-53.641754585255434
2026-07-08,Nalasopara - Yashwant Nagar,0,increased,1119.43,1115.8956238073458
2026-07-08,Narhe Pune,0,decreased,-33.750000000000014,-43.20733790428153
2026-07-08,Narhe Pune,0,flat,-89.99000000000005,-45.74643026865883
2026-07-08,Narhe Pune,0,increased,756.39,725.9776597708076
2026-07-08,Naupada,0,decreased,-368.11000000000007,-209.11576865629982
2026-07-08,Naupada,0,flat,-167.38999999999987,419.75170589450784
2026-07-08,Naupada,0,increased,2246.03,2263.4391504994237
2026-07-08,Navare Nagar Ambernath,0,decreased,-208.90999999999997,-203.49999942237298
2026-07-08,Navare Nagar Ambernath,0,flat,-36.34000000000002,-152.73188709514528
2026-07-08,Navare Nagar Ambernath,0,increased,1414.6000000000001,1443.4937430647203
2026-07-08,Navi Peth Pune,0,decreased,-126.40999999999998,-125.24768530338758
2026-07-08,Navi Peth Pune,0,flat,83.11999999999999,-3.4655786882609227
2026-07-08,Navi Peth Pune,0,increased,960.71,937.5800403626592
2026-07-08,Navjeevan Mumbai Central,0,decreased,-255.64999999999998,-234.02580427172433
2026-07-08,Navjeevan Mumbai Central,0,flat,-102.53000000000004,-65.97117461709985
2026-07-08,Navjeevan Mumbai Central,0,increased,2193.4,2164.2577572110895
2026-07-08,Nerul East,0,decreased,-41.56,-41.4950055908844
2026-07-08,Nerul East,0,flat,-140.5299999999998,-141.93793285969662
2026-07-08,Nerul East,0,increased,2422.5,2359.6178169790464
2026-07-08,Nerul West,0,decreased,-125.17000000000002,-160.9256059395111
2026-07-08,Nerul West,0,flat,13.369999999999962,-141.29988494862963
2026-07-08,Nerul West,0,increased,1519.52,1511.34758285718
2026-07-08,New Panvel,0,decreased,-97.34,-119.35362409851936
2026-07-08,New Panvel,0,flat,-72.66999999999994,-7.074058249198288
2026-07-08,New Panvel,0,increased,2120.58,1995.8683841404368
2026-07-08,Old Panvel,0,decreased,-115.85999999999996,7.295601072461526
2026-07-08,Old Panvel,0,flat,-110.72000000000003,-97.36605631515974
2026-07-08,Old Panvel,0,increased,1600.2300000000002,1443.4669884686755
2026-07-08,Palegaon Ambernath,0,decreased,-274.71999999999997,-259.6807988857435
2026-07-08,Palegaon Ambernath,0,flat,-23.880000000000013,-43.54501337877406
2026-07-08,Palegaon Ambernath,0,increased,633.92,604.0519103683564
2026-07-08,Panchpakhadi,0,decreased,-99.17,-105.21480422915747
2026-07-08,Panchpakhadi,0,flat,-87.85000000000001,22.916824634783787
2026-07-08,Panchpakhadi,0,increased,1731.95,1639.1743611787838
2026-07-08,Pantnagar,0,decreased,-719.3799999999999,-704.2873151150372
2026-07-08,Pantnagar,0,flat,-44.190000000000055,26.93055266245303
2026-07-08,Pantnagar,0,increased,1264.17,1239.3049525060228
2026-07-08,Panvel - Uran Naka,0,decreased,-150.26999999999998,-136.2812140224232
2026-07-08,Panvel - Uran Naka,0,flat,-92.37999999999995,-207.96153802503164
2026-07-08,Panvel - Uran Naka,0,increased,1586.26,1490.6468476464167
2026-07-08,Phadke Road - Dombivali,0,decreased,-142.96000000000004,-128.83551203926248
2026-07-08,Phadke Road - Dombivali,0,flat,-66.52000000000001,41.74828127316
2026-07-08,Phadke Road - Dombivali,0,increased,1497.5400000000002,1486.6537990007341
2026-07-08,Pimple Gurav,0,decreased,-89.42999999999998,-118.77605797411181
2026-07-08,Pimple Gurav,0,flat,-39.19000000000002,-14.998956339249595
2026-07-08,Pimple Gurav,0,increased,695.88,698.6204314752491
2026-07-08,Prabhadevi,0,decreased,-155.87,-232.0453450880097
2026-07-08,Prabhadevi,0,flat,-214.31999999999994,-149.41991011946277
2026-07-08,Prabhadevi,0,increased,2284.32,2223.6964543619683
2026-07-08,Pragati Nagar Nalasopara East,0,decreased,-162.25,-165.0588009903263
2026-07-08,Pragati Nagar Nalasopara East,0,flat,-171.9299999999998,-65.61839179142754
2026-07-08,Pragati Nagar Nalasopara East,0,increased,1375.75,1338.2801198334578
2026-07-08,Rajawadi,0,decreased,-265.5199999999999,-271.4098980569797
2026-07-08,Rajawadi,0,flat,-140.47000000000003,-286.9865528273403
2026-07-08,Rajawadi,0,increased,2162.82,2171.394342831402
2026-07-08,Roadpali Kalamboli,0,decreased,-178.39000000000004,-212.68918460930257
2026-07-08,Roadpali Kalamboli,0,flat,482.10000000000065,357.19720206874644
2026-07-08,Roadpali Kalamboli,0,increased,865.96,862.9298866335384
2026-07-08,Rupee Nagar Pune,0,decreased,7.670000000000002,-68.98535321260852
2026-07-08,Rupee Nagar Pune,0,flat,46.30999999999998,48.061851452633135
2026-07-08,Rupee Nagar Pune,0,increased,617.3100000000001,654.2609900903716
2026-07-08,Saibaba Nagar,0,decreased,-153.32,-144.93731759300488
2026-07-08,Saibaba Nagar,0,flat,-59.629999999999896,0.9938315057314835
2026-07-08,Saibaba Nagar,0,increased,1575.27,1578.1237454262196
2026-07-08,Sakinaka - Pipeline Road,0,decreased,-79.26999999999997,-49.057940765444336
2026-07-08,Sakinaka - Pipeline Road,0,flat,63.370000000000005,-2.0144174913341395
2026-07-08,Sakinaka - Pipeline Road,0,increased,622.85,624.7840130036194
2026-07-08,Sanpada,1,decreased,-178.99999999999994,-154.05889413113692
2026-07-08,Sanpada,1,flat,-166.5999999999999,-404.230984764286
2026-07-08,Sanpada,1,increased,3179.7200000000003,3145.985985232825
2026-07-08,Santa Cruz SV Road,0,decreased,-100.77999999999999,-104.21350743027025
2026-07-08,Santa Cruz SV Road,0,flat,-171.07999999999998,-192.06079819220813
2026-07-08,Santa Cruz SV Road,0,increased,1929.1700000000003,1966.1686659019467
2026-07-08,"Santoshi Mata Road, Kalyan West",0,decreased,-209.19,-103.59590862440884
2026-07-08,"Santoshi Mata Road, Kalyan West",0,flat,-12.040000000000063,-13.671868547850245
2026-07-08,"Santoshi Mata Road, Kalyan West",0,increased,1394.3700000000001,1374.8724425477822
2026-07-08,Sasane Nagar Pune,1,decreased,-41.429999999999964,-37.41408749083186
2026-07-08,Sasane Nagar Pune,1,flat,19.210000000000157,-27.604567599303984
2026-07-08,Sasane Nagar Pune,1,increased,774.56,876.4569045194046
2026-07-08,Seawoods,0,decreased,-272.77,-272.47218042327216
2026-07-08,Seawoods,0,flat,21.229999999999972,-114.71485152736794
2026-07-08,Seawoods,0,increased,1998.3400000000001,1916.7905845093298
2026-07-08,Sector 3 - New Panvel,0,decreased,-150.19999999999996,-134.16509960976214
2026-07-08,Sector 3 - New Panvel,0,flat,-44.93000000000002,-166.04420715506987
2026-07-08,Sector 3 - New Panvel,0,increased,1465.51,1456.3922386861595
2026-07-08,Shanti Nagar Mira Road,0,decreased,-373.94999999999993,-366.6447433097488
2026-07-08,Shanti Nagar Mira Road,0,flat,-64.80999999999997,-25.4371653537242
2026-07-08,Shanti Nagar Mira Road,0,increased,1209.02,1224.4941596770234
2026-07-08,Shirgaon Badlapur,0,decreased,-288.62,-288.55006300025644
2026-07-08,Shirgaon Badlapur,0,flat,-40.150000000000055,92.57704761613596
2026-07-08,Shirgaon Badlapur,0,increased,1406.52,1336.210373551905
2026-07-08,Shivaji Nagar Pune,0,decreased,-454.78999999999996,-438.9682332352377
2026-07-08,Shivaji Nagar Pune,0,flat,-61.800000000000026,-151.30820279297907
2026-07-08,Shivaji Nagar Pune,0,increased,1334.2800000000002,1326.6587016473366
2026-07-08,Shreenagar,0,decreased,-426.66999999999985,-330.20452899426596
2026-07-08,Shreenagar,0,flat,74.57000000000005,339.383524277488
2026-07-08,Shreenagar,0,increased,3759.7299999999996,3691.086985235402
2026-07-08,Shriprastha Nalasopara West,0,decreased,-126.56,-133.9759407614141
2026-07-08,Shriprastha Nalasopara West,0,flat,-0.30000000000000426,-20.448151627644044
2026-07-08,Shriprastha Nalasopara West,0,increased,83.14,84.53408575866635
2026-07-08,Sion Koliwada,0,decreased,-226.40000000000012,-232.0405271857283
2026-07-08,Sion Koliwada,0,flat,-258.62999999999977,-378.4027467895279
2026-07-08,Sion Koliwada,0,increased,2015.2,2029.5001496854147
2026-07-08,Thakur Complex,0,decreased,-156.55,-168.1213458904594
2026-07-08,Thakur Complex,0,flat,-31.65999999999992,-253.30386065356666
2026-07-08,Thakur Complex,0,increased,2366.5099999999998,2348.42637529475
2026-07-08,Thergaon,0,decreased,-46.45000000000002,-46.32634132948213
2026-07-08,Thergaon,0,flat,-178.64999999999958,-177.54447274060135
2026-07-08,Thergaon,0,increased,863.51,786.6793671169355
2026-07-08,Tilak Road Pune,0,decreased,-147.04000000000002,-69.75556230498205
2026-07-08,Tilak Road Pune,0,flat,6.5499999999999226,91.81306607283827
2026-07-08,Tilak Road Pune,0,increased,1358.77,1372.070610833256
2026-07-08,Tilaknagar,0,decreased,-102.75999999999998,-95.47674254403768
2026-07-08,Tilaknagar,0,flat,-254.57999999999993,-139.06939789545598
2026-07-08,Tilaknagar,0,increased,2274.7,2236.1253541858728
2026-07-08,Titwala,0,decreased,-309.99,-336.7634617884546
2026-07-08,Titwala,0,flat,-1000.4499999999997,-156.12035018876713
2026-07-08,Titwala,0,increased,1230.38,1235.1557350338771
2026-07-08,Trimurti Chowk Nashik,0,decreased,-125.28999999999999,-129.3845505995265
2026-07-08,Trimurti Chowk Nashik,0,flat,4.140000000000022,82.73772974523715
2026-07-08,Trimurti Chowk Nashik,0,increased,345.59999999999997,372.3442473991378
2026-07-08,Ulhas Nagar - Shahad,0,decreased,-230.39999999999992,-229.2611777660133
2026-07-08,Ulhas Nagar - Shahad,0,flat,-22.150000000000087,-81.88033939181507
2026-07-08,Ulhas Nagar - Shahad,0,increased,1166.91,1091.474369273928
2026-07-08,Ulhas Nagar - Shreeram Chowk,0,decreased,-164.36999999999992,-152.66814978833193
2026-07-08,Ulhas Nagar - Shreeram Chowk,0,flat,-4.380000000000024,-29.793333473490854
2026-07-08,Ulhas Nagar - Shreeram Chowk,0,increased,550.04,539.6283776546361
2026-07-08,Ulhasnagar,0,decreased,-486.79999999999995,-452.84653102653436
2026-07-08,Ulhasnagar,0,flat,415.96000000000015,374.98976742178655
2026-07-08,Ulhasnagar,0,increased,1927.85,1888.75130873223
2026-07-08,Ulhasnagar - Humlog Circle,0,decreased,-752.9299999999998,-739.9540576486376
2026-07-08,Ulhasnagar - Humlog Circle,0,flat,95.09999999999995,51.19973033257911
2026-07-08,Ulhasnagar - Humlog Circle,0,increased,907.3100000000001,848.5921132547579
2026-07-08,Ulhasnagar - Khemani Chowk,0,decreased,-170.0499999999999,-125.42909749679275
2026-07-08,Ulhasnagar - Khemani Chowk,0,flat,26.030000000000037,12.83419730452325
2026-07-08,Ulhasnagar - Khemani Chowk,0,increased,1123.58,1141.2584849070365
2026-07-08,Ulhasnagar Sector 4,0,decreased,-359.2999999999999,-354.39855446331
2026-07-08,Ulhasnagar Sector 4,0,flat,-52.99000000000002,110.11308599335459
2026-07-08,Ulhasnagar Sector 4,0,increased,1262.7,1208.27630616048
2026-07-08,Ulwe-Navi Mumbai,0,decreased,-256.9999999999999,-200.0891604169087
2026-07-08,Ulwe-Navi Mumbai,0,flat,59.07999999999989,-120.94018093848427
2026-07-08,Ulwe-Navi Mumbai,0,increased,1763.87,1723.8470740474231
2026-07-08,Vakola,0,decreased,-246.73999999999995,-230.92996530826372
2026-07-08,Vakola,0,flat,-5.449999999999907,-270.7177259743111
2026-07-08,Vakola,0,increased,1769.04,1745.745719027361
2026-07-08,Vasai West - Station Road,0,decreased,-283.83,-256.0960720265866
2026-07-08,Vasai West - Station Road,0,flat,-28.70999999999991,65.51744757034794
2026-07-08,Vasai West - Station Road,0,increased,2026.7800000000002,1998.6837048270106
2026-07-08,Vashi,0,decreased,-557.51,-541.7105924550635
2026-07-08,Vashi,0,flat,78.80999999999983,-266.36251702131807
2026-07-08,Vashi,0,increased,4538.0,4571.423650278077
2026-07-08,Vashi Sector 11,0,decreased,-118.97999999999999,-167.81949466136706
2026-07-08,Vashi Sector 11,0,flat,-187.27999999999992,-163.06989359503714
2026-07-08,Vashi Sector 11,0,increased,1418.05,1440.5014514862037
2026-07-08,Veenanagar,0,decreased,-129.40000000000003,-90.09705917435477
2026-07-08,Veenanagar,0,flat,-35.139999999999944,26.186491779661488
2026-07-08,Veenanagar,0,increased,2163.48,1928.3873937128071
2026-07-08,Versova - Yari Road,0,decreased,-112.79999999999998,-134.82274984581966
2026-07-08,Versova - Yari Road,0,flat,64.68000000000016,52.573173276447704
2026-07-08,Versova - Yari Road,0,increased,2245.36,2220.574970355266
2026-07-08,Versova Andheri,0,decreased,-185.71999999999997,-163.59468590579942
2026-07-08,Versova Andheri,0,flat,-47.86000000000004,-116.7625003543086
2026-07-08,Versova Andheri,0,increased,2627.0000000000005,2545.4217300500873
2026-07-08,Vijay Nagari - Thane,0,decreased,-289.41,-237.93060956869041
2026-07-08,Vijay Nagari - Thane,0,flat,264.2599999999997,-147.79513694060017
2026-07-08,Vijay Nagari - Thane,0,increased,2258.37,2145.0416150913825
2026-07-08,Vikhroli,0,decreased,-489.1099999999998,-526.9459678297328
2026-07-08,Vikhroli,0,flat,-8.370000000000076,-47.82452173246652
2026-07-08,Vikhroli,0,increased,3574.5099999999998,3450.282219931511
2026-07-08,Vikhroli Kannamwar,0,decreased,-187.83999999999992,-189.9648318500815
2026-07-08,Vikhroli Kannamwar,0,flat,-76.06999999999992,-215.10182671133958
2026-07-08,Vikhroli Kannamwar,0,increased,2307.35,2303.022365432273
2026-07-08,Vile Parle,0,decreased,-299.08,-224.28816071185705
2026-07-08,Vile Parle,0,flat,-118.79999999999998,-114.52366402211949
2026-07-08,Vile Parle,0,increased,1268.4700000000003,1299.2620385639632
2026-07-08,Virar East,0,decreased,-392.52,-415.27326358600226
2026-07-08,Virar East,0,flat,-60.999999999999936,-81.32006679320632
2026-07-08,Virar East,0,increased,2512.51,2505.585686030525
2026-07-08,Virar West,0,decreased,-145.43000000000004,-139.0730149035478
2026-07-08,Virar West,0,flat,-240.83000000000004,-129.56943922606652
2026-07-08,Virar West,0,increased,1254.82,1265.2707091835825
2026-07-08,Wadgaon Budruk Pune,0,decreased,-135.64999999999995,-153.063377377586
2026-07-08,Wadgaon Budruk Pune,0,flat,-56.43000000000003,105.92194287941953
2026-07-08,Wadgaon Budruk Pune,0,increased,1106.8599999999997,1113.8388804881583
2026-07-08,Wadgaon Sheri,0,decreased,-42.0,-41.75220994475134
2026-07-08,Wadgaon Sheri,0,flat,-158.95000000000013,-74.57388215162491
2026-07-08,Wadgaon Sheri,0,increased,921.74,910.5105047133754
2026-07-08,Wadgaon Sheri-Old Mundhwa Rd,0,decreased,-271.27,-247.90516452482476
2026-07-08,Wadgaon Sheri-Old Mundhwa Rd,0,flat,969.53,1035.8293912447105
2026-07-08,Wadgaon Sheri-Old Mundhwa Rd,0,increased,830.73,822.7333203528999
2026-07-08,Wanawadi Pune,0,decreased,-121.35000000000002,-117.93623313170374
2026-07-08,Wanawadi Pune,0,flat,29.510000000000026,2.179013921473622
2026-07-08,Wanawadi Pune,0,increased,1419.45,1409.8103475026508
2026-07-08,Warje Pune,0,decreased,-99.74,-86.47739701106448
2026-07-08,Warje Pune,0,flat,-36.94000000000004,-31.524561055992066
2026-07-08,Warje Pune,0,increased,813.99,795.5032685609855
2026-07-08,Wayale Nagar,0,decreased,-318.78999999999996,-312.32900209279137
2026-07-08,Wayale Nagar,0,flat,-50.95999999999991,-53.533585249062824
2026-07-08,Wayale Nagar,0,increased,1336.76,1324.870666521359
2026-07-08,Yashodhan,0,decreased,-340.15,-324.6893553003585
2026-07-08,Yashodhan,0,flat,-439.18000000000023,-299.24941639111336
2026-07-08,Yashodhan,0,increased,4113.19,4054.780249467876
2026-07-08,Yogi Nagar,0,decreased,-36.87,-35.67136078174404
2026-07-08,Yogi Nagar,0,flat,-50.259999999999984,104.29793016694683
2026-07-08,Yogi Nagar,0,increased,1249.04,1237.8530211744983
2026-07-08,Yogidham Kalyan,0,decreased,-323.84,-169.01491310649277
2026-07-08,Yogidham Kalyan,0,flat,-1055.1039999999998,-902.6918280833132
2026-07-08,Yogidham Kalyan,0,increased,1119.93,1107.0805330899711
2026-07-09,7 Rasta Byculla,0,decreased,-217.31999999999994,-232.14227723890735
2026-07-09,7 Rasta Byculla,0,flat,-119.02999999999997,-194.04742229208475
2026-07-09,7 Rasta Byculla,0,increased,1955.02,1961.5479304895962
2026-07-09,Airoli,0,decreased,-584.1,-547.7172223551959
2026-07-09,Airoli,0,flat,-27.809999999999942,-267.6640187457296
2026-07-09,Airoli,0,increased,3711.6,3655.6119797933193
2026-07-09,Airoli Sector - 3,0,decreased,-280.37999999999994,-350.7019300809875
2026-07-09,Airoli Sector - 3,0,flat,-306.84,-67.05397004144537
2026-07-09,Airoli Sector - 3,0,increased,2197.76,2149.293784712504
2026-07-09,Ambegaon Pune,0,decreased,-147.35000000000005,-146.45507709622444
2026-07-09,Ambegaon Pune,0,flat,-78.65000000000012,52.57449664908441
2026-07-09,Ambegaon Pune,0,increased,553.4300000000001,517.5988357995177
2026-07-09,Ambernath East,0,decreased,-352.56999999999994,-332.45842919566377
2026-07-09,Ambernath East,0,flat,26.129999999999935,45.37830621933708
2026-07-09,Ambernath East,0,increased,1109.32,1101.3444312959234
2026-07-09,Ambernath West,0,decreased,-153.45,-131.87884268075325
2026-07-09,Ambernath West,0,flat,95.54999999999995,-27.267008908154548
2026-07-09,Ambernath West,0,increased,1183.69,1170.7989319194446
2026-07-09,Ashokvan Dahisar,0,decreased,-281.6499999999999,-233.92002993653455
2026-07-09,Ashokvan Dahisar,0,flat,-10.200000000000053,10.172981968931328
2026-07-09,Ashokvan Dahisar,0,increased,1698.72,1777.3586074115797
2026-07-09,Badlapur - Belavali,0,decreased,-574.66,-579.1331753082613
2026-07-09,Badlapur - Belavali,0,flat,-98.39,-159.87828994274344
2026-07-09,Badlapur - Belavali,0,increased,829.4400000000002,844.4280961936382
2026-07-09,Badlapur East,0,decreased,-81.37,-75.66474089259239
2026-07-09,Badlapur East,0,flat,-237.46000000000004,-3.2997059983414765
2026-07-09,Badlapur East,0,increased,805.08,765.6125928549985
2026-07-09,Bandra,1,decreased,-362.68999999999994,-357.1872941617157
2026-07-09,Bandra,1,flat,-111.9600000000001,-85.74737159567017
2026-07-09,Bandra,1,increased,2682.67,2550.0448864229224
2026-07-09,Bhandup West,0,decreased,-150.16999999999996,-149.48912443217532
2026-07-09,Bhandup West,0,flat,-61.75000000000007,-27.9200143059495
2026-07-09,Bhandup West,0,increased,1578.3,1535.8741548727685
2026-07-09,Bhayandar,0,decreased,-326.74,-244.40753403514464
2026-07-09,Bhayandar,0,flat,-45.06999999999991,-366.83647932989396
2026-07-09,Bhayandar,0,increased,2189.77,2133.8950257058964
2026-07-09,Bhayander 60 Feet Road,0,decreased,-173.11000000000007,-173.6517400794049
2026-07-09,Bhayander 60 Feet Road,0,flat,-104.26999999999984,-192.52371873377
2026-07-09,Bhayander 60 Feet Road,0,increased,1324.9800000000002,1303.1406650982697
2026-07-09,Bhekrainagar Pune,0,decreased,-278.96000000000004,-300.4091908372379
2026-07-09,Bhekrainagar Pune,0,flat,22.85999999999997,-200.7767292734852
2026-07-09,Bhekrainagar Pune,0,increased,818.2600000000002,742.8028127447759
2026-07-09,Bhiwandi - Shivaji Chowk,0,decreased,-24.079999999999995,-22.558560293937877
2026-07-09,Bhiwandi - Shivaji Chowk,0,flat,-93.36999999999999,-89.54094395381719
2026-07-09,Bhiwandi - Shivaji Chowk,0,increased,631.72,557.0536561125946
2026-07-09,Bhiwandi Dhamankar Naka,1,decreased,-379.5,-362.0580962500797
2026-07-09,Bhiwandi Dhamankar Naka,1,flat,2.4500000000000384,-62.119610976151066
2026-07-09,Bhiwandi Dhamankar Naka,1,increased,1579.0400000000002,1503.3459796930185
2026-07-09,Bibwewadi Pune,0,decreased,-105.92999999999998,-121.0727608377153
2026-07-09,Bibwewadi Pune,0,flat,-123.49,-3.062178823355403
2026-07-09,Bibwewadi Pune,0,increased,1737.66,1751.8757241343835
2026-07-09,Bytco Point Nashik,0,decreased,-143.05999999999997,-153.54906965690532
2026-07-09,Bytco Point Nashik,0,flat,5.5300000000000935,-74.00629349624282
2026-07-09,Bytco Point Nashik,0,increased,1101.71,774.4428628695917
2026-07-09,CST Bora Bazaar,0,decreased,-176.57999999999998,-179.6668632392565
2026-07-09,CST Bora Bazaar,0,flat,93.40000000000002,34.13060220699734
2026-07-09,CST Bora Bazaar,0,increased,1415.6899999999998,1325.1239175379608
2026-07-09,Chandivali,0,decreased,-107.07,-105.48059505329249
2026-07-09,Chandivali,0,flat,-132.19000000000005,-100.33317818121606
2026-07-09,Chandivali,0,increased,834.03,834.1337275152977
2026-07-09,Charkop,0,decreased,-115.60999999999999,-106.99450651442297
2026-07-09,Charkop,0,flat,-281.69000000000017,-407.9736975506137
2026-07-09,Charkop,0,increased,2554.0,2492.368011336818
2026-07-09,Chembur,0,decreased,-322.71999999999997,-297.56438923656924
2026-07-09,Chembur,0,flat,-142.9699999999999,-93.5141046323231
2026-07-09,Chembur,0,increased,4487.06,4416.751534510482
2026-07-09,Chinchwad,1,decreased,-200.25999999999996,-215.0726505151903
2026-07-09,Chinchwad,1,flat,-223.0999999999999,-385.7078719878196
2026-07-09,Chinchwad,1,increased,968.76,795.4044112540638
2026-07-09,Chinchwad - Gandhi Peth,1,decreased,-233.71000000000006,-246.51247135342672
2026-07-09,Chinchwad - Gandhi Peth,1,flat,-120.01999999999983,-21.125991997275243
2026-07-09,Chinchwad - Gandhi Peth,1,increased,231.31999999999996,267.29746791593203
2026-07-09,Cidco Nashik,0,decreased,-117.53999999999998,-194.3365707653823
2026-07-09,Cidco Nashik,0,flat,-45.29000000000005,-39.793840474856836
2026-07-09,Cidco Nashik,0,increased,786.9000000000001,522.3720499483828
2026-07-09,Colaba,1,decreased,-203.77000000000004,-194.68272632710557
2026-07-09,Colaba,1,flat,-31.669999999999998,-22.068420442193798
2026-07-09,Colaba,1,increased,1280.39,1277.451624260961
2026-07-09,Dadar East,0,decreased,-92.6,-87.43414216009245
2026-07-09,Dadar East,0,flat,48.649999999999984,-189.47812193060733
2026-07-09,Dadar East,0,increased,1641.25,1619.283270918592
2026-07-09,Dahisar,0,decreased,-178.9799999999999,-162.83403269700904
2026-07-09,Dahisar,0,flat,-82.70000000000005,38.06659334868854
2026-07-09,Dahisar,0,increased,1948.6200000000001,1846.796224675836
2026-07-09,Dattnagar,0,decreased,-87.36000000000001,-87.55494076469044
2026-07-09,Dattnagar,0,flat,-29.769999999999936,-36.33966059476113
2026-07-09,Dattnagar,0,increased,1557.53,1523.0331641761597
2026-07-09,Dhanakwadi,0,decreased,-306.79999999999995,-285.2231845277627
2026-07-09,Dhanakwadi,0,flat,-202.68999999999994,-810.5801710355433
2026-07-09,Dhanakwadi,0,increased,1563.3600000000001,1536.9414092030822
2026-07-09,Dhanori Pune,0,decreased,-194.18,-190.71347566541095
2026-07-09,Dhanori Pune,0,flat,80.49999999999986,-23.850193561810535
2026-07-09,Dhanori Pune,0,increased,1122.93,1041.7234803646102
2026-07-09,Dhayari Pune,0,decreased,-58.82000000000002,-43.99885578126911
2026-07-09,Dhayari Pune,0,flat,-26.88999999999995,-16.48694089529315
2026-07-09,Dhayari Pune,0,increased,1009.35,920.7783102623873
2026-07-09,Dighi Pune,1,decreased,-34.80999999999999,-30.348994175741403
2026-07-09,Dighi Pune,1,flat,-88.91999999999999,-137.03150604684708
2026-07-09,Dighi Pune,1,increased,326.96,317.665109049018
2026-07-09,Dombivali,0,decreased,-112.70999999999995,-119.72392792986511
2026-07-09,Dombivali,0,flat,174.29000000000008,208.69114396913167
2026-07-09,Dombivali,0,increased,2028.77,2042.7750711683327
2026-07-09,Dombivali - Navpada,0,decreased,-116.26999999999998,-109.06258753494083
2026-07-09,Dombivali - Navpada,0,flat,26.219999999999956,238.93510564170285
2026-07-09,Dombivali - Navpada,0,increased,1047.45,930.4259851007963
2026-07-09,Dombivali - Reti Bunder,0,decreased,-215.2422,-225.724064824096
2026-07-09,Dombivali - Reti Bunder,0,flat,-9.821099999999682,1.5898762838745455
2026-07-09,Dombivali - Reti Bunder,0,increased,401.68999999999994,392.9022372044266
2026-07-09,Dombivli West,0,decreased,-284.66999999999996,-281.9565992707862
2026-07-09,Dombivli West,0,flat,336.0199999999998,198.73642606874236
2026-07-09,Dombivli West,0,increased,3208.74,3184.1163488482953
2026-07-09,Evershine Nagar,0,decreased,-17.069999999999943,-49.80022367062554
2026-07-09,Evershine Nagar,0,flat,14.77999999999998,51.04112606084104
2026-07-09,Evershine Nagar,0,increased,1362.8,1368.9992682054094
2026-07-09,Fam Society - Koperkhairne,0,decreased,-237.63000000000005,-196.9461506719502
2026-07-09,Fam Society - Koperkhairne,0,flat,-42.67999999999998,-39.59253740567573
2026-07-09,Fam Society - Koperkhairne,0,increased,2043.4399999999998,1995.7011288427618
2026-07-09,Fursungi Pune,0,decreased,-93.41000000000001,-118.08036374012359
2026-07-09,Fursungi Pune,0,flat,-51.65000000000006,-116.69355841570764
2026-07-09,Fursungi Pune,0,increased,825.4700000000001,740.5363221001635
2026-07-09,Ghansoli,0,decreased,-185.77999999999997,-177.4799144837731
2026-07-09,Ghansoli,0,flat,-252.93999999999988,-132.0686274082679
2026-07-09,Ghansoli,0,increased,3329.9500000000003,3252.0668787371155
2026-07-09,Ghatkopar East,0,decreased,-279.65999999999997,-215.40568124481666
2026-07-09,Ghatkopar East,0,flat,-88.37999999999995,68.8396800575762
2026-07-09,Ghatkopar East,0,increased,2777.5,2671.344377060434
2026-07-09,Ghatkopar West,0,decreased,-317.97,-311.42043900517893
2026-07-09,Ghatkopar West,0,flat,-4051.410000000002,-3239.4358095105795
2026-07-09,Ghatkopar West,0,increased,2446.6,2422.9761378349335
2026-07-09,Ghodapdeo - Byculla,0,decreased,-197.69000000000005,-195.7444680900456
2026-07-09,Ghodapdeo - Byculla,0,flat,139.93000000000004,89.77199110176247
2026-07-09,Ghodapdeo - Byculla,0,increased,1322.53,1337.1079800083364
2026-07-09,Global City Virar West,0,decreased,-488.02,-488.217792191667
2026-07-09,Global City Virar West,0,flat,-89.25999999999999,-11.57597214110417
2026-07-09,Global City Virar West,0,increased,1428.97,1333.6224146867514
2026-07-09,Goregaon,1,decreased,-96.01,-122.12820208909147
2026-07-09,Goregaon,1,flat,-205.43999999999988,-234.02410505357048
2026-07-09,Goregaon,1,increased,3178.5,3068.4983286174865
2026-07-09,Goregaon West S.V. Road,1,decreased,-257.71,-247.20686105216024
2026-07-09,Goregaon West S.V. Road,1,flat,346.2900000000001,-156.28176254866656
2026-07-09,Goregaon West S.V. Road,1,increased,1508.97,1460.1050307139108
2026-07-09,Govandi,0,decreased,-212.28999999999996,-228.07216937058118
2026-07-09,Govandi,0,flat,20.289999999999996,-23.464938160435377
2026-07-09,Govandi,0,increased,3055.6600000000003,3088.278862539
2026-07-09,Gujrat Colony Kothrud,0,decreased,-295.62,-237.01359939086458
2026-07-09,Gujrat Colony Kothrud,0,flat,-1143.2899999999988,-1522.2823457677043
2026-07-09,Gujrat Colony Kothrud,0,increased,945.1,941.816751375584
2026-07-09,Gulab Nagar Pune,0,decreased,-392.09,-452.07979779867367
2026-07-09,Gulab Nagar Pune,0,flat,-29.109999999999932,-18.28863815784284
2026-07-09,Gulab Nagar Pune,0,increased,675.5600000000002,677.3067541134933
2026-07-09,Hari Om Nagar,0,decreased,-212.15000000000006,-170.54392316712577
2026-07-09,Hari Om Nagar,0,flat,-20.409999999999926,64.51707738168135
2026-07-09,Hari Om Nagar,0,increased,1636.1100000000001,1546.0156765399815
2026-07-09,Hiltron Ulhasnagar,0,decreased,-293.08,-272.7896589863906
2026-07-09,Hiltron Ulhasnagar,0,flat,7.860000000000021,24.690180666297202
2026-07-09,Hiltron Ulhasnagar,0,increased,662.38,690.5734916583127
2026-07-09,Hiranandani Thane,0,decreased,-389.2900000000001,-333.5253957826899
2026-07-09,Hiranandani Thane,0,flat,-144.5899999999998,-142.98445300784957
2026-07-09,Hiranandani Thane,0,increased,2738.02,2500.5357240074095
2026-07-09,IC Colony Borivali,0,decreased,-342.82,-314.31765379462246
2026-07-09,IC Colony Borivali,0,flat,-101.10999999999987,-98.22670873543139
2026-07-09,IC Colony Borivali,0,increased,2982.68,2831.22895169436
2026-07-09,JB Nagar,0,decreased,-402.75999999999993,-370.0795605116447
2026-07-09,JB Nagar,0,flat,9.039999999999893,-77.73361767286808
2026-07-09,JB Nagar,0,increased,4320.3,4223.939992181386
2026-07-09,JJ Hospital,0,decreased,-408.94999999999993,-383.8272698191624
2026-07-09,JJ Hospital,0,flat,2.0500000000000114,6.78826563842177
2026-07-09,JJ Hospital,0,increased,3946.58,3967.4539877328293
2026-07-09,Jagruti Nagar Ghatkopar,0,decreased,-101.63999999999996,-81.44202069203939
2026-07-09,Jagruti Nagar Ghatkopar,0,flat,-30.130000000000045,-75.16017647958597
2026-07-09,Jagruti Nagar Ghatkopar,0,increased,1070.9,998.5067048125301
2026-07-09,Jail Road Nashik,0,decreased,-152.64999999999998,-154.05647222351053
2026-07-09,Jail Road Nashik,0,flat,-82.25999999999993,-375.95774653314203
2026-07-09,Jail Road Nashik,0,increased,766.7,708.0418089006998
2026-07-09,Jay VIjay Nagar Nalasopara East,0,decreased,-138.11,-145.3472100371801
2026-07-09,Jay VIjay Nagar Nalasopara East,0,flat,487.87,-5.607783019648922
2026-07-09,Jay VIjay Nagar Nalasopara East,0,increased,889.31,886.0471835997589
2026-07-09,Kalamboli,0,decreased,-315.21999999999986,-418.74333396349255
2026-07-09,Kalamboli,0,flat,102.29000000000016,47.103766171431914
2026-07-09,Kalamboli,0,increased,985.3299999999999,967.0390109254473
2026-07-09,Kalher Bhiwandi,0,decreased,-536.4399999999998,-536.9134569366071
2026-07-09,Kalher Bhiwandi,0,flat,82.13000000000001,-225.87151425822978
2026-07-09,Kalher Bhiwandi,0,increased,2285.26,2199.372154883454
2026-07-09,Kalina,0,decreased,-341.18999999999994,-274.088124212102
2026-07-09,Kalina,0,flat,-54.57000000000001,-29.34824779359242
2026-07-09,Kalina,0,increased,1362.15,1360.2794514812292
2026-07-09,Kalwa,0,decreased,-340.2899999999998,-293.84336114056316
2026-07-09,Kalwa,0,flat,-229.6000000000003,-246.46748423725012
2026-07-09,Kalwa,0,increased,3568.11,3473.0843064640912
2026-07-09,Kalyan,0,decreased,-145.10999999999996,-123.61487869655468
2026-07-09,Kalyan,0,flat,-281.36999999999983,131.99160155988912
2026-07-09,Kalyan,0,increased,1218.22,859.8550171023852
2026-07-09,Kalyan - DB Chowk,0,decreased,-172.66999999999996,-230.08042322877037
2026-07-09,Kalyan - DB Chowk,0,flat,-70.86999999999989,-113.45723960600056
2026-07-09,Kalyan - DB Chowk,0,increased,994.73,1021.8443551672619
2026-07-09,Kalyan East-Tisgaon Naka,0,decreased,-34.14999999999999,16.513879344756432
2026-07-09,Kalyan East-Tisgaon Naka,0,flat,-119.58000000000004,-118.01764472019879
2026-07-09,Kalyan East-Tisgaon Naka,0,increased,1324.73,1320.2985587660407
2026-07-09,Kalyan West Club Road,0,decreased,-248.81,-259.3777483973747
2026-07-09,Kalyan West Club Road,0,flat,346.34000000000015,-30.395828615474393
2026-07-09,Kalyan West Club Road,0,increased,1580.69,1524.1148246805253
2026-07-09,Kamotha,0,decreased,-292.01999999999987,-234.93853903869137
2026-07-09,Kamotha,0,flat,-80.3099999999999,-272.3770802790144
2026-07-09,Kamotha,0,increased,2616.27,2673.4080489809535
2026-07-09,Kamothe - Sector 36,0,decreased,-63.84999999999995,-71.60614299208842
2026-07-09,Kamothe - Sector 36,0,flat,-0.7300000000002029,-192.8369847261609
2026-07-09,Kamothe - Sector 36,0,increased,1150.49,1160.8631616668831
2026-07-09,Kandivali East,0,decreased,-276.28000000000003,-241.0834051967881
2026-07-09,Kandivali East,0,flat,4.479999999999965,-188.47494949851273
2026-07-09,Kandivali East,0,increased,2255.75,2266.9330409459435
2026-07-09,Kandivali West,0,decreased,-105.99000000000002,-99.1140011980429
2026-07-09,Kandivali West,0,flat,-80.10999999999993,-137.62573158937082
2026-07-09,Kandivali West,0,increased,1033.6,844.194751861001
2026-07-09,Kasarvadavali Thane,0,decreased,-147.52999999999997,-142.7068120595275
2026-07-09,Kasarvadavali Thane,0,flat,-0.4399999999998272,64.64280050813929
2026-07-09,Kasarvadavali Thane,0,increased,1646.61,1606.4213717629839
2026-07-09,Katrap Badlapur East,0,decreased,-178.74999999999997,-129.7696771406776
2026-07-09,Katrap Badlapur East,0,flat,-26.02999999999996,27.878015846031474
2026-07-09,Katrap Badlapur East,0,increased,456.76,444.33643069315343
2026-07-09,Khadki Pune,0,decreased,-343.03,-357.33803176728446
2026-07-09,Khadki Pune,0,flat,-52.449999999999775,207.97470235723597
2026-07-09,Khadki Pune,0,increased,1543.85,1497.962484245301
2026-07-09,Khanda Colony,1,decreased,-110.76999999999995,-91.69342950707846
2026-07-09,Khanda Colony,1,flat,-187.5699999999999,-57.80145180254271
2026-07-09,Khanda Colony,1,increased,1795.6000000000001,1877.594287359729
2026-07-09,Khar West,1,decreased,-145.43,-132.2025080762981
2026-07-09,Khar West,1,flat,-118.12000000000002,-38.23271503242226
2026-07-09,Khar West,1,increased,1845.6000000000001,1862.435706187243
2026-07-09,Kharghar,0,decreased,-308.44,-306.46683850583827
2026-07-09,Kharghar,0,flat,-33.57000000000001,-276.15755066619545
2026-07-09,Kharghar,0,increased,2585.2200000000003,2602.629318337316
2026-07-09,Kharghar Sector 12,0,decreased,-109.18999999999998,-109.93661573910927
2026-07-09,Kharghar Sector 12,0,flat,-54.89000000000008,-128.3515829631876
2026-07-09,Kharghar Sector 12,0,increased,1624.4700000000003,1527.4412148247377
2026-07-09,Khopat,0,decreased,-104.03999999999998,-102.63357252665668
2026-07-09,Khopat,0,flat,59.74000000000009,-56.69365075451237
2026-07-09,Khopat,0,increased,2936.5,2879.622252988156
2026-07-09,Khutwad Nagar Nashik,0,decreased,-138.41000000000003,-137.0352572748575
2026-07-09,Khutwad Nagar Nashik,0,flat,66.82000000000008,-25.072510529563928
2026-07-09,Khutwad Nagar Nashik,0,increased,123.44000000000004,93.79817980981097
2026-07-09,Kolsheth,0,decreased,-431.4,-330.84781747097134
2026-07-09,Kolsheth,0,flat,-472.6599999999999,-531.3790788296551
2026-07-09,Kolsheth,0,increased,4808.39,4729.463148474534
2026-07-09,Kopar Khairane,0,decreased,-225.82,-215.49383933974966
2026-07-09,Kopar Khairane,0,flat,-46.00999999999982,-166.3475811816986
2026-07-09,Kopar Khairane,0,increased,2625.52,2584.036995538742
2026-07-09,Kopari Thane,0,decreased,-140.61999999999995,-142.1890341768863
2026-07-09,Kopari Thane,0,flat,-789.8,-850.3724275068906
2026-07-09,Kopari Thane,0,increased,886.5300000000001,838.5996647006846
2026-07-09,Koper Khairane - Sector 7,0,decreased,-92.78999999999999,-91.21326991612015
2026-07-09,Koper Khairane - Sector 7,0,flat,-131.87000000000012,-184.83721351685767
2026-07-09,Koper Khairane - Sector 7,0,increased,1413.8300000000002,1101.0539314505388
2026-07-09,Kulgaon Badlapur West,0,decreased,-318.24999999999994,-324.99191712199115
2026-07-09,Kulgaon Badlapur West,0,flat,160.85,110.07941427987566
2026-07-09,Kulgaon Badlapur West,0,increased,2326.54,2136.1503782734126
2026-07-09,Kurla,0,decreased,-169.02000000000004,-163.72344957513377
2026-07-09,Kurla,0,flat,40.48999999999997,18.55412568384969
2026-07-09,Kurla,0,increased,1272.17,1269.8678368866656
2026-07-09,Kurla West,0,decreased,-233.98999999999998,-232.5397945010705
2026-07-09,Kurla West,0,flat,480.46000000000026,130.74878682256258
2026-07-09,Kurla West,0,increased,1918.56,1921.4509178511892
2026-07-09,Lower Parel - SJ Marg,0,decreased,-146.1199999999999,213.83318219453264
2026-07-09,Lower Parel - SJ Marg,0,flat,-10.639999999999908,-111.03589475714135
2026-07-09,Lower Parel - SJ Marg,0,increased,947.72,912.6922495610779
2026-07-09,Mahakali,0,decreased,-339.89000000000004,-242.25805956731637
2026-07-09,Mahakali,0,flat,-52.89999999999999,245.8903434995835
2026-07-09,Mahakali,0,increased,2424.8500000000004,2480.6110168796795
2026-07-09,Mahavir Pride Dombivali,0,decreased,-231.15,-249.75402881658943
2026-07-09,Mahavir Pride Dombivali,0,flat,-272.02,-111.13603460411127
2026-07-09,Mahavir Pride Dombivali,0,increased,1380.94,1374.1842930677672
2026-07-09,Mahim West,0,decreased,-381.21,-352.00075468282125
2026-07-09,Mahim West,0,flat,-52.84000000000016,62.0350244616954
2026-07-09,Mahim West,0,increased,1713.54,1619.0510446008907
2026-07-09,Malad,0,decreased,-140.81000000000003,-116.5693967432768
2026-07-09,Malad,0,flat,-23.820000000000007,3.9755645784818157
2026-07-09,Malad,0,increased,2748.9500000000003,2636.8128597756886
2026-07-09,Malad Liberty Garden,0,decreased,-43.23000000000001,-44.40812770587608
2026-07-09,Malad Liberty Garden,0,flat,16.67999999999992,-4.360105298613625
2026-07-09,Malad Liberty Garden,0,increased,1669.24,1711.0453526446531
2026-07-09,Malwani,0,decreased,-171.56,-190.12046179862438
2026-07-09,Malwani,0,flat,8.949999999999886,-81.17250320380342
2026-07-09,Malwani,0,increased,1312.78,1288.3032664968753
2026-07-09,Marol,0,decreased,-280.20000000000005,-211.43941134211732
2026-07-09,Marol,0,flat,210.41000000000025,-73.14053994920192
2026-07-09,Marol,0,increased,3744.96,3645.1640613172253
2026-07-09,Mharal Ulhasnagar,0,decreased,-240.87,-216.75297829094015
2026-07-09,Mharal Ulhasnagar,0,flat,-38.93000000000016,13.98582943863692
2026-07-09,Mharal Ulhasnagar,0,increased,2537.59,1872.6748273464004
2026-07-09,Mhasrul Nashik,0,decreased,-185.11,-138.34408750882983
2026-07-09,Mhasrul Nashik,0,flat,184.7100000000003,-347.49377704835035
2026-07-09,Mhasrul Nashik,0,increased,1744.01,1682.0342621979644
2026-07-09,Mira Road,0,decreased,-306.82000000000005,-198.74623082561467
2026-07-09,Mira Road,0,flat,-164.37999999999997,-43.110310075560335
2026-07-09,Mira Road,0,increased,1097.8999999999999,1003.922035850388
2026-07-09,Mira Road - GCC Club Road,0,decreased,-111.94,-111.90990502609276
2026-07-09,Mira Road - GCC Club Road,0,flat,-350.55999999999995,-343.8639804467956
2026-07-09,Mira Road - GCC Club Road,0,increased,230.14999999999998,236.94821064613768
2026-07-09,Mira Road Jangid Complex,0,decreased,-96.04999999999998,-77.65733466762028
2026-07-09,Mira Road Jangid Complex,0,flat,824.3900000000001,335.5157431923357
2026-07-09,Mira Road Jangid Complex,0,increased,2195.3399999999997,1979.9462668194749
2026-07-09,Mohan Nagar Kandivali,0,decreased,-368.30999999999995,-358.68377359720785
2026-07-09,Mohan Nagar Kandivali,0,flat,-337.1500000000001,-833.1540196517843
2026-07-09,Mohan Nagar Kandivali,0,increased,2601.51,2361.074503538201
2026-07-09,Mulund East,0,decreased,-428.36,-356.4041277879949
2026-07-09,Mulund East,0,flat,127.15000000000022,-139.85225581417103
2026-07-09,Mulund East,0,increased,3832.5600000000004,3877.0955882101157
2026-07-09,Mulund Panch Rasta,0,decreased,-5.420000000000002,-6.083480769230775
2026-07-09,Mulund Panch Rasta,0,flat,-45.46000000000005,-74.96177391864272
2026-07-09,Mulund Panch Rasta,0,increased,2176.63,2156.6353983112017
2026-07-09,Mulund West,0,decreased,-533.8399999999999,-564.634633470254
2026-07-09,Mulund West,0,flat,-5.760000000000048,44.25474054769756
2026-07-09,Mulund West,0,increased,3627.8700000000003,3626.162395757818
2026-07-09,Mulund West-Sarvodaya Nagar,0,decreased,-97.68,-87.53353796715056
2026-07-09,Mulund West-Sarvodaya Nagar,0,flat,-5.340000000000012,247.07940942125197
2026-07-09,Mulund West-Sarvodaya Nagar,0,increased,2690.27,2482.4668549397197
2026-07-09,Mundhwa Pune,0,decreased,-99.31999999999998,-181.6700230478309
2026-07-09,Mundhwa Pune,0,flat,-14.020000000000008,1.1565096585429977
2026-07-09,Mundhwa Pune,0,increased,481.01000000000005,452.5524960701989
2026-07-09,NIBM Kondwa,0,decreased,-120.14999999999998,-111.44231363812548
2026-07-09,NIBM Kondwa,0,flat,-100.5400000000001,-238.51288643271812
2026-07-09,NIBM Kondwa,0,increased,2513.94,2404.989986871916
2026-07-09,Nahur West,0,decreased,-75.44999999999999,-75.64129848394217
2026-07-09,Nahur West,0,flat,-110.26999999999995,-7.684866177975321
2026-07-09,Nahur West,0,increased,1764.7200000000003,1691.9783476461498
2026-07-09,Nalasopara - Yashwant Nagar,0,decreased,-100.74999999999997,-90.06661694629517
2026-07-09,Nalasopara - Yashwant Nagar,0,flat,-71.87999999999998,-55.21251545523856
2026-07-09,Nalasopara - Yashwant Nagar,0,increased,1198.46,1232.2649538677922
2026-07-09,Nalasopara West,0,decreased,0.0,-0.42208251748252223
2026-07-09,Nalasopara West,0,flat,14.600000000000179,40.189036607235806
2026-07-09,Nalasopara West,0,increased,187.82,173.75065247332608
2026-07-09,Narhe Pune,0,decreased,-144.06,-160.26783175629384
2026-07-09,Narhe Pune,0,flat,44.800000000000004,67.89128214544992
2026-07-09,Narhe Pune,0,increased,802.1899999999999,812.4700514336396
2026-07-09,Naupada,0,decreased,-142.30999999999997,-102.75372154667824
2026-07-09,Naupada,0,flat,162.8699999999999,-193.70312238346935
2026-07-09,Naupada,0,increased,2494.68,2500.09372235132
2026-07-09,Navare Nagar Ambernath,0,decreased,-239.53999999999996,-231.40945444705125
2026-07-09,Navare Nagar Ambernath,0,flat,111.52999999999993,80.04564437528225
2026-07-09,Navare Nagar Ambernath,0,increased,677.27,670.5295667005634
2026-07-09,Navi Peth Pune,0,decreased,-124.07999999999998,-126.44633054227322
2026-07-09,Navi Peth Pune,0,flat,-103.32999999999997,-361.270223470759
2026-07-09,Navi Peth Pune,0,increased,1403.98,1375.6064056095202
2026-07-09,Navjeevan Mumbai Central,0,decreased,-213.77999999999997,-130.38588206534428
2026-07-09,Navjeevan Mumbai Central,0,flat,-90.85000000000012,-188.98199532277974
2026-07-09,Navjeevan Mumbai Central,0,increased,1626.39,1544.422679753371
2026-07-09,Nerul East,0,decreased,-139.07000000000002,-127.64962041802028
2026-07-09,Nerul East,0,flat,24.140000000000057,-52.26863532855846
2026-07-09,Nerul East,0,increased,2410.7599999999998,2326.0330394749762
2026-07-09,Nerul West,0,decreased,-247.14999999999998,-254.4805919374043
2026-07-09,Nerul West,0,flat,19.02999999999996,-14.192460837879608
2026-07-09,Nerul West,0,increased,1624.65,1269.584562799293
2026-07-09,New Panvel,0,decreased,-110.11000000000001,-121.70943335011687
2026-07-09,New Panvel,0,flat,-143.4300000000001,-263.97796091849045
2026-07-09,New Panvel,0,increased,2323.52,2253.4723201907245
2026-07-09,Old Panvel,0,decreased,-191.37000000000006,-187.15454985655956
2026-07-09,Old Panvel,0,flat,-266.89999999999986,-185.43065607533214
2026-07-09,Old Panvel,0,increased,2076.52,2041.3228415787821
2026-07-09,Palegaon Ambernath,0,decreased,-137.57,-131.24817825469773
2026-07-09,Palegaon Ambernath,0,flat,-4.790000000000047,197.50206140043883
2026-07-09,Palegaon Ambernath,0,increased,615.5,604.3241864185972
2026-07-09,Panchpakhadi,0,decreased,-129.83999999999995,-109.57011180241079
2026-07-09,Panchpakhadi,0,flat,-25.55999999999998,195.93088229500762
2026-07-09,Panchpakhadi,0,increased,1795.7800000000002,1740.4599687457571
2026-07-09,Pantnagar,0,decreased,-240.92999999999995,-185.47401090368209
2026-07-09,Pantnagar,0,flat,-105.26999999999997,-168.2881793434742
2026-07-09,Pantnagar,0,increased,855.2400000000002,808.9609992560438
2026-07-09,Panvel - Uran Naka,0,decreased,-391.27000000000044,-422.85253081462196
2026-07-09,Panvel - Uran Naka,0,flat,-103.08999999999997,-22.103472014918296
2026-07-09,Panvel - Uran Naka,0,increased,1423.2,1455.2743972897993
2026-07-09,Phadke Road - Dombivali,0,decreased,-131.48,-115.31451304072485
2026-07-09,Phadke Road - Dombivali,0,flat,-125.50000000000003,21.819461518000274
2026-07-09,Phadke Road - Dombivali,0,increased,1689.5500000000002,1735.8349166353792
2026-07-09,Pimple Gurav,0,decreased,-169.94999999999993,-200.2808320151833
2026-07-09,Pimple Gurav,0,flat,-29.830000000000013,9.355604458059602
2026-07-09,Pimple Gurav,0,increased,963.9599999999999,765.2471062615709
2026-07-09,Prabhadevi,0,decreased,-255.73000000000002,-258.2970073533139
2026-07-09,Prabhadevi,0,flat,38.669999999999845,-121.48859488035812
2026-07-09,Prabhadevi,0,increased,3084.16,2820.936239188863
2026-07-09,Pragati Nagar Nalasopara East,0,decreased,-102.49000000000002,-81.07668403564654
2026-07-09,Pragati Nagar Nalasopara East,0,flat,-85.83999999999999,60.410309285318796
2026-07-09,Pragati Nagar Nalasopara East,0,increased,1061.0300000000002,1037.4780070440079
2026-07-09,Rajawadi,0,decreased,-451.83000000000004,-494.947992299123
2026-07-09,Rajawadi,0,flat,73.77,-104.52303736217746
2026-07-09,Rajawadi,0,increased,2660.61,2626.6822549287513
2026-07-09,Roadpali Kalamboli,0,decreased,-77.39000000000001,-76.45649884377721
2026-07-09,Roadpali Kalamboli,0,flat,-71.91999999999994,-46.80658293647386
2026-07-09,Roadpali Kalamboli,0,increased,801.1700000000001,703.5676339083309
2026-07-09,Rupee Nagar Pune,0,decreased,-95.87999999999997,-71.04156784341052
2026-07-09,Rupee Nagar Pune,0,flat,21.959999999999923,41.21479979248994
2026-07-09,Rupee Nagar Pune,0,increased,377.72999999999996,388.30853553197863
2026-07-09,Saibaba Nagar,0,decreased,-117.35,-121.4511974476565
2026-07-09,Saibaba Nagar,0,flat,25.210000000000086,-78.86504418457744
2026-07-09,Saibaba Nagar,0,increased,1565.62,1554.0384759587153
2026-07-09,Sakinaka - Pipeline Road,0,decreased,-244.78000000000003,-210.93340527765022
2026-07-09,Sakinaka - Pipeline Road,0,flat,27.590000000000032,2.157887631812045
2026-07-09,Sakinaka - Pipeline Road,0,increased,379.09,372.64449727102084
2026-07-09,Sanpada,1,decreased,-445.49,-430.09625708120353
2026-07-09,Sanpada,1,flat,-538.8600000000004,-677.4336847597633
2026-07-09,Sanpada,1,increased,2799.42,2781.0187337884827
2026-07-09,Santa Cruz SV Road,0,decreased,-419.57,-339.24234387321576
2026-07-09,Santa Cruz SV Road,0,flat,12.919999999999796,-353.2130571224956
2026-07-09,Santa Cruz SV Road,0,increased,1532.7200000000003,1493.8513990858205
2026-07-09,"Santoshi Mata Road, Kalyan West",0,decreased,-98.74000000000002,-104.04595641683122
2026-07-09,"Santoshi Mata Road, Kalyan West",0,flat,-125.08000000000001,-144.2381893106324
2026-07-09,"Santoshi Mata Road, Kalyan West",0,increased,1535.53,1481.7989539348005
2026-07-09,Sasane Nagar Pune,1,decreased,-217.75000000000006,-135.77461380238563
2026-07-09,Sasane Nagar Pune,1,flat,8.629999999999985,-151.71300726423084
2026-07-09,Sasane Nagar Pune,1,increased,643.1200000000001,751.2958756944992
2026-07-09,Seawoods,0,decreased,-137.26999999999998,-162.94515387842566
2026-07-09,Seawoods,0,flat,-8.239999999999851,185.02706589681225
2026-07-09,Seawoods,0,increased,3339.51,3027.294960325367
2026-07-09,Sector 3 - New Panvel,0,decreased,-6.1699999999999875,-48.94925992553668
2026-07-09,Sector 3 - New Panvel,0,flat,-215.15000000000018,-124.35477508817975
2026-07-09,Sector 3 - New Panvel,0,increased,1193.2700000000002,1129.5694104299978
2026-07-09,Shanti Nagar Mira Road,0,decreased,-215.20999999999995,-202.4195784527449
2026-07-09,Shanti Nagar Mira Road,0,flat,-104.02999999999986,-153.41709685637576
2026-07-09,Shanti Nagar Mira Road,0,increased,963.19,958.5503511196409
2026-07-09,Shirgaon Badlapur,0,decreased,-442.09999999999997,-355.40295317150253
2026-07-09,Shirgaon Badlapur,0,flat,31.769999999999904,52.26911885401056
2026-07-09,Shirgaon Badlapur,0,increased,1269.0200000000002,1268.1127621393089
2026-07-09,Shivaji Nagar Pune,0,decreased,-185.56999999999996,-193.25857275801627
2026-07-09,Shivaji Nagar Pune,0,flat,-22.149999999999956,38.62307460817672
2026-07-09,Shivaji Nagar Pune,0,increased,1555.42,1514.7130874395075
2026-07-09,Shreenagar,0,decreased,-273.0299999999999,-262.1690478111762
2026-07-09,Shreenagar,0,flat,-408.6600000000001,-307.59430714487047
2026-07-09,Shreenagar,0,increased,2844.1400000000003,2805.0044174276336
2026-07-09,Shriprastha Nalasopara West,0,decreased,-272.4600000000001,-230.75770996206654
2026-07-09,Shriprastha Nalasopara West,0,flat,-402.6700000000001,-112.20860638397234
2026-07-09,Shriprastha Nalasopara West,0,increased,1771.44,1730.3801805122114
2026-07-09,Sion Koliwada,0,decreased,-72.53999999999999,-98.99653921835923
2026-07-09,Sion Koliwada,0,flat,-79.5400000000001,15.035250119004072
2026-07-09,Sion Koliwada,0,increased,1108.3700000000001,1111.9079212947115
2026-07-09,Thakur Complex,0,decreased,-195.14,-253.3879490386614
2026-07-09,Thakur Complex,0,flat,8.779999999999998,-95.69259171675229
2026-07-09,Thakur Complex,0,increased,2369.8300000000004,2373.9645718943634
2026-07-09,Thergaon,0,decreased,-210.6699999999999,-198.10209649739488
2026-07-09,Thergaon,0,flat,16.25999999999994,-35.77093826094854
2026-07-09,Thergaon,0,increased,970.5799999999999,989.5093678142616
2026-07-09,Tilak Road Pune,0,decreased,-193.69000000000005,-194.93677774909213
2026-07-09,Tilak Road Pune,0,flat,147.1699999999999,977.4275366407264
2026-07-09,Tilak Road Pune,0,increased,986.55,979.3564366063989
2026-07-09,Tilaknagar,0,decreased,-257.66,-239.48041898310342
2026-07-09,Tilaknagar,0,flat,-52.92999999999995,-51.08548802744734
2026-07-09,Tilaknagar,0,increased,2410.19,2564.6735182957887
2026-07-09,Titwala,0,decreased,-596.6899999999999,-627.978001325278
2026-07-09,Titwala,0,flat,-227.51,-259.01207876458204
2026-07-09,Titwala,0,increased,2330.7400000000002,2200.8015296507665
2026-07-09,Trimurti Chowk Nashik,0,decreased,3.510000000000005,-4.3867973939393465
2026-07-09,Trimurti Chowk Nashik,0,flat,-39.879999999999995,-53.55473732890074
2026-07-09,Trimurti Chowk Nashik,0,increased,498.11,520.1251499736667
2026-07-09,Ulhas Nagar - Shahad,0,decreased,-119.70000000000002,-127.09736533385936
2026-07-09,Ulhas Nagar - Shahad,0,flat,-14.799999999999976,124.93753171945474
2026-07-09,Ulhas Nagar - Shahad,0,increased,619.83,590.0525943102438
2026-07-09,Ulhas Nagar - Shreeram Chowk,0,decreased,-112.69,-107.62488779290562
2026-07-09,Ulhas Nagar - Shreeram Chowk,0,flat,222.40000000000012,221.45958548652584
2026-07-09,Ulhas Nagar - Shreeram Chowk,0,increased,879.03,890.2449119571739
2026-07-09,Ulhasnagar,0,decreased,-202.20999999999995,-158.5140252259685
2026-07-09,Ulhasnagar,0,flat,-70.04000000000019,-182.07046068006719
2026-07-09,Ulhasnagar,0,increased,2033.05,1999.8644261304312
2026-07-09,Ulhasnagar - Humlog Circle,0,decreased,-392.35999999999996,-373.2609210569874
2026-07-09,Ulhasnagar - Humlog Circle,0,flat,0.08999999999993946,171.84305036215736
2026-07-09,Ulhasnagar - Humlog Circle,0,increased,1684.77,1679.342736107122
2026-07-09,Ulhasnagar - Khemani Chowk,0,decreased,-268.72999999999996,-260.52066755709166
2026-07-09,Ulhasnagar - Khemani Chowk,0,flat,-19.499999999999858,-25.118137546568676
2026-07-09,Ulhasnagar - Khemani Chowk,0,increased,688.06,698.7163590306055
2026-07-09,Ulhasnagar Sector 4,0,decreased,-118.72,-124.57104705930043
2026-07-09,Ulhasnagar Sector 4,0,flat,203.85999999999999,200.23366753049254
2026-07-09,Ulhasnagar Sector 4,0,increased,1615.29,1604.9451382266507
2026-07-09,Ulwe-Navi Mumbai,0,decreased,-404.56999999999994,-403.65942343373735
2026-07-09,Ulwe-Navi Mumbai,0,flat,34.569999999999986,-30.166901422868396
2026-07-09,Ulwe-Navi Mumbai,0,increased,1533.67,1482.3565863714596
2026-07-09,Vakola,0,decreased,-444.34000000000003,-383.75758907740783
2026-07-09,Vakola,0,flat,166.4000000000001,-68.60211186998501
2026-07-09,Vakola,0,increased,2002.24,2040.8982906784224
2026-07-09,Vasai West - Station Road,0,decreased,-221.5299999999999,-288.89630688270216
2026-07-09,Vasai West - Station Road,0,flat,-297.58000000000015,-464.4423594366672
2026-07-09,Vasai West - Station Road,0,increased,1884.4500000000003,2004.420545783373
2026-07-09,Vashi,0,decreased,-420.7099999999999,-495.4667915387761
2026-07-09,Vashi,0,flat,-94.51,-372.8056670867686
2026-07-09,Vashi,0,increased,4035.17,5016.719515337715
2026-07-09,Vashi Sector 11,0,decreased,-34.09999999999998,-42.85368055136189
2026-07-09,Vashi Sector 11,0,flat,-101.7,-66.61088157548708
2026-07-09,Vashi Sector 11,0,increased,1359.5500000000002,1172.95369425608
2026-07-09,Veenanagar,0,decreased,-64.47,-49.99197100410962
2026-07-09,Veenanagar,0,flat,-108.48999999999992,9.531998702217436
2026-07-09,Veenanagar,0,increased,2495.95,2505.0684996163463
2026-07-09,Versova - Yari Road,0,decreased,-208.70999999999995,-224.0480762609759
2026-07-09,Versova - Yari Road,0,flat,-1253.8900000000008,-987.1290734761287
2026-07-09,Versova - Yari Road,0,increased,1808.99,2150.7014588798097
2026-07-09,Versova Andheri,0,decreased,-407.02,-383.9833094388966
2026-07-09,Versova Andheri,0,flat,57.8899999999999,53.848538208325664
2026-07-09,Versova Andheri,0,increased,3698.27,3549.3347561936935
2026-07-09,Vijay Nagari - Thane,0,decreased,-175.16000000000003,-165.05141145573697
2026-07-09,Vijay Nagari - Thane,0,flat,-36.660000000000096,-7.5986376205204245
2026-07-09,Vijay Nagari - Thane,0,increased,3442.34,3393.7634929784326
2026-07-09,Vikhroli,0,decreased,-415.47999999999996,-263.7592445643151
2026-07-09,Vikhroli,0,flat,-137.68000000000006,-138.38757529729742
2026-07-09,Vikhroli,0,increased,4281.160000000001,4294.54017041721
2026-07-09,Vikhroli Kannamwar,0,decreased,-335.63,-332.7147220024907
2026-07-09,Vikhroli Kannamwar,0,flat,53.34999999999995,152.17714464344888
2026-07-09,Vikhroli Kannamwar,0,increased,1846.9499999999998,1717.4973380964852
2026-07-09,Vile Parle,0,decreased,-20.73999999999998,-26.66741034204854
2026-07-09,Vile Parle,0,flat,172.25000000000003,-93.858659473649
2026-07-09,Vile Parle,0,increased,1151.06,1093.4638574983667
2026-07-09,Virar East,0,decreased,-150.67000000000002,-134.0091324214655
2026-07-09,Virar East,0,flat,-202.3000000000001,-275.1636884291698
2026-07-09,Virar East,0,increased,2207.52,2153.425757455311
2026-07-09,Virar West,0,decreased,-71.19000000000001,-67.97234232151881
2026-07-09,Virar West,0,flat,-265.9000000000008,-177.88246658610763
2026-07-09,Virar West,0,increased,2043.0800000000002,1931.7960579119065
2026-07-09,Wadgaon Budruk Pune,0,decreased,-45.879999999999995,-49.38524736723074
2026-07-09,Wadgaon Budruk Pune,0,flat,20.250000000000092,-229.4116572387882
2026-07-09,Wadgaon Budruk Pune,0,increased,829.24,837.7024613682395
2026-07-09,Wadgaon Sheri,0,decreased,-110.63,-114.3784626625039
2026-07-09,Wadgaon Sheri,0,flat,-101.67999999999994,144.67327435869095
2026-07-09,Wadgaon Sheri,0,increased,1021.3600000000001,888.5244278783761
2026-07-09,Wadgaon Sheri-Old Mundhwa Rd,0,decreased,-69.69000000000005,-62.34814078624543
2026-07-09,Wadgaon Sheri-Old Mundhwa Rd,0,flat,-62.81000000000006,-67.4350358318718
2026-07-09,Wadgaon Sheri-Old Mundhwa Rd,0,increased,875.57,888.0210048333705
2026-07-09,Wanawadi Pune,0,decreased,-88.74000000000001,-121.8017196389673
2026-07-09,Wanawadi Pune,0,flat,59.76999999999998,-24.64242089960537
2026-07-09,Wanawadi Pune,0,increased,1611.05,1579.9808585509286
2026-07-09,Warje Pune,0,decreased,-102.21,-100.57649671946965
2026-07-09,Warje Pune,0,flat,-119.99999999999997,-134.44073997134285
2026-07-09,Warje Pune,0,increased,1181.26,1081.5724302455108
2026-07-09,Wayale Nagar,0,decreased,-250.10000000000002,-248.47493072730384
2026-07-09,Wayale Nagar,0,flat,-4.710000000000089,-112.6515114381863
2026-07-09,Wayale Nagar,0,increased,1319.4,1324.3380330760533
2026-07-09,Yashodhan,0,decreased,-349.23999999999995,-324.7177821472002
2026-07-09,Yashodhan,0,flat,-169.29000000000005,65.38008547721404
2026-07-09,Yashodhan,0,increased,4498.01,4519.724894015844
2026-07-09,Yogi Nagar,0,decreased,-176.06,-175.0389931285024
2026-07-09,Yogi Nagar,0,flat,-119.7499999999998,-263.69522482095635
2026-07-09,Yogi Nagar,0,increased,1920.58,1932.3404101143976
2026-07-09,Yogidham Kalyan,0,decreased,-271.51000000000005,-276.9333796956123
2026-07-09,Yogidham Kalyan,0,flat,-635.9580000000002,-793.6418770048672
2026-07-09,Yogidham Kalyan,0,increased,943.3897000000001,912.4797853646636
2026-07-10,7 Rasta Byculla,0,decreased,-182.04999999999998,-188.2048078726691
2026-07-10,7 Rasta Byculla,0,flat,-54.610000000000056,-158.74297327550494
2026-07-10,7 Rasta Byculla,0,increased,1113.49,1040.1646681197262
2026-07-10,Airoli,0,decreased,-230.92999999999998,-136.21572394192827
2026-07-10,Airoli,0,flat,-45.98000000000013,55.96419855265174
2026-07-10,Airoli,0,increased,3593.9900000000002,3531.6836004406
2026-07-10,Airoli Sector - 3,0,decreased,-655.77,-651.6132051200157
2026-07-10,Airoli Sector - 3,0,flat,68.48000000000009,-261.056737113658
2026-07-10,Airoli Sector - 3,0,increased,1638.88,1717.426642062907
2026-07-10,Ambegaon Pune,0,decreased,-59.14,-31.742520364979505
2026-07-10,Ambegaon Pune,0,flat,-12.269999999999971,-138.5944140630251
2026-07-10,Ambegaon Pune,0,increased,571.46,564.5946884432296
2026-07-10,Ambernath East,0,decreased,-314.69,-300.1249149047479
2026-07-10,Ambernath East,0,flat,-10.859999999999772,-94.36561953396765
2026-07-10,Ambernath East,0,increased,1143.3799999999999,1140.9865790232652
2026-07-10,Ambernath West,0,decreased,-161.16999999999996,-156.1131831407666
2026-07-10,Ambernath West,0,flat,-159.90999999999997,104.6910769856316
2026-07-10,Ambernath West,0,increased,944.1,877.4578152176015
2026-07-10,Ashokvan Dahisar,0,decreased,-338.90999999999985,-349.09015800417467
2026-07-10,Ashokvan Dahisar,0,flat,-114.2400000000002,-111.1238879203764
2026-07-10,Ashokvan Dahisar,0,increased,2213.44,2107.212284953443
2026-07-10,Badlapur - Belavali,0,decreased,-428.35999999999996,-435.2628824324609
2026-07-10,Badlapur - Belavali,0,flat,-97.66999999999999,48.55001497576633
2026-07-10,Badlapur - Belavali,0,increased,1415.9299999999998,1395.275284859769
2026-07-10,Badlapur East,0,decreased,-151.57999999999998,-137.61220943931187
2026-07-10,Badlapur East,0,flat,-43.89999999999997,88.68441282059513
2026-07-10,Badlapur East,0,increased,1302.76,1041.8853515983321
2026-07-10,Bandra,1,decreased,-530.3700000000001,-511.7706697354696
2026-07-10,Bandra,1,flat,-65.72999999999996,-228.16958381928083
2026-07-10,Bandra,1,increased,2906.48,2783.0335186914126
2026-07-10,Bhandup West,0,decreased,-449.07,-448.4421785009747
2026-07-10,Bhandup West,0,flat,-116.1899999999999,-243.37378072909974
2026-07-10,Bhandup West,0,increased,3173.4,3075.778319125661
2026-07-10,Bhayandar,0,decreased,-371.78999999999996,-360.511213034369
2026-07-10,Bhayandar,0,flat,41.11000000000004,-118.0349534922486
2026-07-10,Bhayandar,0,increased,1941.9900000000002,1952.859352772038
2026-07-10,Bhayander 60 Feet Road,0,decreased,-280.45,-279.8156155179559
2026-07-10,Bhayander 60 Feet Road,0,flat,-1964.48,-149.03874594553287
2026-07-10,Bhayander 60 Feet Road,0,increased,1193.1,1149.4571636011487
2026-07-10,Bhekrainagar Pune,0,decreased,-971.7999999999997,-966.4332649951255
2026-07-10,Bhekrainagar Pune,0,flat,-60.09000000000003,-231.940787480114
2026-07-10,Bhekrainagar Pune,0,increased,737.2000000000002,482.62157355933306
2026-07-10,Bhiwandi - Shivaji Chowk,0,decreased,-104.04999999999998,-99.09910069022712
2026-07-10,Bhiwandi - Shivaji Chowk,0,flat,65.55999999999999,35.985868738838896
2026-07-10,Bhiwandi - Shivaji Chowk,0,increased,774.1,830.0846051442797
2026-07-10,Bhiwandi Dhamankar Naka,1,decreased,-122.11999999999998,-116.49215784875915
2026-07-10,Bhiwandi Dhamankar Naka,1,flat,-73.92,-20.871928095270654
2026-07-10,Bhiwandi Dhamankar Naka,1,increased,1362.8300000000002,1341.6572464046747
2026-07-10,Bibwewadi Pune,0,decreased,-308.39,-436.24973796269745
2026-07-10,Bibwewadi Pune,0,flat,-5.799999999999983,-148.6954128127089
2026-07-10,Bibwewadi Pune,0,increased,2286.23,2285.407582689968
2026-07-10,Bytco Point Nashik,0,decreased,-62.23999999999999,-61.04008869541306
2026-07-10,Bytco Point Nashik,0,flat,-52.470000000000105,-41.8008476963671
2026-07-10,Bytco Point Nashik,0,increased,709.76,614.0063500616787
2026-07-10,CST Bora Bazaar,0,decreased,-272.39000000000004,-205.1923661632378
2026-07-10,CST Bora Bazaar,0,flat,188.6000000000001,79.36504832143484
2026-07-10,CST Bora Bazaar,0,increased,1289.5200000000002,1330.9708434403312
2026-07-10,Chandivali,0,decreased,-168.64999999999995,-164.99197874114938
2026-07-10,Chandivali,0,flat,-41.03999999999999,-50.38719794278095
2026-07-10,Chandivali,0,increased,1444.16,1420.7930593612557
2026-07-10,Charkop,0,decreased,-170.17999999999998,-169.02298767635267
2026-07-10,Charkop,0,flat,-122.29999999999946,-255.4043334776016
2026-07-10,Charkop,0,increased,2637.2700000000004,2475.0654679457693
2026-07-10,Chembur,0,decreased,-543.2,-464.7700519029122
2026-07-10,Chembur,0,flat,-82.87999999999988,-202.62823898445072
2026-07-10,Chembur,0,increased,4070.8900000000003,3810.27703467418
2026-07-10,Chinchwad,1,decreased,-27.60999999999999,-47.53417428532701
2026-07-10,Chinchwad,1,flat,-43.63000000000005,-247.84021238751603
2026-07-10,Chinchwad,1,increased,780.1300000000001,681.0829924003465
2026-07-10,Chinchwad - Gandhi Peth,1,decreased,-141.17000000000002,-108.20364298854292
2026-07-10,Chinchwad - Gandhi Peth,1,flat,255.27000000000007,36.728822019293844
2026-07-10,Chinchwad - Gandhi Peth,1,increased,268.27000000000004,282.5879021524292
2026-07-10,Cidco Nashik,0,decreased,-334.09000000000015,198.57593208307932
2026-07-10,Cidco Nashik,0,flat,-74.38000000000004,-128.08445757343608
2026-07-10,Cidco Nashik,0,increased,655.89,646.2144035787845
2026-07-10,Colaba,1,decreased,-447.9099999999999,-411.98098895942826
2026-07-10,Colaba,1,flat,-78.92000000000007,-74.41308249508991
2026-07-10,Colaba,1,increased,1400.79,1443.0902289533105
2026-07-10,Dadar East,0,decreased,-24.849999999999998,-277.8227515151516
2026-07-10,Dadar East,0,flat,15.529999999999998,-63.77089089199076
2026-07-10,Dadar East,0,increased,1132.77,1126.2999469386746
2026-07-10,Dahisar,0,decreased,-264.79999999999995,-255.5959156723274
2026-07-10,Dahisar,0,flat,-237.77999999999992,-185.03612810981213
2026-07-10,Dahisar,0,increased,1725.6399999999999,1630.8153678772842
2026-07-10,Dattnagar,0,decreased,-119.42999999999999,-135.0249388554522
2026-07-10,Dattnagar,0,flat,7.409999999999965,-89.63615128766747
2026-07-10,Dattnagar,0,increased,1254.33,1201.7283384755522
2026-07-10,Dhanakwadi,0,decreased,-211.14000000000007,-217.78517441618868
2026-07-10,Dhanakwadi,0,flat,-7.7300000000000395,-159.5521814360427
2026-07-10,Dhanakwadi,0,increased,1870.7,1741.2765840407435
2026-07-10,Dhanori Pune,0,decreased,-98.32999999999998,-98.29131625553228
2026-07-10,Dhanori Pune,0,flat,-46.74000000000009,-363.29672157504433
2026-07-10,Dhanori Pune,0,increased,1361.05,1392.926824611753
2026-07-10,Dhayari Pune,0,decreased,-151.07999999999998,-145.08559991329307
2026-07-10,Dhayari Pune,0,flat,-68.39999999999998,-43.19060256882683
2026-07-10,Dhayari Pune,0,increased,797.68,819.1555643101718
2026-07-10,Dighi Pune,1,decreased,-191.84,-162.01871007682252
2026-07-10,Dighi Pune,1,flat,-3.1100000000000207,-34.21509475085818
2026-07-10,Dighi Pune,1,increased,405.49,369.1837770395987
2026-07-10,Dombivali,0,decreased,-776.7700000000001,-674.2967462521318
2026-07-10,Dombivali,0,flat,-110.26000000000008,-33.00064045833802
2026-07-10,Dombivali,0,increased,1993.0700000000002,1890.3546222732289
2026-07-10,Dombivali - Navpada,0,decreased,-55.34999999999998,-48.74858290454478
2026-07-10,Dombivali - Navpada,0,flat,-10.86000000000007,11.137355138158608
2026-07-10,Dombivali - Navpada,0,increased,1154.48,1179.3169977443629
2026-07-10,Dombivali - Reti Bunder,0,decreased,-153.70999999999992,-84.45476089481014
2026-07-10,Dombivali - Reti Bunder,0,flat,37.68209999999998,-137.85019172582324
2026-07-10,Dombivali - Reti Bunder,0,increased,619.8555,551.7150289497271
2026-07-10,Dombivli West,0,decreased,-189.65999999999994,-208.04777378119502
2026-07-10,Dombivli West,0,flat,-38.720000000000056,-417.9784517980675
2026-07-10,Dombivli West,0,increased,2728.3500000000004,2790.2924747072093
2026-07-10,Evershine Nagar,0,decreased,-70.89999999999998,-74.65651605676015
2026-07-10,Evershine Nagar,0,flat,-53.89,-264.3959099107349
2026-07-10,Evershine Nagar,0,increased,1110.66,1070.2950335071268
2026-07-10,Fam Society - Koperkhairne,0,decreased,-173.48999999999995,-147.6603086187202
2026-07-10,Fam Society - Koperkhairne,0,flat,88.4,-194.23158225298607
2026-07-10,Fam Society - Koperkhairne,0,increased,2552.67,2586.321403101968
2026-07-10,Fursungi Pune,0,decreased,-79.8,-103.51057755137936
2026-07-10,Fursungi Pune,0,flat,-118.97000000000003,-227.27257140279914
2026-07-10,Fursungi Pune,0,increased,1001.6700000000001,1011.0532247016961
2026-07-10,Ghansoli,0,decreased,-326.16999999999996,-311.2512501348163
2026-07-10,Ghansoli,0,flat,28.17999999999988,55.161544366601554
2026-07-10,Ghansoli,0,increased,2965.42,2972.226678496949
2026-07-10,Ghatkopar East,0,decreased,-323.49,-335.9287003727049
2026-07-10,Ghatkopar East,0,flat,-177.95999999999987,10.212447522013647
2026-07-10,Ghatkopar East,0,increased,2726.8399999999997,2704.499860014716
2026-07-10,Ghatkopar West,0,decreased,-242.3899999999999,-219.07354169800288
2026-07-10,Ghatkopar West,0,flat,29.19999999999995,-94.0786288643427
2026-07-10,Ghatkopar West,0,increased,2157.73,2148.220223799456
2026-07-10,Ghodapdeo - Byculla,0,decreased,-89.35999999999999,-95.05566092200964
2026-07-10,Ghodapdeo - Byculla,0,flat,-404.4199999999998,-41.007627655042214
2026-07-10,Ghodapdeo - Byculla,0,increased,1073.88,1174.3298018749047
2026-07-10,Global City Virar West,0,decreased,-46.42999999999999,-62.64677604857681
2026-07-10,Global City Virar West,0,flat,21.690000000000076,-274.5326459542148
2026-07-10,Global City Virar West,0,increased,1193.7,1222.5325544905184
2026-07-10,Goregaon,1,decreased,-191.78000000000003,-139.40996973932994
2026-07-10,Goregaon,1,flat,-270.64999999999986,-341.9944188901267
2026-07-10,Goregaon,1,increased,2109.2400000000002,2155.6659620001474
2026-07-10,Goregaon West S.V. Road,1,decreased,-91.01999999999997,-89.41106995708736
2026-07-10,Goregaon West S.V. Road,1,flat,-186.63000000000022,35.88968814876017
2026-07-10,Goregaon West S.V. Road,1,increased,2521.66,2484.0753493248358
2026-07-10,Govandi,0,decreased,-472.4299999999999,-480.4862764634604
2026-07-10,Govandi,0,flat,280.17000000000013,102.20386914575883
2026-07-10,Govandi,0,increased,2622.71,2512.921397736142
2026-07-10,Gujrat Colony Kothrud,0,decreased,-70.60000000000001,-70.63059537190635
2026-07-10,Gujrat Colony Kothrud,0,flat,-3.9799999999995954,-403.19175659965646
2026-07-10,Gujrat Colony Kothrud,0,increased,854.3799999999999,929.0045225222908
2026-07-10,Gulab Nagar Pune,0,decreased,-124.55000000000003,-133.36402661955702
2026-07-10,Gulab Nagar Pune,0,flat,166.83000000000004,8.68440921005793
2026-07-10,Gulab Nagar Pune,0,increased,762.1900000000002,736.5456353636089
2026-07-10,Hari Om Nagar,0,decreased,-346.12000000000006,-325.65056577110226
2026-07-10,Hari Om Nagar,0,flat,-43.44000000000003,78.2797963108908
2026-07-10,Hari Om Nagar,0,increased,1231.45,1199.5693133625928
2026-07-10,Hiltron Ulhasnagar,0,decreased,-252.48999999999992,-245.65584160306605
2026-07-10,Hiltron Ulhasnagar,0,flat,38.72000000000005,-123.16755425470686
2026-07-10,Hiltron Ulhasnagar,0,increased,1158.56,1064.445467517239
2026-07-10,Hiranandani Thane,0,decreased,-349.73999999999995,-284.5070411994278
2026-07-10,Hiranandani Thane,0,flat,-11.530000000000278,-170.4595227335276
2026-07-10,Hiranandani Thane,0,increased,3187.25,2832.283182447235
2026-07-10,IC Colony Borivali,0,decreased,-196.07000000000002,-208.9292226541942
2026-07-10,IC Colony Borivali,0,flat,61.90000000000013,-89.93068441030587
2026-07-10,IC Colony Borivali,0,increased,3324.6000000000004,3218.797812015898
2026-07-10,JB Nagar,0,decreased,-389.12,-370.6113578895529
2026-07-10,JB Nagar,0,flat,-728.5499999999997,-380.3498558867972
2026-07-10,JB Nagar,0,increased,3170.25,3087.62025511773
2026-07-10,JJ Hospital,0,decreased,-398.53,-398.65718656254853
2026-07-10,JJ Hospital,0,flat,-123.39000000000014,-111.87325597608161
2026-07-10,JJ Hospital,0,increased,2735.18,2683.2394999409403
2026-07-10,Jagruti Nagar Ghatkopar,0,decreased,-131.17000000000002,-268.03453412161866
2026-07-10,Jagruti Nagar Ghatkopar,0,flat,-3617.120000000002,-3879.013822126117
2026-07-10,Jagruti Nagar Ghatkopar,0,increased,910.99,816.6953267177735
2026-07-10,Jail Road Nashik,0,decreased,-65.50999999999999,-56.22102701862147
2026-07-10,Jail Road Nashik,0,flat,-270.9600000000001,-76.96247389662533
2026-07-10,Jail Road Nashik,0,increased,650.1700000000001,646.2478805432631
2026-07-10,Jay VIjay Nagar Nalasopara East,0,decreased,-114.87,-90.69784346666273
2026-07-10,Jay VIjay Nagar Nalasopara East,0,flat,9.300000000000082,-13.119333826870996
2026-07-10,Jay VIjay Nagar Nalasopara East,0,increased,953.5600000000001,952.660718074262
2026-07-10,Kalamboli,0,decreased,-205.69000000000005,-192.37469374576054
2026-07-10,Kalamboli,0,flat,-238.05999999999986,-179.9857757726015
2026-07-10,Kalamboli,0,increased,1275.3699999999997,1232.5378112525918
2026-07-10,Kalher Bhiwandi,0,decreased,-134.57000000000002,-122.25292605310331
2026-07-10,Kalher Bhiwandi,0,flat,166.92000000000002,-16.14208387581734
2026-07-10,Kalher Bhiwandi,0,increased,1911.29,2003.2891765236755
2026-07-10,Kalina,0,decreased,-35.16999999999998,-40.32268434191066
2026-07-10,Kalina,0,flat,44.170000000000115,-105.897846078152
2026-07-10,Kalina,0,increased,1212.44,1227.9423330600682
2026-07-10,Kalwa,0,decreased,-377.13,-360.0293531254625
2026-07-10,Kalwa,0,flat,-518.3399999999995,-61.70868092150353
2026-07-10,Kalwa,0,increased,4060.9,3881.382641161089
2026-07-10,Kalyan,0,decreased,-173.79,-174.07725340170046
2026-07-10,Kalyan,0,flat,49.980000000000004,13.0641729960482
2026-07-10,Kalyan,0,increased,1558.41,1534.9394803045338
2026-07-10,Kalyan - DB Chowk,0,decreased,-171.20999999999998,-51.51145030479911
2026-07-10,Kalyan - DB Chowk,0,flat,-51.13999999999996,-19.730763323174376
2026-07-10,Kalyan - DB Chowk,0,increased,892.11,864.571364574508
2026-07-10,Kalyan East-Tisgaon Naka,0,decreased,-100.41,-100.37985747174494
2026-07-10,Kalyan East-Tisgaon Naka,0,flat,-15.080000000000247,73.19344477744832
2026-07-10,Kalyan East-Tisgaon Naka,0,increased,1226.3700000000001,1209.6784881921433
2026-07-10,Kalyan West Club Road,0,decreased,-171.19,-45.31888849002806
2026-07-10,Kalyan West Club Road,0,flat,-42.86000000000006,-291.1805842347979
2026-07-10,Kalyan West Club Road,0,increased,852.65,840.7781576444814
2026-07-10,Kamotha,0,decreased,-221.57,-205.64272367582936
2026-07-10,Kamotha,0,flat,-14.53999999999985,-18.383802664755688
2026-07-10,Kamotha,0,increased,2155.3900000000003,2089.8244743671626
2026-07-10,Kamothe - Sector 36,0,decreased,-178.35000000000002,-130.58179039094375
2026-07-10,Kamothe - Sector 36,0,flat,-74.85000000000002,38.87796876394789
2026-07-10,Kamothe - Sector 36,0,increased,1177.27,1082.724797364679
2026-07-10,Kandivali East,0,decreased,-287.2799999999999,-190.08161430898366
2026-07-10,Kandivali East,0,flat,15.439999999999948,-233.51531147058313
2026-07-10,Kandivali East,0,increased,3033.5499999999997,2691.2283370786768
2026-07-10,Kandivali West,0,decreased,-178.5,-178.49999999999997
2026-07-10,Kandivali West,0,flat,15.110000000000035,-41.93346062286133
2026-07-10,Kandivali West,0,increased,607.1700000000001,611.1096928448811
2026-07-10,Kasarvadavali Thane,0,decreased,-304.76,-200.26616931169008
2026-07-10,Kasarvadavali Thane,0,flat,-69.19,-37.58196326099557
2026-07-10,Kasarvadavali Thane,0,increased,1806.23,1709.154470228322
2026-07-10,Katrap Badlapur East,0,decreased,-268.02,-193.16872681236427
2026-07-10,Katrap Badlapur East,0,flat,7.469999999999914,-167.62529050154083
2026-07-10,Katrap Badlapur East,0,increased,1220.19,1183.3823913070546
2026-07-10,Khadki Pune,0,decreased,-108.57000000000002,-98.38928349579254
2026-07-10,Khadki Pune,0,flat,-16.10000000000013,-233.84788075592974
2026-07-10,Khadki Pune,0,increased,1528.83,1356.7720772833038
2026-07-10,Khanda Colony,1,decreased,-27.760000000000012,-74.42306272272467
2026-07-10,Khanda Colony,1,flat,-182.02000000000007,-144.13627021638797
2026-07-10,Khanda Colony,1,increased,1468.77,1422.053046902168
2026-07-10,Khar West,1,decreased,-86.63999999999999,-88.62307878091644
2026-07-10,Khar West,1,flat,-47.77000000000002,3.6548629666761006
2026-07-10,Khar West,1,increased,1570.25,1480.4988350518763
2026-07-10,Kharghar,0,decreased,-486.9599999999999,-544.584951251873
2026-07-10,Kharghar,0,flat,-50.82999999999985,-195.45015646589948
2026-07-10,Kharghar,0,increased,3719.42,3640.841215535166
2026-07-10,Kharghar Sector 12,0,decreased,-142.89999999999998,-141.44393218834944
2026-07-10,Kharghar Sector 12,0,flat,-300.7999999999998,24.731444202549934
2026-07-10,Kharghar Sector 12,0,increased,2092.2699999999995,2244.1020221122567
2026-07-10,Khopat,0,decreased,-180.34999999999997,-211.33990493037314
2026-07-10,Khopat,0,flat,-313.66,-407.2267523969766
2026-07-10,Khopat,0,increased,2446.8,2372.634118670596
2026-07-10,Khutwad Nagar Nashik,0,decreased,-104.48999999999998,-89.57254226513083
2026-07-10,Khutwad Nagar Nashik,0,flat,-161.96999999999997,34.878033783948716
2026-07-10,Khutwad Nagar Nashik,0,increased,218.79,220.691281147987
2026-07-10,Kolsheth,0,decreased,-342.77,-315.01308916554376
2026-07-10,Kolsheth,0,flat,-94.22000000000031,219.59611159207287
2026-07-10,Kolsheth,0,increased,4483.46,4536.487283286066
2026-07-10,Kopar Khairane,0,decreased,-563.4000000000001,-380.0157247457671
2026-07-10,Kopar Khairane,0,flat,-6.5099999999999305,-154.3859228744916
2026-07-10,Kopar Khairane,0,increased,2925.47,2811.735278613133
2026-07-10,Kopari Thane,0,decreased,-1767.6200000000001,-608.4085399695743
2026-07-10,Kopari Thane,0,flat,-1029.06,-861.3333126172346
2026-07-10,Kopari Thane,0,increased,864.34,855.789892440854
2026-07-10,Koper Khairane - Sector 7,0,decreased,-72.89999999999998,-73.33855205415306
2026-07-10,Koper Khairane - Sector 7,0,flat,81.17999999999995,79.83081664187114
2026-07-10,Koper Khairane - Sector 7,0,increased,1577.2100000000003,1496.8339783724152
2026-07-10,Kulgaon Badlapur West,0,decreased,-84.40999999999995,-93.92344995546694
2026-07-10,Kulgaon Badlapur West,0,flat,60.73,-7.678597795352179
2026-07-10,Kulgaon Badlapur West,0,increased,1465.91,1358.622339397219
2026-07-10,Kurla,0,decreased,-170.85,-152.6822103772383
2026-07-10,Kurla,0,flat,-3708.1300000000024,-2916.0321853339924
2026-07-10,Kurla,0,increased,1892.72,1925.188797497041
2026-07-10,Kurla West,0,decreased,-350.16999999999996,-368.2278953861231
2026-07-10,Kurla West,0,flat,-134.36000000000016,-304.3507927394832
2026-07-10,Kurla West,0,increased,1723.2800000000002,1661.903214547348
2026-07-10,Lower Parel - SJ Marg,0,decreased,-182.59000000000003,-161.63779511317207
2026-07-10,Lower Parel - SJ Marg,0,flat,-226.74,-94.90820928381768
2026-07-10,Lower Parel - SJ Marg,0,increased,1043.06,1018.6324293607012
2026-07-10,Mahakali,0,decreased,-301.87999999999994,-184.54082685589378
2026-07-10,Mahakali,0,flat,48.690000000000055,60.86143216795309
2026-07-10,Mahakali,0,increased,2165.29,2139.4759796388967
2026-07-10,Mahavir Pride Dombivali,0,decreased,-113.70999999999998,-113.24161151841449
2026-07-10,Mahavir Pride Dombivali,0,flat,116.01999999999998,-252.1859191680034
2026-07-10,Mahavir Pride Dombivali,0,increased,1756.49,1646.9843629818927
2026-07-10,Mahim West,0,decreased,-519.8199999999999,-506.5260247150107
2026-07-10,Mahim West,0,flat,-0.6699999999999164,21.866423604998865
2026-07-10,Mahim West,0,increased,1367.06,1443.8938615500267
2026-07-10,Malad,0,decreased,-145.69999999999996,-132.4446340037287
2026-07-10,Malad,0,flat,-49.49000000000011,-155.61035246624306
2026-07-10,Malad,0,increased,2965.06,2847.2195437432692
2026-07-10,Malad Liberty Garden,0,decreased,-110.27999999999997,-116.08320753256722
2026-07-10,Malad Liberty Garden,0,flat,-69.81999999999996,-250.6372069710169
2026-07-10,Malad Liberty Garden,0,increased,1723.0500000000002,1695.3900678681825
2026-07-10,Malwani,0,decreased,-2663.1000000000004,-1307.0807619145423
2026-07-10,Malwani,0,flat,33.57999999999997,193.4787635939485
2026-07-10,Malwani,0,increased,1678.89,1685.3176174692658
2026-07-10,Marol,0,decreased,-460.50000000000017,-467.570176913085
2026-07-10,Marol,0,flat,-15.850000000000293,-228.6360041316219
2026-07-10,Marol,0,increased,2887.34,2774.248055604329
2026-07-10,Mharal Ulhasnagar,0,decreased,-609.4100000000001,-548.015028976965
2026-07-10,Mharal Ulhasnagar,0,flat,23.99000000000008,-28.138943313544026
2026-07-10,Mharal Ulhasnagar,0,increased,1673.6200000000001,1632.0796450633902
2026-07-10,Mhasrul Nashik,0,decreased,-75.66999999999999,-70.41361797328028
2026-07-10,Mhasrul Nashik,0,flat,-133.01999999999992,-103.32001149561732
2026-07-10,Mhasrul Nashik,0,increased,798.17,774.1462139887994
2026-07-10,Mira Road,0,decreased,-203.01,-294.52332820358805
2026-07-10,Mira Road,0,flat,29.48000000000016,-30.149973733867593
2026-07-10,Mira Road,0,increased,1058.83,1040.5141074226235
2026-07-10,Mira Road - GCC Club Road,0,decreased,-348.70000000000005,-347.6351553224455
2026-07-10,Mira Road - GCC Club Road,0,flat,-302.13999999999993,-405.4789875391486
2026-07-10,Mira Road - GCC Club Road,0,increased,655.49,763.381109348573
2026-07-10,Mira Road Jangid Complex,0,decreased,-103.02000000000001,-104.90133379170267
2026-07-10,Mira Road Jangid Complex,0,flat,43.109999999999935,171.7807800350833
2026-07-10,Mira Road Jangid Complex,0,increased,1945.19,1765.6560604573624
2026-07-10,Mohan Nagar Kandivali,0,decreased,-66.15999999999997,-61.40299764796366
2026-07-10,Mohan Nagar Kandivali,0,flat,-55.53999999999992,-16.048130438802445
2026-07-10,Mohan Nagar Kandivali,0,increased,1274.5700000000002,1288.1980847408743
2026-07-10,Mulund East,0,decreased,-111.87999999999995,-112.80621786564649
2026-07-10,Mulund East,0,flat,-141.56000000000017,-93.52044073936108
2026-07-10,Mulund East,0,increased,4105.78,3962.8800981599156
2026-07-10,Mulund Panch Rasta,0,decreased,-191.81999999999996,-171.2593909174765
2026-07-10,Mulund Panch Rasta,0,flat,-70.78000000000006,-216.17594032841484
2026-07-10,Mulund Panch Rasta,0,increased,1056.39,1011.4484522805585
2026-07-10,Mulund West,0,decreased,-273.3099999999999,-297.80344746292184
2026-07-10,Mulund West,0,flat,-183.09000000000026,845.33997763472
2026-07-10,Mulund West,0,increased,4560.48,4499.167949440879
2026-07-10,Mulund West-Sarvodaya Nagar,0,decreased,-379.26,-135.8745461603891
2026-07-10,Mulund West-Sarvodaya Nagar,0,flat,-183.41000000000022,-214.63463331257242
2026-07-10,Mulund West-Sarvodaya Nagar,0,increased,1908.94,1907.980660520156
2026-07-10,Mundhwa Pune,0,decreased,-95.38000000000004,-95.03239444104146
2026-07-10,Mundhwa Pune,0,flat,64.13,-231.89456734889282
2026-07-10,Mundhwa Pune,0,increased,1073.4,1000.7022516532932
2026-07-10,NIBM Kondwa,0,decreased,-174.90999999999994,-267.64221237760864
2026-07-10,NIBM Kondwa,0,flat,-9.46999999999997,-163.0784140074832
2026-07-10,NIBM Kondwa,0,increased,2014.96,1881.2479779770172
2026-07-10,Nahur West,0,decreased,-135.64999999999992,-135.04305900172704
2026-07-10,Nahur West,0,flat,124.60000000000015,406.2993737499724
2026-07-10,Nahur West,0,increased,1763.76,1604.663284829396
2026-07-10,Nalasopara - Yashwant Nagar,0,decreased,-119.95000000000003,-111.75811055749189
2026-07-10,Nalasopara - Yashwant Nagar,0,flat,57.030000000000015,63.42119117552956
2026-07-10,Nalasopara - Yashwant Nagar,0,increased,1311.4599999999998,1345.2782599091659
2026-07-10,Nalasopara West,0,decreased,-89.69999999999999,-84.41317240768646
2026-07-10,Nalasopara West,0,flat,-35.41999999999997,-15.133464771448867
2026-07-10,Nalasopara West,0,increased,1599.71,1532.1277312352127
2026-07-10,Narhe Pune,0,decreased,-147.73000000000008,-148.88567377823136
2026-07-10,Narhe Pune,0,flat,-163.82000000000005,-319.5444714896659
2026-07-10,Narhe Pune,0,increased,573.68,463.4310671928862
2026-07-10,Naupada,0,decreased,-417.29999999999995,-414.5521317261656
2026-07-10,Naupada,0,flat,-101.27999999999999,-69.53890776120514
2026-07-10,Naupada,0,increased,3031.08,2962.861485831498
2026-07-10,Navare Nagar Ambernath,0,decreased,-268.7299999999999,-256.3190260546019
2026-07-10,Navare Nagar Ambernath,0,flat,-30.880000000000088,-41.378707727784935
2026-07-10,Navare Nagar Ambernath,0,increased,1341.82,1314.8269259590988
2026-07-10,Navi Peth Pune,0,decreased,-248.70999999999998,-68.7324940889296
2026-07-10,Navi Peth Pune,0,flat,102.48000000000003,-161.511604018181
2026-07-10,Navi Peth Pune,0,increased,1304.5900000000001,1212.5273281154048
2026-07-10,Navjeevan Mumbai Central,0,decreased,-117.20999999999998,-95.37944247355338
2026-07-10,Navjeevan Mumbai Central,0,flat,62.47999999999982,61.20617317165029
2026-07-10,Navjeevan Mumbai Central,0,increased,2689.96,2534.990376247243
2026-07-10,Nerul East,0,decreased,-139.19999999999996,-128.71704593394819
2026-07-10,Nerul East,0,flat,-72.49999999999994,-102.36852242428921
2026-07-10,Nerul East,0,increased,2389.24,2319.4161430525687
2026-07-10,Nerul West,0,decreased,-248.38999999999993,-253.32161346918676
2026-07-10,Nerul West,0,flat,-119.24999999999997,-205.37602932175682
2026-07-10,Nerul West,0,increased,1680.89,1671.1585251231202
2026-07-10,New Panvel,0,decreased,-54.88000000000004,-32.79131324500511
2026-07-10,New Panvel,0,flat,-54.19000000000002,-26.35533654382658
2026-07-10,New Panvel,0,increased,1820.0900000000001,1737.0004265014616
2026-07-10,Old Panvel,0,decreased,-59.61999999999992,-69.46001030866638
2026-07-10,Old Panvel,0,flat,-88.78000000000023,-71.91414945765523
2026-07-10,Old Panvel,0,increased,1568.2,1513.4747031079623
2026-07-10,Palegaon Ambernath,0,decreased,-230.42,-192.25614844698694
2026-07-10,Palegaon Ambernath,0,flat,-19.55000000000004,-188.52872295863722
2026-07-10,Palegaon Ambernath,0,increased,540.5300000000001,562.7216807645484
2026-07-10,Panchpakhadi,0,decreased,-116.10999999999996,-94.8209889839792
2026-07-10,Panchpakhadi,0,flat,-113.36999999999999,-147.0268849241651
2026-07-10,Panchpakhadi,0,increased,1327.8200000000002,1248.42331396338
2026-07-10,Pantnagar,0,decreased,-77.48999999999998,-73.67380237627862
2026-07-10,Pantnagar,0,flat,152.98000000000008,53.2534413342962
2026-07-10,Pantnagar,0,increased,834.0400000000001,781.5251013225071
2026-07-10,Panvel - Uran Naka,0,decreased,-136.02999999999997,-78.68560556932897
2026-07-10,Panvel - Uran Naka,0,flat,195.50000000000017,-99.58111616230579
2026-07-10,Panvel - Uran Naka,0,increased,1001.83,970.5653942444623
2026-07-10,Phadke Road - Dombivali,0,decreased,-263.53999999999996,-251.24569852518053
2026-07-10,Phadke Road - Dombivali,0,flat,148.5300000000001,-83.29231134867618
2026-07-10,Phadke Road - Dombivali,0,increased,1060.47,1033.9718835383735
2026-07-10,Pimple Gurav,0,decreased,-153.13,-157.86964238606342
2026-07-10,Pimple Gurav,0,flat,-6.7200000000000095,-103.53256498603587
2026-07-10,Pimple Gurav,0,increased,1118.08,1114.9704138289637
2026-07-10,Prabhadevi,0,decreased,-594.8799999999999,-555.6469783100722
2026-07-10,Prabhadevi,0,flat,-97.34999999999988,-114.93664097414927
2026-07-10,Prabhadevi,0,increased,3044.26,3058.560575725575
2026-07-10,Pragati Nagar Nalasopara East,0,decreased,-314.16999999999996,-248.80417463911743
2026-07-10,Pragati Nagar Nalasopara East,0,flat,-163.96,-153.83077571407009
2026-07-10,Pragati Nagar Nalasopara East,0,increased,925.82,905.4351896569694
2026-07-10,Rajawadi,0,decreased,-93.31,-83.71470590422167
2026-07-10,Rajawadi,0,flat,-4057.630000000003,-3372.8712279144456
2026-07-10,Rajawadi,0,increased,2375.6400000000003,2420.963348670558
2026-07-10,Roadpali Kalamboli,0,decreased,39.4399999999999,-127.09133337249733
2026-07-10,Roadpali Kalamboli,0,flat,-18.969999999999956,29.29894256338308
2026-07-10,Roadpali Kalamboli,0,increased,569.41,568.6474427865627
2026-07-10,Rupee Nagar Pune,0,decreased,-18.749999999999996,-18.740295968702153
2026-07-10,Rupee Nagar Pune,0,flat,-98.6800000000001,-19.07545318936298
2026-07-10,Rupee Nagar Pune,0,increased,346.22,327.43752694964894
2026-07-10,Saibaba Nagar,0,decreased,-21.939999999999998,-21.870153575235506
2026-07-10,Saibaba Nagar,0,flat,3.5099999999999625,-889.2277207800616
2026-07-10,Saibaba Nagar,0,increased,1405.25,1385.3977055712564
2026-07-10,Sakinaka - Pipeline Road,0,decreased,-176.15999999999997,-151.33542433848223
2026-07-10,Sakinaka - Pipeline Road,0,flat,-56.16999999999999,-5.04545883001791
2026-07-10,Sakinaka - Pipeline Road,0,increased,939.2200000000001,1045.010578454712
2026-07-10,Sanpada,1,decreased,-152.12999999999997,-153.52597809550946
2026-07-10,Sanpada,1,flat,-17.630000000000003,-68.59024368122616
2026-07-10,Sanpada,1,increased,3807.75,3662.8046993231774
2026-07-10,Santa Cruz SV Road,0,decreased,-179.47000000000003,-155.49088132413908
2026-07-10,Santa Cruz SV Road,0,flat,-75.97999999999992,-69.45099898470588
2026-07-10,Santa Cruz SV Road,0,increased,1532.8500000000001,1463.2129749443216
2026-07-10,"Santoshi Mata Road, Kalyan West",0,decreased,-53.04999999999993,-52.94944633533662
2026-07-10,"Santoshi Mata Road, Kalyan West",0,flat,-100.7000000000001,40.15759453514762
2026-07-10,"Santoshi Mata Road, Kalyan West",0,increased,1477.29,1389.3534213217997
2026-07-10,Sasane Nagar Pune,1,decreased,-293.93,-293.8226649217888
2026-07-10,Sasane Nagar Pune,1,flat,16.469999999999942,-78.80804828341715
2026-07-10,Sasane Nagar Pune,1,increased,791.9,713.5592419290844
2026-07-10,Seawoods,0,decreased,-139.33999999999997,-206.6360157988047
2026-07-10,Seawoods,0,flat,-0.3599999999999248,-78.20721906677065
2026-07-10,Seawoods,0,increased,3139.9,3111.7352521896596
2026-07-10,Sector 3 - New Panvel,0,decreased,-187.22000000000003,-146.4712876121592
2026-07-10,Sector 3 - New Panvel,0,flat,-202.3700000000002,-225.37933738729353
2026-07-10,Sector 3 - New Panvel,0,increased,961.0,821.3853607857185
2026-07-10,Shanti Nagar Mira Road,0,decreased,-220.85000000000002,-204.37485165479254
2026-07-10,Shanti Nagar Mira Road,0,flat,-121.49999999999979,-292.8591491480065
2026-07-10,Shanti Nagar Mira Road,0,increased,865.9000000000001,890.4371656033131
2026-07-10,Shirgaon Badlapur,0,decreased,-199.66999999999996,-231.85966265416005
2026-07-10,Shirgaon Badlapur,0,flat,52.759999999999835,-112.30437790663007
2026-07-10,Shirgaon Badlapur,0,increased,766.53,747.1438679525271
2026-07-10,Shivaji Nagar Pune,0,decreased,-81.26999999999998,-74.54350290885637
2026-07-10,Shivaji Nagar Pune,0,flat,-116.96999999999994,-402.1093575221269
2026-07-10,Shivaji Nagar Pune,0,increased,1394.94,1386.3078946617916
2026-07-10,Shreenagar,0,decreased,-278.9299999999999,-275.09048972566205
2026-07-10,Shreenagar,0,flat,276.11000000000007,559.2527853939391
2026-07-10,Shreenagar,0,increased,2994.61,2985.1683199899953
2026-07-10,Shriprastha Nalasopara West,0,decreased,32.559999999999974,-120.6635913333177
2026-07-10,Shriprastha Nalasopara West,0,flat,14.659999999999961,84.45056764406945
2026-07-10,Shriprastha Nalasopara West,0,increased,1203.32,1216.5139569468138
2026-07-10,Sion Koliwada,0,decreased,-70.96000000000001,-70.58400934110696
2026-07-10,Sion Koliwada,0,flat,-90.43000000000004,-91.92165993246095
2026-07-10,Sion Koliwada,0,increased,1343.1000000000001,1282.7108468154445
2026-07-10,Thakur Complex,0,decreased,-231.12000000000006,-141.77707081931726
2026-07-10,Thakur Complex,0,flat,253.13,304.9156792916103
2026-07-10,Thakur Complex,0,increased,1966.46,2007.684409742286
2026-07-10,Thergaon,0,decreased,-117.17999999999998,-73.59329819676351
2026-07-10,Thergaon,0,flat,-267.1899999999998,-410.59496752424747
2026-07-10,Thergaon,0,increased,679.21,656.8757342984235
2026-07-10,Tilak Road Pune,0,decreased,-294.5299999999999,-303.4316846022116
2026-07-10,Tilak Road Pune,0,flat,-257.09000000000003,-188.9031717370261
2026-07-10,Tilak Road Pune,0,increased,1010.46,951.9381101392327
2026-07-10,Tilaknagar,0,decreased,-399.55999999999995,-377.4952974683141
2026-07-10,Tilaknagar,0,flat,-75.59000000000005,72.04277366344957
2026-07-10,Tilaknagar,0,increased,1735.83,1995.5556798336172
2026-07-10,Titwala,0,decreased,-89.57,-63.27067979460178
2026-07-10,Titwala,0,flat,-134.79000000000008,-253.26653247088757
2026-07-10,Titwala,0,increased,2374.36,2186.9997646641946
2026-07-10,Trimurti Chowk Nashik,0,decreased,-77.5,-62.5963023433754
2026-07-10,Trimurti Chowk Nashik,0,flat,-16.410000000000025,-2.905333242209217
2026-07-10,Trimurti Chowk Nashik,0,increased,496.9100000000001,460.01379170844126
2026-07-10,Ulhas Nagar - Shahad,0,decreased,-255.35999999999996,-251.82375526284193
2026-07-10,Ulhas Nagar - Shahad,0,flat,12.129999999999967,51.59345739027415
2026-07-10,Ulhas Nagar - Shahad,0,increased,1311.23,1333.9582780987396
2026-07-10,Ulhas Nagar - Shreeram Chowk,0,decreased,-229.41000000000003,-216.11119425435285
2026-07-10,Ulhas Nagar - Shreeram Chowk,0,flat,-121.05000000000001,-41.69183435593044
2026-07-10,Ulhas Nagar - Shreeram Chowk,0,increased,565.2700000000001,601.8235817086403
2026-07-10,Ulhasnagar,0,decreased,-113.28999999999999,-110.9799306113521
2026-07-10,Ulhasnagar,0,flat,-35.849999999999966,76.38160434424023
2026-07-10,Ulhasnagar,0,increased,2253.49,2257.7393325100975
2026-07-10,Ulhasnagar - Humlog Circle,0,decreased,-89.62999999999997,-82.2561534645129
2026-07-10,Ulhasnagar - Humlog Circle,0,flat,-14.609999999999921,331.4726244421471
2026-07-10,Ulhasnagar - Humlog Circle,0,increased,943.0400000000001,921.8029617953769
2026-07-10,Ulhasnagar - Khemani Chowk,0,decreased,-177.26999999999998,-152.73138952621628
2026-07-10,Ulhasnagar - Khemani Chowk,0,flat,48.21000000000013,-68.61444028794187
2026-07-10,Ulhasnagar - Khemani Chowk,0,increased,626.83,585.9443512999516
2026-07-10,Ulhasnagar Sector 4,0,decreased,-280.49999999999994,-279.5992248912222
2026-07-10,Ulhasnagar Sector 4,0,flat,-109.82999999999998,138.2801750036411
2026-07-10,Ulhasnagar Sector 4,0,increased,2308.28,2025.2790964906094
2026-07-10,Ulwe-Navi Mumbai,0,decreased,-104.88000000000002,-258.9343194849274
2026-07-10,Ulwe-Navi Mumbai,0,flat,17.860000000000007,-24.87656730446639
2026-07-10,Ulwe-Navi Mumbai,0,increased,2219.7,2192.450078594753
2026-07-10,Vakola,0,decreased,-676.5300000000001,-574.9184777768791
2026-07-10,Vakola,0,flat,-23.83999999999994,115.55728771505127
2026-07-10,Vakola,0,increased,1080.84,1056.8896680183716
2026-07-10,Vasai West - Station Road,0,decreased,-181.1,-172.3555632214487
2026-07-10,Vasai West - Station Road,0,flat,23.669999999999966,-71.78803768779537
2026-07-10,Vasai West - Station Road,0,increased,1602.65,1603.2376212739114
2026-07-10,Vashi,0,decreased,-360.3799999999999,-374.6397291612908
2026-07-10,Vashi,0,flat,-366.5600000000012,-1083.3024546961476
2026-07-10,Vashi,0,increased,4852.88,4973.5454101984315
2026-07-10,Vashi Sector 11,0,decreased,-42.579999999999984,-44.78104401742818
2026-07-10,Vashi Sector 11,0,flat,-8.329999999999973,114.26843241109961
2026-07-10,Vashi Sector 11,0,increased,1451.3600000000001,1398.7094410557734
2026-07-10,Veenanagar,0,decreased,-196.0899999999999,-116.10097302437481
2026-07-10,Veenanagar,0,flat,-281.10999999999996,-57.0075444358385
2026-07-10,Veenanagar,0,increased,2387.48,2295.6555148514312
2026-07-10,Versova - Yari Road,0,decreased,-124.20999999999998,-145.39686094398758
2026-07-10,Versova - Yari Road,0,flat,-84.64999999999993,-197.727403061854
2026-07-10,Versova - Yari Road,0,increased,1063.74,1039.0924778699898
2026-07-10,Versova Andheri,0,decreased,-246.56999999999996,-208.38907028262383
2026-07-10,Versova Andheri,0,flat,30.600000000000005,-226.86556212413382
2026-07-10,Versova Andheri,0,increased,4106.7,3953.6381575413593
2026-07-10,Vijay Nagari - Thane,0,decreased,-72.30999999999999,-55.22110434724476
2026-07-10,Vijay Nagari - Thane,0,flat,-106.7299999999999,-7.079836884810156
2026-07-10,Vijay Nagari - Thane,0,increased,2722.88,2742.4613000586455
2026-07-10,Vikhroli,0,decreased,-584.4099999999999,-640.4946989855757
2026-07-10,Vikhroli,0,flat,-227.83000000000015,-181.0575638658335
2026-07-10,Vikhroli,0,increased,3853.1700000000005,3737.267948820907
2026-07-10,Vikhroli Kannamwar,0,decreased,-361.47999999999996,-402.4907217226885
2026-07-10,Vikhroli Kannamwar,0,flat,-177.13000000000017,34.60387351854153
2026-07-10,Vikhroli Kannamwar,0,increased,1816.8000000000002,1724.0143095067085
2026-07-10,Vile Parle,0,decreased,-175.96000000000006,-130.00971603196876
2026-07-10,Vile Parle,0,flat,59.88999999999996,-4.020210428418158
2026-07-10,Vile Parle,0,increased,1204.65,1102.3989816409724
2026-07-10,Virar East,0,decreased,-221.82000000000005,-206.57740459947718
2026-07-10,Virar East,0,flat,-6.360000000000127,-218.60493368141212
2026-07-10,Virar East,0,increased,2952.28,2845.8319209639117
2026-07-10,Virar West,0,decreased,-153.33999999999997,-170.9385304117626
2026-07-10,Virar West,0,flat,-43.17999999999986,-40.164622976463
2026-07-10,Virar West,0,increased,1850.25,1735.7562220529735
2026-07-10,Wadgaon Budruk Pune,0,decreased,-195.8900000000001,-118.31100423386448
2026-07-10,Wadgaon Budruk Pune,0,flat,-160.58999999999997,-55.80801577808444
2026-07-10,Wadgaon Budruk Pune,0,increased,669.6200000000002,686.7528328410981
2026-07-10,Wadgaon Sheri,0,decreased,-105.00999999999999,-115.90297809592488
2026-07-10,Wadgaon Sheri,0,flat,-110.51000000000005,107.19213555855688
2026-07-10,Wadgaon Sheri,0,increased,1135.3,1129.1104327805006
2026-07-10,Wadgaon Sheri-Old Mundhwa Rd,0,decreased,-101.67000000000002,-98.77097969165094
2026-07-10,Wadgaon Sheri-Old Mundhwa Rd,0,flat,-32.829999999999856,-162.62533504822053
2026-07-10,Wadgaon Sheri-Old Mundhwa Rd,0,increased,408.31000000000006,395.74462665532377
2026-07-10,Wanawadi Pune,0,decreased,-58.51,-58.505147984351076
2026-07-10,Wanawadi Pune,0,flat,251.02000000000004,-257.3350519284459
2026-07-10,Wanawadi Pune,0,increased,770.03,540.8196282343642
2026-07-10,Warje Pune,0,decreased,-81.27999999999997,-78.24841746622145
2026-07-10,Warje Pune,0,flat,-78.73000000000008,-139.20835942051855
2026-07-10,Warje Pune,0,increased,372.70000000000005,366.1202412952428
2026-07-10,Wayale Nagar,0,decreased,-90.31000000000002,-87.70497225755112
2026-07-10,Wayale Nagar,0,flat,-50.040000000000134,147.815462779423
2026-07-10,Wayale Nagar,0,increased,924.8799999999999,868.9489967312727
2026-07-10,Yashodhan,0,decreased,-444.54,-426.6438103827073
2026-07-10,Yashodhan,0,flat,-193.9500000000002,-265.6224401237544
2026-07-10,Yashodhan,0,increased,4263.34,4252.593770502553
2026-07-10,Yogi Nagar,0,decreased,-10.789999999999964,-234.55292754432347
2026-07-10,Yogi Nagar,0,flat,-43.39000000000005,7.387178675293047
2026-07-10,Yogi Nagar,0,increased,1302.8000000000002,1342.3919111730697
2026-07-10,Yogidham Kalyan,0,decreased,-77.33,-81.46003765564326
2026-07-10,Yogidham Kalyan,0,flat,-549.4929999999999,-633.0043049283566
2026-07-10,Yogidham Kalyan,0,increased,581.6949000000001,572.506748958731
2026-07-11,7 Rasta Byculla,0,decreased,-80.14999999999998,-77.42929944092431
2026-07-11,7 Rasta Byculla,0,flat,469.31000000000006,77.90642354046562
2026-07-11,7 Rasta Byculla,0,increased,1746.6000000000001,1699.4527543024474
2026-07-11,Airoli,0,decreased,-480.29999999999995,-442.76131864636693
2026-07-11,Airoli,0,flat,-407.13000000000045,-973.1267739776462
2026-07-11,Airoli,0,increased,3851.01,3577.7009668481223
2026-07-11,Airoli Sector - 3,0,decreased,-243.95,-244.97925644112064
2026-07-11,Airoli Sector - 3,0,flat,-256.21,-251.2679532412334
2026-07-11,Airoli Sector - 3,0,increased,2021.89,2001.3829688465773
2026-07-11,Ambegaon Pune,0,decreased,-48.46,-48.459999999999944
2026-07-11,Ambegaon Pune,0,flat,-34.82999999999998,-68.88998202235263
2026-07-11,Ambegaon Pune,0,increased,315.35,314.9592971243131
2026-07-11,Ambernath East,0,decreased,-196.90999999999997,-96.02906763097803
2026-07-11,Ambernath East,0,flat,-221.24999999999994,-19.79789562761611
2026-07-11,Ambernath East,0,increased,780.18,707.864185267696
2026-07-11,Ambernath West,0,decreased,-249.64999999999995,-41.57971099576574
2026-07-11,Ambernath West,0,flat,-4.189999999999941,-52.54776267290899
2026-07-11,Ambernath West,0,increased,1362.9,1365.243217340562
2026-07-11,Ashokvan Dahisar,0,decreased,-246.61999999999995,-273.6787496404112
2026-07-11,Ashokvan Dahisar,0,flat,-54.13999999999993,-111.70893948869187
2026-07-11,Ashokvan Dahisar,0,increased,1570.5200000000002,1552.0562670941486
2026-07-11,Badlapur - Belavali,0,decreased,-456.29000000000013,-459.5390694600504
2026-07-11,Badlapur - Belavali,0,flat,14.529999999999996,24.203817585732484
2026-07-11,Badlapur - Belavali,0,increased,856.26,835.964311609676
2026-07-11,Badlapur East,0,decreased,-64.92999999999994,-45.00052048975786
2026-07-11,Badlapur East,0,flat,-34.09000000000002,163.40346339123823
2026-07-11,Badlapur East,0,increased,981.2299999999999,922.5316325842692
2026-07-11,Bandra,1,decreased,-419.8399999999999,-403.78831356266767
2026-07-11,Bandra,1,flat,-248.94000000000003,-180.4532287152645
2026-07-11,Bandra,1,increased,3225.2400000000002,3206.264083974283
2026-07-11,Bhandup West,0,decreased,-217.62,-216.79168671106572
2026-07-11,Bhandup West,0,flat,-489.7900000000002,-220.52863665995022
2026-07-11,Bhandup West,0,increased,2723.6900000000005,2398.1691355717517
2026-07-11,Bhayandar,0,decreased,-876.38,-638.1182985394104
2026-07-11,Bhayandar,0,flat,39.25999999999998,20.245846617171562
2026-07-11,Bhayandar,0,increased,1965.26,1849.346226606593
2026-07-11,Bhayander 60 Feet Road,0,decreased,-252.90999999999997,-221.834519467659
2026-07-11,Bhayander 60 Feet Road,0,flat,-106.09000000000002,516.8502183510313
2026-07-11,Bhayander 60 Feet Road,0,increased,887.1300000000001,870.7648020793968
2026-07-11,Bhekrainagar Pune,0,decreased,-9.689999999999998,-9.680295968702154
2026-07-11,Bhekrainagar Pune,0,flat,6.619999999999955,-16.89844143982906
2026-07-11,Bhekrainagar Pune,0,increased,711.58,649.3226963335042
2026-07-11,Bhiwandi - Shivaji Chowk,0,decreased,-67.48999999999998,-76.31304935746014
2026-07-11,Bhiwandi - Shivaji Chowk,0,flat,15.779999999999912,4.091694873240949
2026-07-11,Bhiwandi - Shivaji Chowk,0,increased,477.33000000000004,386.3378930935457
2026-07-11,Bhiwandi Dhamankar Naka,1,decreased,-203.42999999999998,-202.25657996282843
2026-07-11,Bhiwandi Dhamankar Naka,1,flat,-54.300000000000075,-10.808708462186289
2026-07-11,Bhiwandi Dhamankar Naka,1,increased,2204.7799999999997,2227.5272659891248
2026-07-11,Bibwewadi Pune,0,decreased,-339.61000000000007,-162.3435497133929
2026-07-11,Bibwewadi Pune,0,flat,-178.8599999999998,-239.25568374109778
2026-07-11,Bibwewadi Pune,0,increased,1416.49,1076.9828876569845
2026-07-11,Bytco Point Nashik,0,decreased,-208.04999999999998,-240.5557943463079
2026-07-11,Bytco Point Nashik,0,flat,-93.38,-258.5137562202945
2026-07-11,Bytco Point Nashik,0,increased,593.9300000000001,550.6441251844609
2026-07-11,CST Bora Bazaar,0,decreased,-117.57000000000002,-84.4281511794682
2026-07-11,CST Bora Bazaar,0,flat,-23.500000000000043,-1.477674121590045
2026-07-11,CST Bora Bazaar,0,increased,1038.43,1043.8692017448757
2026-07-11,Chandivali,0,decreased,-119.19999999999999,-118.24653924911189
2026-07-11,Chandivali,0,flat,-22.38999999999997,22.206724411028055
2026-07-11,Chandivali,0,increased,1028.41,990.1326577090404
2026-07-11,Charkop,0,decreased,-158.81999999999996,-173.56822988791862
2026-07-11,Charkop,0,flat,-50.379999999999995,-166.7905342490179
2026-07-11,Charkop,0,increased,1860.05,1834.2061064902075
2026-07-11,Chembur,0,decreased,-320.28999999999996,-308.38164894469134
2026-07-11,Chembur,0,flat,-45.93000000000001,20.395968141340262
2026-07-11,Chembur,0,increased,4396.33,4335.889796103159
2026-07-11,Chinchwad,1,decreased,-72.08999999999999,-61.714833699967855
2026-07-11,Chinchwad,1,flat,363.8800000000001,-76.38990406740876
2026-07-11,Chinchwad,1,increased,956.9899999999998,941.3011279988712
2026-07-11,Chinchwad - Gandhi Peth,1,decreased,-108.97999999999999,-177.231678502289
2026-07-11,Chinchwad - Gandhi Peth,1,flat,-7.119999999999997,-132.22800821306936
2026-07-11,Chinchwad - Gandhi Peth,1,increased,365.66,374.5383401754788
2026-07-11,Cidco Nashik,0,decreased,-207.63,-132.3118972716991
2026-07-11,Cidco Nashik,0,flat,16.840000000000053,-33.240409815169045
2026-07-11,Cidco Nashik,0,increased,724.6999999999999,670.0293852046764
2026-07-11,Colaba,1,decreased,-137.62000000000006,-96.14288729818433
2026-07-11,Colaba,1,flat,-36.57000000000007,-76.92053975273922
2026-07-11,Colaba,1,increased,1097.81,1061.1970291492437
2026-07-11,Dadar East,0,decreased,-95.44,-85.50716171656319
2026-07-11,Dadar East,0,flat,-96.70999999999995,-15.773903046740568
2026-07-11,Dadar East,0,increased,1077.8700000000001,1065.2134677220793
2026-07-11,Dahisar,0,decreased,-411.24999999999994,-378.9228897016946
2026-07-11,Dahisar,0,flat,-415.87999999999977,-383.75211279383865
2026-07-11,Dahisar,0,increased,1680.21,1535.7238387190594
2026-07-11,Dattnagar,0,decreased,-103.87000000000002,-103.08210968921709
2026-07-11,Dattnagar,0,flat,2.0199999999999463,-134.02389278572656
2026-07-11,Dattnagar,0,increased,1378.44,1353.5155023995624
2026-07-11,Dhanakwadi,0,decreased,-448.5,-417.54430534636776
2026-07-11,Dhanakwadi,0,flat,221.7299999999999,35.42516939477019
2026-07-11,Dhanakwadi,0,increased,1762.0,1711.9908547034902
2026-07-11,Dhanori Pune,0,decreased,-117.27,-115.95209122956174
2026-07-11,Dhanori Pune,0,flat,-140.78999999999996,-157.28223969438807
2026-07-11,Dhanori Pune,0,increased,755.1399999999998,744.6601585289814
2026-07-11,Dhayari Pune,0,decreased,-97.96999999999996,-72.50997125300216
2026-07-11,Dhayari Pune,0,flat,264.2299999999999,99.29411936703357
2026-07-11,Dhayari Pune,0,increased,802.46,791.6411528110109
2026-07-11,Dighi Pune,1,decreased,-25.52,-25.46914497763164
2026-07-11,Dighi Pune,1,flat,-73.39999999999998,155.27531338092433
2026-07-11,Dighi Pune,1,increased,405.46,375.71235418750655
2026-07-11,Dombivali,0,decreased,-149.33000000000004,-138.63661278876756
2026-07-11,Dombivali,0,flat,-60.24000000000001,-141.8368392826048
2026-07-11,Dombivali,0,increased,1768.2900000000002,1723.486027567194
2026-07-11,Dombivali - Navpada,0,decreased,-151.12,-175.41752343914175
2026-07-11,Dombivali - Navpada,0,flat,-100.46999999999993,121.82511318888045
2026-07-11,Dombivali - Navpada,0,increased,692.37,674.0066471457728
2026-07-11,Dombivali - Reti Bunder,0,decreased,-145.76760000000013,-82.5759579809289
2026-07-11,Dombivali - Reti Bunder,0,flat,-161.90509999999998,-57.170091188742475
2026-07-11,Dombivali - Reti Bunder,0,increased,740.6517,730.5063254388109
2026-07-11,Dombivli West,0,decreased,-242.97999999999996,-285.15970517376905
2026-07-11,Dombivli West,0,flat,11.339999999999934,-124.56289822068359
2026-07-11,Dombivli West,0,increased,3171.97,3273.0884392197836
2026-07-11,Evershine Nagar,0,decreased,-215.61000000000004,-219.16138144403922
2026-07-11,Evershine Nagar,0,flat,9.579999999999995,61.58695815014349
2026-07-11,Evershine Nagar,0,increased,881.86,925.2309319886908
2026-07-11,Fam Society - Koperkhairne,0,decreased,-223.88,-179.47388162351734
2026-07-11,Fam Society - Koperkhairne,0,flat,3.2599999999999287,170.90055746296775
2026-07-11,Fam Society - Koperkhairne,0,increased,2104.7700000000004,1835.4839945773456
2026-07-11,Fursungi Pune,0,decreased,-93.12,-91.172768012217
2026-07-11,Fursungi Pune,0,flat,-116.39999999999999,-33.38808504390013
2026-07-11,Fursungi Pune,0,increased,480.05,498.2932389024047
2026-07-11,Ghansoli,0,decreased,-602.5500000000001,-557.4356365338299
2026-07-11,Ghansoli,0,flat,-449.4100000000001,-100.97668607295142
2026-07-11,Ghansoli,0,increased,2884.04,2657.3300010673665
2026-07-11,Ghatkopar East,0,decreased,-99.10999999999999,-56.35283548817573
2026-07-11,Ghatkopar East,0,flat,-210.88999999999993,-49.40743910271822
2026-07-11,Ghatkopar East,0,increased,1824.04,1882.4193833909085
2026-07-11,Ghatkopar West,0,decreased,-307.16999999999996,-273.6710020319747
2026-07-11,Ghatkopar West,0,flat,-284.9,-440.41137635753944
2026-07-11,Ghatkopar West,0,increased,2499.19,2370.0420456038955
2026-07-11,Ghodapdeo - Byculla,0,decreased,-66.52999999999997,-57.607964574308895
2026-07-11,Ghodapdeo - Byculla,0,flat,18.21999999999999,-49.43041130038758
2026-07-11,Ghodapdeo - Byculla,0,increased,1474.0,1531.6928344096918
2026-07-11,Global City Virar West,0,decreased,-123.94999999999999,-181.82050980677073
2026-07-11,Global City Virar West,0,flat,-50.549999999999855,126.94156670957496
2026-07-11,Global City Virar West,0,increased,1102.08,1049.0750224733135
2026-07-11,Goregaon,1,decreased,-225.51999999999992,-187.87114033004167
2026-07-11,Goregaon,1,flat,-109.93999999999997,52.730618107524684
2026-07-11,Goregaon,1,increased,2062.17,2051.9921009237446
2026-07-11,Goregaon West S.V. Road,1,decreased,-526.0699999999999,-496.6485540817132
2026-07-11,Goregaon West S.V. Road,1,flat,1.0699999999999932,-5.909240378717726
2026-07-11,Goregaon West S.V. Road,1,increased,2029.4900000000002,1758.8435818562875
2026-07-11,Govandi,0,decreased,-194.42,-222.75951120101888
2026-07-11,Govandi,0,flat,55.790000000000155,-26.72941347917751
2026-07-11,Govandi,0,increased,3496.0699999999997,3301.6279331474507
2026-07-11,Gujrat Colony Kothrud,0,decreased,-222.23,-231.03552324142944
2026-07-11,Gujrat Colony Kothrud,0,flat,-35.36000000000021,-374.0216658864248
2026-07-11,Gujrat Colony Kothrud,0,increased,1067.8700000000001,923.7877516173829
2026-07-11,Gulab Nagar Pune,0,decreased,-260.56,-281.28353438470987
2026-07-11,Gulab Nagar Pune,0,flat,-78.84000000000006,-149.59890972860165
2026-07-11,Gulab Nagar Pune,0,increased,737.8499999999999,784.8480522192095
2026-07-11,Hari Om Nagar,0,decreased,-98.92,-101.8022932653821
2026-07-11,Hari Om Nagar,0,flat,-69.59000000000013,9.798380572278532
2026-07-11,Hari Om Nagar,0,increased,1574.08,1617.4010630478856
2026-07-11,Hiltron Ulhasnagar,0,decreased,-134.92,-138.55351040442974
2026-07-11,Hiltron Ulhasnagar,0,flat,-22.819999999999965,-14.678418526640154
2026-07-11,Hiltron Ulhasnagar,0,increased,1121.0,1085.3296733019934
2026-07-11,Hiranandani Thane,0,decreased,-290.64000000000004,-310.42868434698653
2026-07-11,Hiranandani Thane,0,flat,-384.41,-435.91363627900193
2026-07-11,Hiranandani Thane,0,increased,2502.6200000000003,2266.535473934501
2026-07-11,IC Colony Borivali,0,decreased,-129.5499999999999,-84.29291316534332
2026-07-11,IC Colony Borivali,0,flat,-121.5099999999999,0.7818377809962271
2026-07-11,IC Colony Borivali,0,increased,2475.28,2390.757928661213
2026-07-11,JB Nagar,0,decreased,-167.84999999999997,-215.76736697991694
2026-07-11,JB Nagar,0,flat,-508.2399999999995,-368.09417567172284
2026-07-11,JB Nagar,0,increased,3569.94,3317.9683170597095
2026-07-11,JJ Hospital,0,decreased,-363.75000000000006,-338.4070255520873
2026-07-11,JJ Hospital,0,flat,6.809999999999974,43.51247038100789
2026-07-11,JJ Hospital,0,increased,3297.05,3323.209153267647
2026-07-11,Jagruti Nagar Ghatkopar,0,decreased,-119.69,-107.66776910203657
2026-07-11,Jagruti Nagar Ghatkopar,0,flat,-92.11000000000001,-25.63615257704624
2026-07-11,Jagruti Nagar Ghatkopar,0,increased,1098.8700000000001,1105.060391473821
2026-07-11,Jail Road Nashik,0,decreased,-195.14999999999992,-429.34943771968517
2026-07-11,Jail Road Nashik,0,flat,-4.2799999999998875,-320.7887471861087
2026-07-11,Jail Road Nashik,0,increased,890.4699999999999,703.1035739824882
2026-07-11,Jay VIjay Nagar Nalasopara East,0,decreased,-254.72999999999996,-332.12859386355524
2026-07-11,Jay VIjay Nagar Nalasopara East,0,flat,40.76000000000014,-171.6442063018918
2026-07-11,Jay VIjay Nagar Nalasopara East,0,increased,797.4,848.0151980310432
2026-07-11,Kalamboli,0,decreased,-193.4,-236.88667456666312
2026-07-11,Kalamboli,0,flat,-98.20999999999998,-197.1093985347734
2026-07-11,Kalamboli,0,increased,1358.42,1325.4172461690778
2026-07-11,Kalher Bhiwandi,0,decreased,-336.50000000000017,-449.0571555633589
2026-07-11,Kalher Bhiwandi,0,flat,364.39,-210.69267832434284
2026-07-11,Kalher Bhiwandi,0,increased,2011.4900000000002,1962.2046099503045
2026-07-11,Kalina,0,decreased,-138.88999999999996,-119.86593889021536
2026-07-11,Kalina,0,flat,-33.569999999999965,-33.349431192655445
2026-07-11,Kalina,0,increased,1985.26,1933.441543578215
2026-07-11,Kalwa,0,decreased,-271.21,-254.05732345500684
2026-07-11,Kalwa,0,flat,-118.7700000000003,69.1102919193039
2026-07-11,Kalwa,0,increased,2877.6600000000003,2870.035260871403
2026-07-11,Kalyan,0,decreased,-322.78,-280.1794710251671
2026-07-11,Kalyan,0,flat,-96.60000000000011,-226.5784999356669
2026-07-11,Kalyan,0,increased,1655.9500000000003,1457.6908242453405
2026-07-11,Kalyan - DB Chowk,0,decreased,-201.4,-180.1297241460236
2026-07-11,Kalyan - DB Chowk,0,flat,-146.91999999999993,-151.45070181167245
2026-07-11,Kalyan - DB Chowk,0,increased,573.71,555.2491189851223
2026-07-11,Kalyan East-Tisgaon Naka,0,decreased,-185.82,-72.90614167860409
2026-07-11,Kalyan East-Tisgaon Naka,0,flat,88.52000000000002,242.81853901020784
2026-07-11,Kalyan East-Tisgaon Naka,0,increased,1430.04,1293.44641865635
2026-07-11,Kalyan West Club Road,0,decreased,-139.13999999999993,-204.43875120411167
2026-07-11,Kalyan West Club Road,0,flat,-128.6,-9.794214275944078
2026-07-11,Kalyan West Club Road,0,increased,1278.6200000000001,1208.114936182244
2026-07-11,Kamotha,0,decreased,-317.74999999999994,-291.2326144604902
2026-07-11,Kamotha,0,flat,15.359999999999687,-210.80153347218962
2026-07-11,Kamotha,0,increased,4179.59,4231.402268079275
2026-07-11,Kamothe - Sector 36,0,decreased,-32.219999999999985,-20.48670392548655
2026-07-11,Kamothe - Sector 36,0,flat,-60.38,-25.424149990766033
2026-07-11,Kamothe - Sector 36,0,increased,1037.95,956.0774333131227
2026-07-11,Kandivali East,0,decreased,-179.67999999999995,-172.6938435179739
2026-07-11,Kandivali East,0,flat,39.43999999999997,-10.208672065295719
2026-07-11,Kandivali East,0,increased,984.7900000000002,934.8929904074683
2026-07-11,Kandivali West,0,decreased,-155.0,-155.0
2026-07-11,Kandivali West,0,flat,1.0499999999999972,-89.68096168735893
2026-07-11,Kandivali West,0,increased,576.54,577.5147661676276
2026-07-11,Kasarvadavali Thane,0,decreased,-133.23999999999992,108.63743033009472
2026-07-11,Kasarvadavali Thane,0,flat,-44.730000000000075,-76.97851623099
2026-07-11,Kasarvadavali Thane,0,increased,1763.54,1698.3328034243423
2026-07-11,Katrap Badlapur East,0,decreased,-75.6799999999999,-64.21831595572642
2026-07-11,Katrap Badlapur East,0,flat,-23.769999999999932,8.733826317214032
2026-07-11,Katrap Badlapur East,0,increased,798.6600000000001,798.1638688903301
2026-07-11,Khadki Pune,0,decreased,-69.37000000000003,-64.20152277270263
2026-07-11,Khadki Pune,0,flat,-55.46000000000008,-2351.962112515679
2026-07-11,Khadki Pune,0,increased,1251.08,1195.57311338833
2026-07-11,Khanda Colony,1,decreased,-66.82000000000001,-76.64159966438449
2026-07-11,Khanda Colony,1,flat,-51.40999999999989,-9.61457705420502
2026-07-11,Khanda Colony,1,increased,1135.13,1111.44555323967
2026-07-11,Khar West,1,decreased,-444.63,-232.3135139450484
2026-07-11,Khar West,1,flat,-125.43999999999993,-644.546735576254
2026-07-11,Khar West,1,increased,2083.57,1987.0908045621127
2026-07-11,Kharghar,0,decreased,-343.1799999999999,-291.878257603679
2026-07-11,Kharghar,0,flat,-59.96,-58.562124489453964
2026-07-11,Kharghar,0,increased,3144.34,3150.445829084609
2026-07-11,Kharghar Sector 12,0,decreased,-257.97999999999996,-256.59443053490645
2026-07-11,Kharghar Sector 12,0,flat,64.58000000000023,-59.79024021822924
2026-07-11,Kharghar Sector 12,0,increased,2814.44,2837.6556028157643
2026-07-11,Khopat,0,decreased,-418.75,-408.6509214485173
2026-07-11,Khopat,0,flat,-126.39000000000013,-131.6397644565997
2026-07-11,Khopat,0,increased,2832.29,2778.634785143227
2026-07-11,Khutwad Nagar Nashik,0,decreased,-77.58999999999997,-82.85299348241156
2026-07-11,Khutwad Nagar Nashik,0,flat,-14.370000000000005,-7.665840645561222
2026-07-11,Khutwad Nagar Nashik,0,increased,561.24,575.3573237059929
2026-07-11,Kolsheth,0,decreased,-219.27999999999992,-207.05033242498473
2026-07-11,Kolsheth,0,flat,21.639999999999723,18.911131581286167
2026-07-11,Kolsheth,0,increased,3284.96,3244.4360584119413
2026-07-11,Kopar Khairane,0,decreased,-426.84000000000003,-412.52711578086763
2026-07-11,Kopar Khairane,0,flat,-233.67999999999984,-43.47497298766912
2026-07-11,Kopar Khairane,0,increased,3109.0499999999997,3087.6302230995702
2026-07-11,Kopari Thane,0,decreased,-552.8299999999999,-638.6410056781266
2026-07-11,Kopari Thane,0,flat,-992.4500000000004,-1152.4638124413461
2026-07-11,Kopari Thane,0,increased,940.6,896.4852899970732
2026-07-11,Koper Khairane - Sector 7,0,decreased,-959.8999999999999,-617.0788277488101
2026-07-11,Koper Khairane - Sector 7,0,flat,80.85000000000011,-17.83032538475524
2026-07-11,Koper Khairane - Sector 7,0,increased,1220.9,1171.1296756350632
2026-07-11,Kulgaon Badlapur West,0,decreased,-597.5200000000001,-484.59923059647963
2026-07-11,Kulgaon Badlapur West,0,flat,79.64999999999992,-70.8986334036141
2026-07-11,Kulgaon Badlapur West,0,increased,1721.0400000000002,1611.086457237738
2026-07-11,Kurla,0,decreased,-288.91,-270.7357661643976
2026-07-11,Kurla,0,flat,7.51000000000008,377.10357810656257
2026-07-11,Kurla,0,increased,1814.16,1774.9248376409469
2026-07-11,Kurla West,0,decreased,-209.27999999999992,-220.41320937985256
2026-07-11,Kurla West,0,flat,45.050000000000054,130.71243723291454
2026-07-11,Kurla West,0,increased,1631.8,1628.3117545453442
2026-07-11,Lower Parel - SJ Marg,0,decreased,-86.69,-45.76409999481399
2026-07-11,Lower Parel - SJ Marg,0,flat,23.359999999999992,-4.732484806439
2026-07-11,Lower Parel - SJ Marg,0,increased,520.35,561.3448018247237
2026-07-11,Mahakali,0,decreased,-193.68000000000004,-197.56292309668754
2026-07-11,Mahakali,0,flat,122.30999999999992,-31.72914012386181
2026-07-11,Mahakali,0,increased,1890.54,1797.8864383792782
2026-07-11,Mahavir Pride Dombivali,0,decreased,-222.43000000000004,-67.50004878723828
2026-07-11,Mahavir Pride Dombivali,0,flat,224.27000000000004,334.7581703848613
2026-07-11,Mahavir Pride Dombivali,0,increased,1562.54,1562.8319734805839
2026-07-11,Mahim West,0,decreased,-162.69999999999996,-180.81665955423523
2026-07-11,Mahim West,0,flat,44.139999999999944,14.987603882500743
2026-07-11,Mahim West,0,increased,1738.47,1688.2212947980786
2026-07-11,Malad,0,decreased,-149.32999999999996,-125.22865036549797
2026-07-11,Malad,0,flat,-87.10000000000002,-225.27242713338936
2026-07-11,Malad,0,increased,2556.28,2586.308112022214
2026-07-11,Malad Liberty Garden,0,decreased,-223.08,-153.186606547939
2026-07-11,Malad Liberty Garden,0,flat,-1655.51,-266.0224180566071
2026-07-11,Malad Liberty Garden,0,increased,1347.91,1339.4922868728308
2026-07-11,Malwani,0,decreased,-145.71999999999997,-143.4164006391329
2026-07-11,Malwani,0,flat,-79.83999999999997,142.999330750685
2026-07-11,Malwani,0,increased,1302.7399999999998,1286.124471698918
2026-07-11,Marol,0,decreased,-342.3299999999999,-369.21013599145783
2026-07-11,Marol,0,flat,59.22999999999995,-12.69592059866864
2026-07-11,Marol,0,increased,2221.63,2171.409877083464
2026-07-11,Mharal Ulhasnagar,0,decreased,-109.45999999999998,-97.5212022408116
2026-07-11,Mharal Ulhasnagar,0,flat,82.12000000000009,135.34476161667902
2026-07-11,Mharal Ulhasnagar,0,increased,1268.99,1191.3306695201127
2026-07-11,Mhasrul Nashik,0,decreased,19.049999999999947,29.340377664901098
2026-07-11,Mhasrul Nashik,0,flat,65.11000000000004,-174.3398929601399
2026-07-11,Mhasrul Nashik,0,increased,658.55,621.2978804464037
2026-07-11,Mira Road,0,decreased,-178.2,-147.06660435540203
2026-07-11,Mira Road,0,flat,-27.300000000000036,-27.291910678671993
2026-07-11,Mira Road,0,increased,809.6800000000001,768.7359101734114
2026-07-11,Mira Road - GCC Club Road,0,decreased,-62.28000000000002,-65.33945137000768
2026-07-11,Mira Road - GCC Club Road,0,flat,-307.27000000000004,-245.80786897771193
2026-07-11,Mira Road - GCC Club Road,0,increased,430.93000000000006,422.20655382470613
2026-07-11,Mira Road Jangid Complex,0,decreased,-137.16,-138.53277501378702
2026-07-11,Mira Road Jangid Complex,0,flat,4.460000000000107,38.77252780121228
2026-07-11,Mira Road Jangid Complex,0,increased,1148.98,1130.1375103645955
2026-07-11,Mohan Nagar Kandivali,0,decreased,-212.7800000000001,-3071.371192573813
2026-07-11,Mohan Nagar Kandivali,0,flat,-51.23000000000004,-42.992616512346146
2026-07-11,Mohan Nagar Kandivali,0,increased,1776.5600000000002,1870.6372472914616
2026-07-11,Mulund East,0,decreased,-261.7799999999999,-311.3610479851155
2026-07-11,Mulund East,0,flat,-304.60999999999984,-185.31530648488828
2026-07-11,Mulund East,0,increased,5178.63,5126.290411289053
2026-07-11,Mulund Panch Rasta,0,decreased,-159.60999999999999,-162.34679296917494
2026-07-11,Mulund Panch Rasta,0,flat,-54.34000000000002,-60.160241028241664
2026-07-11,Mulund Panch Rasta,0,increased,1423.88,1443.0749515098164
2026-07-11,Mulund West,0,decreased,-949.79,538.0723253305654
2026-07-11,Mulund West,0,flat,-12.120000000000191,147.38525901618655
2026-07-11,Mulund West,0,increased,2170.97,2148.614672673547
2026-07-11,Mulund West-Sarvodaya Nagar,0,decreased,-138.82000000000002,-127.60942159153456
2026-07-11,Mulund West-Sarvodaya Nagar,0,flat,-188.2999999999998,-619.6112679536471
2026-07-11,Mulund West-Sarvodaya Nagar,0,increased,2112.78,2028.184486587178
2026-07-11,Mundhwa Pune,0,decreased,-49.58999999999999,-55.239881202733216
2026-07-11,Mundhwa Pune,0,flat,-110.25,127.74065312596859
2026-07-11,Mundhwa Pune,0,increased,465.04,477.79699905436195
2026-07-11,NIBM Kondwa,0,decreased,-328.00999999999993,-330.17061821761695
2026-07-11,NIBM Kondwa,0,flat,10.730000000000041,86.55055751464991
2026-07-11,NIBM Kondwa,0,increased,2322.59,2358.210207627212
2026-07-11,Nahur West,0,decreased,-108.14000000000001,-112.97980855948313
2026-07-11,Nahur West,0,flat,204.18000000000006,284.29927619259547
2026-07-11,Nahur West,0,increased,1835.69,1787.141712212243
2026-07-11,Nalasopara - Yashwant Nagar,0,decreased,-138.27999999999997,-124.14905339903846
2026-07-11,Nalasopara - Yashwant Nagar,0,flat,-19.31000000000001,-69.97479041961859
2026-07-11,Nalasopara - Yashwant Nagar,0,increased,1038.66,1033.5271577061908
2026-07-11,Nalasopara West,0,decreased,-105.21999999999998,-76.85452953557638
2026-07-11,Nalasopara West,0,flat,-74.14,33.12219654015871
2026-07-11,Nalasopara West,0,increased,1544.1499999999999,1377.5149079517062
2026-07-11,Narhe Pune,0,decreased,-128.35999999999999,-128.156427717396
2026-07-11,Narhe Pune,0,flat,-26.639999999999922,-76.57166345608033
2026-07-11,Narhe Pune,0,increased,476.77,444.8885116506675
2026-07-11,Naupada,0,decreased,-194.02999999999997,-189.01148901331032
2026-07-11,Naupada,0,flat,-11.95000000000007,19.763909396810288
2026-07-11,Naupada,0,increased,1813.8700000000001,1730.247998786861
2026-07-11,Navare Nagar Ambernath,0,decreased,-429.91999999999985,-508.6453503365129
2026-07-11,Navare Nagar Ambernath,0,flat,-70.17999999999986,-238.19562055552376
2026-07-11,Navare Nagar Ambernath,0,increased,1292.5400000000002,1195.324161158885
2026-07-11,Navi Peth Pune,0,decreased,-204.81,-271.5682330468394
2026-07-11,Navi Peth Pune,0,flat,-130.07000000000008,-161.08225580375682
2026-07-11,Navi Peth Pune,0,increased,1059.27,1000.7401094238359
2026-07-11,Navjeevan Mumbai Central,0,decreased,-207.98999999999998,-200.3904645553833
2026-07-11,Navjeevan Mumbai Central,0,flat,27.12000000000007,47.053143991251915
2026-07-11,Navjeevan Mumbai Central,0,increased,1643.6100000000001,1611.282289788093
2026-07-11,Nerul East,0,decreased,-336.63,-338.9344673234066
2026-07-11,Nerul East,0,flat,-538.4199999999996,-564.9629051597187
2026-07-11,Nerul East,0,increased,2210.17,2209.5731480153336
2026-07-11,Nerul West,0,decreased,-217.48999999999995,-181.87197451460628
2026-07-11,Nerul West,0,flat,156.74000000000007,112.29324382269863
2026-07-11,Nerul West,0,increased,2188.12,2182.5053499145365
2026-07-11,New Panvel,0,decreased,-167.48000000000005,-165.40183702211297
2026-07-11,New Panvel,0,flat,-39.19999999999988,-152.57274343296626
2026-07-11,New Panvel,0,increased,1815.81,1823.0790687152924
2026-07-11,Old Panvel,0,decreased,-358.3500000000001,-256.7732746663714
2026-07-11,Old Panvel,0,flat,-278.39,-113.26937033087151
2026-07-11,Old Panvel,0,increased,1312.8600000000001,1316.7507669548359
2026-07-11,Palegaon Ambernath,0,decreased,-53.579999999999984,-76.14048417120395
2026-07-11,Palegaon Ambernath,0,flat,38.99999999999999,-26.804432715579765
2026-07-11,Palegaon Ambernath,0,increased,637.88,650.728885017542
2026-07-11,Panchpakhadi,0,decreased,-111.12999999999997,-66.7512733041124
2026-07-11,Panchpakhadi,0,flat,-100.24999999999997,-128.98323104486357
2026-07-11,Panchpakhadi,0,increased,1137.67,1091.4185683935123
2026-07-11,Pantnagar,0,decreased,-126.51999999999998,-127.02811467937136
2026-07-11,Pantnagar,0,flat,-37.54000000000005,-137.960946845394
2026-07-11,Pantnagar,0,increased,1686.6100000000001,1738.081877206298
2026-07-11,Panvel - Uran Naka,0,decreased,-633.29,-500.6054568358227
2026-07-11,Panvel - Uran Naka,0,flat,192.71000000000004,144.99621694414552
2026-07-11,Panvel - Uran Naka,0,increased,991.7600000000002,966.8628393866404
2026-07-11,Phadke Road - Dombivali,0,decreased,-199.41999999999985,-168.56166618245842
2026-07-11,Phadke Road - Dombivali,0,flat,-187.58000000000004,-117.1077075791148
2026-07-11,Phadke Road - Dombivali,0,increased,1640.87,1548.321445073405
2026-07-11,Pimple Gurav,0,decreased,-108.07999999999993,176.66043923690347
2026-07-11,Pimple Gurav,0,flat,-208.75000000000006,-69.34867913095725
2026-07-11,Pimple Gurav,0,increased,805.1,800.0634671499861
2026-07-11,Prabhadevi,0,decreased,-503.72,-521.0461221659037
2026-07-11,Prabhadevi,0,flat,-58.270000000000046,-103.21483531582042
2026-07-11,Prabhadevi,0,increased,2146.7400000000002,2078.0982248718083
2026-07-11,Pragati Nagar Nalasopara East,0,decreased,-499.27,-491.39454996104047
2026-07-11,Pragati Nagar Nalasopara East,0,flat,-298.8899999999999,-655.0019952748592
2026-07-11,Pragati Nagar Nalasopara East,0,increased,724.23,700.6157409477267
2026-07-11,Rajawadi,0,decreased,-148.35999999999999,-134.89234036267248
2026-07-11,Rajawadi,0,flat,-31.309999999999985,0.4537024710949993
2026-07-11,Rajawadi,0,increased,1825.26,1799.7672855787926
2026-07-11,Roadpali Kalamboli,0,decreased,-148.74,-138.24358861959516
2026-07-11,Roadpali Kalamboli,0,flat,-110.12999999999997,-70.37097489402377
2026-07-11,Roadpali Kalamboli,0,increased,982.87,919.7202211328
2026-07-11,Rupee Nagar Pune,0,decreased,-102.86,-91.38085553511253
2026-07-11,Rupee Nagar Pune,0,flat,-22.120000000000033,25.40383127528287
2026-07-11,Rupee Nagar Pune,0,increased,162.95,192.21337346474624
2026-07-11,Saibaba Nagar,0,decreased,-55.639999999999986,-57.78193225935161
2026-07-11,Saibaba Nagar,0,flat,-106.26999999999983,23.487784331466003
2026-07-11,Saibaba Nagar,0,increased,1223.5600000000002,1254.8419936534674
2026-07-11,Sakinaka - Pipeline Road,0,decreased,-148.23999999999998,-139.34693124587108
2026-07-11,Sakinaka - Pipeline Road,0,flat,-106.94000000000008,17.261480851417943
2026-07-11,Sakinaka - Pipeline Road,0,increased,779.9699999999999,772.740536496752
2026-07-11,Sanpada,1,decreased,-139.48999999999998,-155.69020782901643
2026-07-11,Sanpada,1,flat,9.439999999999905,-215.43189563715555
2026-07-11,Sanpada,1,increased,3221.19,3098.223470889744
2026-07-11,Santa Cruz SV Road,0,decreased,-145.14,-142.71181562694687
2026-07-11,Santa Cruz SV Road,0,flat,0.9800000000000324,44.74446308614422
2026-07-11,Santa Cruz SV Road,0,increased,1371.3700000000001,1416.6063021144785
2026-07-11,"Santoshi Mata Road, Kalyan West",0,decreased,-53.72000000000001,-65.53070456164482
2026-07-11,"Santoshi Mata Road, Kalyan West",0,flat,84.48000000000005,-339.8983568267191
2026-07-11,"Santoshi Mata Road, Kalyan West",0,increased,1105.9600000000003,967.4936654724789
2026-07-11,Sasane Nagar Pune,1,decreased,-63.72999999999999,-63.268177443722394
2026-07-11,Sasane Nagar Pune,1,flat,17.5,-2.9138836907035763
2026-07-11,Sasane Nagar Pune,1,increased,541.16,466.3669942480118
2026-07-11,Seawoods,0,decreased,-332.11,-338.2260336252811
2026-07-11,Seawoods,0,flat,-185.21000000000004,-170.64545060027547
2026-07-11,Seawoods,0,increased,2431.03,2418.0052222966006
2026-07-11,Sector 3 - New Panvel,0,decreased,-24.210000000000008,-2.910261320749221
2026-07-11,Sector 3 - New Panvel,0,flat,-20.99000000000022,65.54709854104493
2026-07-11,Sector 3 - New Panvel,0,increased,1138.7,1068.134234153261
2026-07-11,Shanti Nagar Mira Road,0,decreased,-262.09999999999997,-264.89942653290086
2026-07-11,Shanti Nagar Mira Road,0,flat,-1.749999999999952,-101.54077749899918
2026-07-11,Shanti Nagar Mira Road,0,increased,1115.7700000000002,1127.8066667802257
2026-07-11,Shirgaon Badlapur,0,decreased,-430.68,-395.97939360747137
2026-07-11,Shirgaon Badlapur,0,flat,-32.5500000000003,-228.03210967307118
2026-07-11,Shirgaon Badlapur,0,increased,1288.9499999999998,1083.373176114836
2026-07-11,Shivaji Nagar Pune,0,decreased,-84.01,-83.88021722750223
2026-07-11,Shivaji Nagar Pune,0,flat,-415.6900000000001,-306.0499419506607
2026-07-11,Shivaji Nagar Pune,0,increased,1314.1400000000003,1237.1112345014592
2026-07-11,Shreenagar,0,decreased,-361.55999999999995,-298.26356999126153
2026-07-11,Shreenagar,0,flat,-180.3300000000001,-92.03308453346125
2026-07-11,Shreenagar,0,increased,2659.9700000000003,2547.2480053923064
2026-07-11,Shriprastha Nalasopara West,0,decreased,-63.14,-63.76981732081138
2026-07-11,Shriprastha Nalasopara West,0,flat,100.85000000000008,51.650127037205905
2026-07-11,Shriprastha Nalasopara West,0,increased,761.0500000000001,682.7344837958067
2026-07-11,Sion Koliwada,0,decreased,-225.21999999999997,-219.10284042028104
2026-07-11,Sion Koliwada,0,flat,-36.97999999999995,102.4995177103974
2026-07-11,Sion Koliwada,0,increased,1924.8600000000001,1213.0888477488636
2026-07-11,Thakur Complex,0,decreased,-28.05000000000002,-27.95641252621546
2026-07-11,Thakur Complex,0,flat,-196.92000000000002,-163.72632968232156
2026-07-11,Thakur Complex,0,increased,2055.06,2014.1673518428238
2026-07-11,Thergaon,0,decreased,-127.9,-128.14648584567914
2026-07-11,Thergaon,0,flat,-4.70999999999993,53.30963744057398
2026-07-11,Thergaon,0,increased,799.9,709.4864708468473
2026-07-11,Tilak Road Pune,0,decreased,-229.94999999999985,-228.1252550292291
2026-07-11,Tilak Road Pune,0,flat,-290.0499999999998,-261.27762482439795
2026-07-11,Tilak Road Pune,0,increased,1049.07,1017.9862369221917
2026-07-11,Tilaknagar,0,decreased,-122.49999999999991,-91.45172507894982
2026-07-11,Tilaknagar,0,flat,-104.89999999999986,-162.75370157715554
2026-07-11,Tilaknagar,0,increased,2019.3300000000002,1986.9376135035593
2026-07-11,Titwala,0,decreased,-345.57000000000005,-249.0146125104206
2026-07-11,Titwala,0,flat,-26.80999999999998,110.27430003833572
2026-07-11,Titwala,0,increased,1534.65,1400.507565294716
2026-07-11,Trimurti Chowk Nashik,0,decreased,-202.79999999999998,-189.09340935122634
2026-07-11,Trimurti Chowk Nashik,0,flat,3.1500000000000483,-193.950959177596
2026-07-11,Trimurti Chowk Nashik,0,increased,687.05,694.4402472764782
2026-07-11,Ulhas Nagar - Shahad,0,decreased,-102.70999999999997,-71.82905749827572
2026-07-11,Ulhas Nagar - Shahad,0,flat,-32.52999999999999,101.64123040658288
2026-07-11,Ulhas Nagar - Shahad,0,increased,437.14000000000004,454.22136292987295
2026-07-11,Ulhas Nagar - Shreeram Chowk,0,decreased,-138.23999999999998,-127.91057292494636
2026-07-11,Ulhas Nagar - Shreeram Chowk,0,flat,29.24999999999998,26.94823030489107
2026-07-11,Ulhas Nagar - Shreeram Chowk,0,increased,799.7199999999999,821.2820264163148
2026-07-11,Ulhasnagar,0,decreased,-42.839999999999996,-42.788586256178995
2026-07-11,Ulhasnagar,0,flat,-60.160000000000124,-87.40108325576902
2026-07-11,Ulhasnagar,0,increased,1768.62,1764.614886005786
2026-07-11,Ulhasnagar - Humlog Circle,0,decreased,-305.4400000000001,-295.0743022066665
2026-07-11,Ulhasnagar - Humlog Circle,0,flat,-9.88999999999993,47.24746048646689
2026-07-11,Ulhasnagar - Humlog Circle,0,increased,1579.57,1294.0631327531291
2026-07-11,Ulhasnagar - Khemani Chowk,0,decreased,-107.42999999999998,-71.44258269258606
2026-07-11,Ulhasnagar - Khemani Chowk,0,flat,-21.419999999999987,-6.626534115155664
2026-07-11,Ulhasnagar - Khemani Chowk,0,increased,578.07,553.8296824713318
2026-07-11,Ulhasnagar Sector 4,0,decreased,-75.94,-75.96472505539266
2026-07-11,Ulhasnagar Sector 4,0,flat,-163.17999999999992,41.40611680026781
2026-07-11,Ulhasnagar Sector 4,0,increased,1590.49,1561.1722671485672
2026-07-11,Ulwe-Navi Mumbai,0,decreased,-554.91,-497.725671113197
2026-07-11,Ulwe-Navi Mumbai,0,flat,1.1300000000000026,-48.507805918327065
2026-07-11,Ulwe-Navi Mumbai,0,increased,1968.96,2033.2656042332667
2026-07-11,Vakola,0,decreased,-135.48999999999998,-162.27533929435293
2026-07-11,Vakola,0,flat,-92.36000000000014,-70.90735754399701
2026-07-11,Vakola,0,increased,1820.5,1830.8062319393453
2026-07-11,Vasai West - Station Road,0,decreased,-152.45,-151.4805820151978
2026-07-11,Vasai West - Station Road,0,flat,-133.3299999999998,-85.64437765452291
2026-07-11,Vasai West - Station Road,0,increased,2251.21,2290.1698374548114
2026-07-11,Vashi,0,decreased,-561.56,-627.5640994407066
2026-07-11,Vashi,0,flat,-284.68,-165.10207976426832
2026-07-11,Vashi,0,increased,3065.53,3061.8853890044056
2026-07-11,Vashi Sector 11,0,decreased,-63.609999999999985,-63.54270335488867
2026-07-11,Vashi Sector 11,0,flat,157.8999999999999,206.39110221017052
2026-07-11,Vashi Sector 11,0,increased,1381.88,1352.220344241599
2026-07-11,Veenanagar,0,decreased,-75.16999999999997,-65.03203470581977
2026-07-11,Veenanagar,0,flat,-137.89999999999998,104.64255672865232
2026-07-11,Veenanagar,0,increased,1662.0,1708.813529333941
2026-07-11,Versova - Yari Road,0,decreased,-347.73999999999995,-278.34442675959326
2026-07-11,Versova - Yari Road,0,flat,-8.889999999999983,-40.852876044347916
2026-07-11,Versova - Yari Road,0,increased,1067.59,1072.152783055962
2026-07-11,Versova Andheri,0,decreased,-628.75,-571.6725847467827
2026-07-11,Versova Andheri,0,flat,21.679999999999946,74.03384677954935
2026-07-11,Versova Andheri,0,increased,1772.75,1763.6390395734782
2026-07-11,Vijay Nagari - Thane,0,decreased,-76.91,-75.6619788938513
2026-07-11,Vijay Nagari - Thane,0,flat,-62.920000000000044,-12.394222228886292
2026-07-11,Vijay Nagari - Thane,0,increased,2236.07,2172.432573497795
2026-07-11,Vikhroli,0,decreased,-830.22,-782.1678421371652
2026-07-11,Vikhroli,0,flat,-523.3000000000002,-977.8879887908213
2026-07-11,Vikhroli,0,increased,4462.59,4290.98316763947
2026-07-11,Vikhroli Kannamwar,0,decreased,-228.58999999999995,-248.35733110054736
2026-07-11,Vikhroli Kannamwar,0,flat,-49.30999999999983,-181.8738944032703
2026-07-11,Vikhroli Kannamwar,0,increased,2486.77,2513.912794872188
2026-07-11,Vile Parle,0,decreased,-412.23999999999995,-298.77811861449635
2026-07-11,Vile Parle,0,flat,-57.09999999999992,-95.71862252716713
2026-07-11,Vile Parle,0,increased,1534.56,1435.747073447705
2026-07-11,Virar East,0,decreased,-311.76000000000005,-303.7895161948297
2026-07-11,Virar East,0,flat,-183.37000000000006,-33.06350166906013
2026-07-11,Virar East,0,increased,2010.91,1873.4876174119152
2026-07-11,Virar West,0,decreased,-173.28000000000003,-170.57224065377758
2026-07-11,Virar West,0,flat,-90.68000000000008,54.39228475445415
2026-07-11,Virar West,0,increased,1434.46,1520.948103033893
2026-07-11,Wadgaon Budruk Pune,0,decreased,-238.4300000000003,2223.2317520156485
2026-07-11,Wadgaon Budruk Pune,0,flat,79.30999999999985,77.31520947091953
2026-07-11,Wadgaon Budruk Pune,0,increased,615.7899999999998,609.4693083406853
2026-07-11,Wadgaon Sheri,0,decreased,-299.24,-284.8860957955696
2026-07-11,Wadgaon Sheri,0,flat,-68.77999999999992,-200.6843158195145
2026-07-11,Wadgaon Sheri,0,increased,1402.72,1139.8903825178231
2026-07-11,Wadgaon Sheri-Old Mundhwa Rd,0,decreased,-122.64999999999998,-117.9628363161384
2026-07-11,Wadgaon Sheri-Old Mundhwa Rd,0,flat,16.73000000000001,-45.4641914210318
2026-07-11,Wadgaon Sheri-Old Mundhwa Rd,0,increased,412.26999999999987,399.74141617117925
2026-07-11,Wanawadi Pune,0,decreased,-199.48000000000002,-214.6487123090394
2026-07-11,Wanawadi Pune,0,flat,1.769999999999964,-172.74689029921362
2026-07-11,Wanawadi Pune,0,increased,1188.51,1165.333315605258
2026-07-11,Warje Pune,0,decreased,-34.14999999999996,-124.02521406410658
2026-07-11,Warje Pune,0,flat,-21.360000000000035,-76.88621662199701
2026-07-11,Warje Pune,0,increased,319.54999999999995,325.1276010145992
2026-07-11,Wayale Nagar,0,decreased,-134.50000000000003,-131.09139471189005
2026-07-11,Wayale Nagar,0,flat,-145.48999999999995,49.54712791658545
2026-07-11,Wayale Nagar,0,increased,1109.5300000000002,1087.9898385377928
2026-07-11,Yashodhan,0,decreased,-529.0699999999999,-449.80912003754435
2026-07-11,Yashodhan,0,flat,-209.52999999999997,-314.6244583623001
2026-07-11,Yashodhan,0,increased,3671.67,3370.013961922194
2026-07-11,Yogi Nagar,0,decreased,-119.52000000000001,-42.0341554120093
2026-07-11,Yogi Nagar,0,flat,-29.459999999999987,-67.49650536806045
2026-07-11,Yogi Nagar,0,increased,1033.97,1023.4164584910253
2026-07-11,Yogidham Kalyan,0,decreased,-10.860000000000042,-6.502091666666644
2026-07-11,Yogidham Kalyan,0,flat,-408.7604999999999,-378.57814475010537
2026-07-11,Yogidham Kalyan,0,increased,541.8306,486.6525454407173
2026-07-12,7 Rasta Byculla,0,decreased,-89.48999999999998,-88.42304532318418
2026-07-12,7 Rasta Byculla,0,flat,46.469999999999985,98.20406419072486
2026-07-12,7 Rasta Byculla,0,increased,856.1,851.0393850712585
2026-07-12,Airoli,0,decreased,-483.51999999999987,-475.1642701195528
2026-07-12,Airoli,0,flat,-22.58999999999996,-70.2874452764108
2026-07-12,Airoli,0,increased,2772.6,2756.9734930133277
2026-07-12,Airoli Sector - 3,0,decreased,-153.33999999999997,-65.55464919982433
2026-07-12,Airoli Sector - 3,0,flat,79.63999999999993,-38.19840020111571
2026-07-12,Airoli Sector - 3,0,increased,1053.11,1063.1666533703287
2026-07-12,Ambegaon Pune,0,decreased,-45.56999999999999,-45.560295968702135
2026-07-12,Ambegaon Pune,0,flat,-69.14999999999998,-25.329668497502645
2026-07-12,Ambegaon Pune,0,increased,780.1400000000001,746.7440240505507
2026-07-12,Ambernath East,0,decreased,-81.73000000000005,-72.7087314610611
2026-07-12,Ambernath East,0,flat,68.86000000000001,-82.84385168937031
2026-07-12,Ambernath East,0,increased,853.85,819.2562560653557
2026-07-12,Ambernath West,0,decreased,-86.53999999999998,-76.42420114887575
2026-07-12,Ambernath West,0,flat,-127.49000000000007,-118.79981673058899
2026-07-12,Ambernath West,0,increased,933.6,925.6439898710697
2026-07-12,Ashokvan Dahisar,0,decreased,-264.14000000000004,-248.44184525154068
2026-07-12,Ashokvan Dahisar,0,flat,-395.50999999999976,-268.1320152336569
2026-07-12,Ashokvan Dahisar,0,increased,1768.3400000000001,1694.9637716953823
2026-07-12,Badlapur - Belavali,0,decreased,-228.2,-225.1772093179374
2026-07-12,Badlapur - Belavali,0,flat,-161.64999999999998,-110.34863898268028
2026-07-12,Badlapur - Belavali,0,increased,1170.0,1102.9925909023511
2026-07-12,Badlapur East,0,decreased,-48.86999999999999,-48.80084277974007
2026-07-12,Badlapur East,0,flat,-25.81000000000001,27.521999362004706
2026-07-12,Badlapur East,0,increased,655.6500000000001,658.5718895875369
2026-07-12,Bandra,1,decreased,-342.04999999999995,-327.3975194792191
2026-07-12,Bandra,1,flat,-0.8600000000000207,-49.97330808001822
2026-07-12,Bandra,1,increased,1592.1200000000001,1441.2723395945034
2026-07-12,Bhandup West,0,decreased,-186.95,-191.49084207130943
2026-07-12,Bhandup West,0,flat,-199.66000000000005,-283.6353522733172
2026-07-12,Bhandup West,0,increased,2016.36,1938.1305543968185
2026-07-12,Bhayandar,0,decreased,-204.21999999999997,-212.9840528508199
2026-07-12,Bhayandar,0,flat,-153.30999999999995,-186.82055107881746
2026-07-12,Bhayandar,0,increased,2369.1800000000003,1857.4741901520679
2026-07-12,Bhayander 60 Feet Road,0,decreased,-128.7,-127.50136078174404
2026-07-12,Bhayander 60 Feet Road,0,flat,-881.0999999999998,107.51326090686277
2026-07-12,Bhayander 60 Feet Road,0,increased,854.2,798.0674478184756
2026-07-12,Bhekrainagar Pune,0,decreased,-267.39999999999986,-151.02759886940703
2026-07-12,Bhekrainagar Pune,0,flat,-32.16999999999997,2.901433135622387
2026-07-12,Bhekrainagar Pune,0,increased,874.49,865.1504089328109
2026-07-12,Bhiwandi - Shivaji Chowk,0,decreased,-473.74000000000007,-461.09702579478835
2026-07-12,Bhiwandi - Shivaji Chowk,0,flat,16.549999999999923,3.6390550762965077
2026-07-12,Bhiwandi - Shivaji Chowk,0,increased,1284.6100000000001,1224.821232251822
2026-07-12,Bhiwandi Dhamankar Naka,1,decreased,-264.66,-262.77168923063863
2026-07-12,Bhiwandi Dhamankar Naka,1,flat,-64.51000000000002,-194.11567681936418
2026-07-12,Bhiwandi Dhamankar Naka,1,increased,1584.73,1472.7327907101655
2026-07-12,Bibwewadi Pune,0,decreased,-63.61999999999998,-63.48513538894602
2026-07-12,Bibwewadi Pune,0,flat,1.5800000000000018,-26.940140400548316
2026-07-12,Bibwewadi Pune,0,increased,658.7,673.5675370746832
2026-07-12,Bytco Point Nashik,0,decreased,-20.000000000000004,-19.995147984351085
2026-07-12,Bytco Point Nashik,0,flat,-29.389999999999958,-39.05500432851183
2026-07-12,Bytco Point Nashik,0,increased,604.21,512.6943347178815
2026-07-12,CST Bora Bazaar,0,decreased,-100.58000000000001,-104.13616956795715
2026-07-12,CST Bora Bazaar,0,flat,-7.980000000000025,74.13872732833474
2026-07-12,CST Bora Bazaar,0,increased,548.35,566.5831918515731
2026-07-12,Chandivali,0,decreased,-69.05999999999999,-68.6863603306075
2026-07-12,Chandivali,0,flat,15.510000000000026,84.8926482197642
2026-07-12,Chandivali,0,increased,443.31000000000006,444.1943563207184
2026-07-12,Charkop,0,decreased,-138.80999999999997,-149.48874935519896
2026-07-12,Charkop,0,flat,15.639999999999947,33.745728379655525
2026-07-12,Charkop,0,increased,1611.15,1556.8815408928817
2026-07-12,Chembur,0,decreased,-417.99999999999994,-426.3317096751662
2026-07-12,Chembur,0,flat,23.79999999999987,56.42325859038577
2026-07-12,Chembur,0,increased,3093.11,2988.8179929548974
2026-07-12,Chinchwad,1,decreased,-28.72000000000002,-18.818578803266696
2026-07-12,Chinchwad,1,flat,63.70000000000029,102.5237846440746
2026-07-12,Chinchwad,1,increased,777.5199999999999,733.0301840705772
2026-07-12,Chinchwad - Gandhi Peth,1,decreased,-69.62,-71.25239340881038
2026-07-12,Chinchwad - Gandhi Peth,1,flat,-67.35999999999993,-224.54726074432676
2026-07-12,Chinchwad - Gandhi Peth,1,increased,191.28,195.824369865945
2026-07-12,Cidco Nashik,0,decreased,-68.55000000000001,-66.22896612510795
2026-07-12,Cidco Nashik,0,flat,184.64999999999998,159.83348570607353
2026-07-12,Cidco Nashik,0,increased,536.02,503.921881660115
2026-07-12,Colaba,1,decreased,-101.44,-97.60458461827452
2026-07-12,Colaba,1,flat,34.61999999999999,38.559243995069906
2026-07-12,Colaba,1,increased,820.48,811.1084484653055
2026-07-12,Dadar East,0,decreased,-58.35000000000001,-51.10621519649551
2026-07-12,Dadar East,0,flat,-240.21000000000006,-35.84069688196356
2026-07-12,Dadar East,0,increased,1066.33,1050.7007684735074
2026-07-12,Dahisar,0,decreased,-53.33000000000001,-47.285016621623996
2026-07-12,Dahisar,0,flat,-79.53000000000006,-108.92375366635653
2026-07-12,Dahisar,0,increased,1341.99,1305.4272391235543
2026-07-12,Dattnagar,0,decreased,-114.28,-112.51171334865616
2026-07-12,Dattnagar,0,flat,-30.079999999999956,-94.29458081021836
2026-07-12,Dattnagar,0,increased,1549.4600000000003,1549.2690904016292
2026-07-12,Dhanakwadi,0,decreased,-37.68,-25.60419061768237
2026-07-12,Dhanakwadi,0,flat,-151.48000000000027,-208.62433385333063
2026-07-12,Dhanakwadi,0,increased,1157.2100000000003,1045.5857771056671
2026-07-12,Dhanori Pune,0,decreased,-38.47999999999999,-29.021281740803914
2026-07-12,Dhanori Pune,0,flat,8.699999999999894,116.58077664236701
2026-07-12,Dhanori Pune,0,increased,689.9100000000001,605.6345426560778
2026-07-12,Dhayari Pune,0,decreased,-274.74,-221.37464480411464
2026-07-12,Dhayari Pune,0,flat,-2.699999999999978,-30.46337114689461
2026-07-12,Dhayari Pune,0,increased,1203.52,1075.3715122213207
2026-07-12,Dighi Pune,1,decreased,173.88000000000002,-10.884195831286426
2026-07-12,Dighi Pune,1,flat,0.720000000000006,32.309684410690224
2026-07-12,Dighi Pune,1,increased,466.32,453.4048499121429
2026-07-12,Dombivali,0,decreased,-113.79999999999995,-104.19842952404294
2026-07-12,Dombivali,0,flat,-131.47000000000003,-74.58554148175695
2026-07-12,Dombivali,0,increased,1694.29,1656.4184243012298
2026-07-12,Dombivali - Navpada,0,decreased,-161.47999999999996,-152.72508771715485
2026-07-12,Dombivali - Navpada,0,flat,-34.640000000000015,-99.97704540628291
2026-07-12,Dombivali - Navpada,0,increased,569.02,542.3445483790078
2026-07-12,Dombivali - Reti Bunder,0,decreased,-239.51000000000005,-240.43928602256443
2026-07-12,Dombivali - Reti Bunder,0,flat,57.11500000000002,12.436354747419927
2026-07-12,Dombivali - Reti Bunder,0,increased,612.5805000000001,555.1874533064749
2026-07-12,Dombivli West,0,decreased,-188.26,-179.50854814318674
2026-07-12,Dombivli West,0,flat,-55.72999999999998,-176.37445051733437
2026-07-12,Dombivli West,0,increased,1979.17,2022.194134086772
2026-07-12,Evershine Nagar,0,decreased,-84.16999999999999,-94.28034964567473
2026-07-12,Evershine Nagar,0,flat,-154.99000000000018,-151.9867106122277
2026-07-12,Evershine Nagar,0,increased,765.7900000000001,765.2877499289679
2026-07-12,Fam Society - Koperkhairne,0,decreased,-241.38999999999996,-243.6825259315382
2026-07-12,Fam Society - Koperkhairne,0,flat,-343.82,-179.70802770959773
2026-07-12,Fam Society - Koperkhairne,0,increased,1861.38,1855.9275592335073
2026-07-12,Fursungi Pune,0,decreased,-397.1499999999998,-178.10786924336614
2026-07-12,Fursungi Pune,0,flat,-13.560000000000041,163.12156268513527
2026-07-12,Fursungi Pune,0,increased,641.02,637.3587591783274
2026-07-12,Ghansoli,0,decreased,-107.90999999999998,-93.49192342931411
2026-07-12,Ghansoli,0,flat,37.18999999999984,-43.5292958511532
2026-07-12,Ghansoli,0,increased,2768.4300000000003,2734.2794225377897
2026-07-12,Ghatkopar East,0,decreased,-82.19999999999999,-78.9046295859568
2026-07-12,Ghatkopar East,0,flat,-35.989999999999775,74.96949429677926
2026-07-12,Ghatkopar East,0,increased,499.38,445.3446617790881
2026-07-12,Ghatkopar West,0,decreased,-135.82999999999998,-117.55814356359315
2026-07-12,Ghatkopar West,0,flat,209.07000000000005,8.024026331161046
2026-07-12,Ghatkopar West,0,increased,1495.06,1548.789057639371
2026-07-12,Ghodapdeo - Byculla,0,decreased,-29.069999999999993,-28.9797864098
2026-07-12,Ghodapdeo - Byculla,0,flat,-17.18,-106.90524734049035
2026-07-12,Ghodapdeo - Byculla,0,increased,684.33,702.1681785939924
2026-07-12,Global City Virar West,0,decreased,-78.28999999999999,-75.63442123000698
2026-07-12,Global City Virar West,0,flat,-124.16000000000003,-182.67892846977574
2026-07-12,Global City Virar West,0,increased,909.14,908.8358447966829
2026-07-12,Goregaon,1,decreased,-243.81999999999996,-311.88904877987306
2026-07-12,Goregaon,1,flat,-173.26000000000002,-233.81978184492837
2026-07-12,Goregaon,1,increased,2546.9100000000003,2493.758785419309
2026-07-12,Goregaon West S.V. Road,1,decreased,-215.3900000000001,-226.0915393866852
2026-07-12,Goregaon West S.V. Road,1,flat,-132.87000000000012,-122.32900921297133
2026-07-12,Goregaon West S.V. Road,1,increased,1071.87,1035.4937566083513
2026-07-12,Govandi,0,decreased,-98.57999999999994,-99.84066866829237
2026-07-12,Govandi,0,flat,-12.42000000000004,-120.50404774247411
2026-07-12,Govandi,0,increased,2533.0,2370.2093627752593
2026-07-12,Gujrat Colony Kothrud,0,decreased,-98.43,-97.20614160065965
2026-07-12,Gujrat Colony Kothrud,0,flat,-802.5600000000001,-812.4310102694117
2026-07-12,Gujrat Colony Kothrud,0,increased,568.3700000000001,499.45306885045017
2026-07-12,Gulab Nagar Pune,0,decreased,-6.479999999999997,-9.287995301017807
2026-07-12,Gulab Nagar Pune,0,flat,27.56000000000008,-56.48276088603992
2026-07-12,Gulab Nagar Pune,0,increased,1058.9499999999998,1052.3673707689304
2026-07-12,Hari Om Nagar,0,decreased,-111.54999999999998,-101.89733663849071
2026-07-12,Hari Om Nagar,0,flat,66.35000000000004,10.432371291924067
2026-07-12,Hari Om Nagar,0,increased,1384.3300000000002,1408.542134641883
2026-07-12,Hiltron Ulhasnagar,0,decreased,-479.12999999999994,-291.294273761181
2026-07-12,Hiltron Ulhasnagar,0,flat,-63.50999999999999,-70.72061039299922
2026-07-12,Hiltron Ulhasnagar,0,increased,905.66,665.1658924956322
2026-07-12,Hiranandani Thane,0,decreased,-199.82999999999993,-227.28270472739817
2026-07-12,Hiranandani Thane,0,flat,-178.10999999999987,-316.394723744148
2026-07-12,Hiranandani Thane,0,increased,2360.84,2365.8946552280727
2026-07-12,IC Colony Borivali,0,decreased,-215.10999999999999,-179.77954152403078
2026-07-12,IC Colony Borivali,0,flat,6.0599999999999845,-40.59877899611723
2026-07-12,IC Colony Borivali,0,increased,2030.9199999999998,1969.5023703803208
2026-07-12,JB Nagar,0,decreased,-582.87,-584.3897762366893
2026-07-12,JB Nagar,0,flat,-140.70999999999975,-136.98162268820832
2026-07-12,JB Nagar,0,increased,2707.1300000000006,2495.007176546799
2026-07-12,JJ Hospital,0,decreased,-231.31,-228.81980091748952
2026-07-12,JJ Hospital,0,flat,-89.67,-309.2419124122059
2026-07-12,JJ Hospital,0,increased,2177.89,2163.9087605179193
2026-07-12,Jagruti Nagar Ghatkopar,0,decreased,-142.57999999999993,-140.7524420586639
2026-07-12,Jagruti Nagar Ghatkopar,0,flat,39.80999999999998,-41.375090711651524
2026-07-12,Jagruti Nagar Ghatkopar,0,increased,1168.74,1096.3515684266113
2026-07-12,Jail Road Nashik,0,decreased,-50.47999999999999,-33.55385343130428
2026-07-12,Jail Road Nashik,0,flat,-48.69,-135.80726840572603
2026-07-12,Jail Road Nashik,0,increased,317.1600000000001,242.41000530036843
2026-07-12,Jay VIjay Nagar Nalasopara East,0,decreased,-69.18,-74.19241717469924
2026-07-12,Jay VIjay Nagar Nalasopara East,0,flat,109.20999999999982,-226.9724565392833
2026-07-12,Jay VIjay Nagar Nalasopara East,0,increased,780.9,773.4415852220985
2026-07-12,Kalamboli,0,decreased,-111.16999999999996,-108.18320199664022
2026-07-12,Kalamboli,0,flat,-15.220000000000063,37.26839544383722
2026-07-12,Kalamboli,0,increased,1261.8700000000001,1270.324980640396
2026-07-12,Kalher Bhiwandi,0,decreased,-419.7799999999999,-386.8095043313019
2026-07-12,Kalher Bhiwandi,0,flat,-115.20999999999991,-585.7120935308702
2026-07-12,Kalher Bhiwandi,0,increased,2362.96,2226.6807049283657
2026-07-12,Kalina,0,decreased,-50.25999999999999,-51.81456719544556
2026-07-12,Kalina,0,flat,-6.520000000000053,48.346085187159034
2026-07-12,Kalina,0,increased,1679.73,1679.5189009282076
2026-07-12,Kalwa,0,decreased,-653.46,-499.13592740277306
2026-07-12,Kalwa,0,flat,-4.4799999999999685,-118.48702167654659
2026-07-12,Kalwa,0,increased,3626.41,3537.218700075675
2026-07-12,Kalyan,0,decreased,-99.47,-99.04326089641575
2026-07-12,Kalyan,0,flat,-20.44,-282.42230729229726
2026-07-12,Kalyan,0,increased,859.2100000000002,835.2209428258899
2026-07-12,Kalyan - DB Chowk,0,decreased,-122.53000000000003,-114.1066082948985
2026-07-12,Kalyan - DB Chowk,0,flat,-47.670000000000016,152.27908023199558
2026-07-12,Kalyan - DB Chowk,0,increased,855.1700000000001,820.2774450152058
2026-07-12,Kalyan East-Tisgaon Naka,0,decreased,-409.25,-412.68189304833817
2026-07-12,Kalyan East-Tisgaon Naka,0,flat,-119.2099999999999,-56.835988769029186
2026-07-12,Kalyan East-Tisgaon Naka,0,increased,1260.5800000000002,1330.833930520995
2026-07-12,Kalyan West Club Road,0,decreased,-265.76,-236.84180999999998
2026-07-12,Kalyan West Club Road,0,flat,5.109999999999957,108.78557149348192
2026-07-12,Kalyan West Club Road,0,increased,1021.23,1063.2603539959055
2026-07-12,Kamotha,0,decreased,-220.4200000000001,-219.39155780049464
2026-07-12,Kamotha,0,flat,-18.08999999999996,-298.715775958283
2026-07-12,Kamotha,0,increased,2506.51,2403.6224628398736
2026-07-12,Kamothe - Sector 36,0,decreased,-51.23999999999999,-14.59124589878471
2026-07-12,Kamothe - Sector 36,0,flat,170.79000000000016,-179.52013075856226
2026-07-12,Kamothe - Sector 36,0,increased,856.1800000000001,850.5577597371843
2026-07-12,Kandivali East,0,decreased,-133.72999999999996,-86.60933700937389
2026-07-12,Kandivali East,0,flat,26.750000000000036,33.96965819654491
2026-07-12,Kandivali East,0,increased,796.0400000000001,802.4905994389404
2026-07-12,Kandivali West,0,decreased,-44.25999999999998,-44.210075002097064
2026-07-12,Kandivali West,0,flat,-39.03999999999995,-56.002230556604246
2026-07-12,Kandivali West,0,increased,412.06000000000006,416.0448244424763
2026-07-12,Kasarvadavali Thane,0,decreased,-154.80999999999992,-152.13789056590045
2026-07-12,Kasarvadavali Thane,0,flat,-80.56999999999996,-71.1099246169638
2026-07-12,Kasarvadavali Thane,0,increased,1294.65,1203.7836972973228
2026-07-12,Katrap Badlapur East,0,decreased,-72.57000000000002,-74.29900492749442
2026-07-12,Katrap Badlapur East,0,flat,-8.370000000000005,56.81822999732627
2026-07-12,Katrap Badlapur East,0,increased,460.88,489.4103511249896
2026-07-12,Khadki Pune,0,decreased,-48.11,-31.338736684107236
2026-07-12,Khadki Pune,0,flat,-53.49000000000001,-188.2666364489606
2026-07-12,Khadki Pune,0,increased,815.98,860.262965291307
2026-07-12,Khanda Colony,1,decreased,-125.05,-100.60330949213895
2026-07-12,Khanda Colony,1,flat,-229.11999999999998,-169.75096777084414
2026-07-12,Khanda Colony,1,increased,1114.19,1093.6750275676204
2026-07-12,Khar West,1,decreased,-25.460000000000022,-35.086135078086414
2026-07-12,Khar West,1,flat,47.579999999999956,-58.67972832801349
2026-07-12,Khar West,1,increased,1055.26,1082.0139057203714
2026-07-12,Kharghar,0,decreased,-334.56,-322.01758439224045
2026-07-12,Kharghar,0,flat,-134.6,53.90124556269771
2026-07-12,Kharghar,0,increased,2431.2200000000003,2431.533208813323
2026-07-12,Kharghar Sector 12,0,decreased,-86.08000000000001,-69.1569319638694
2026-07-12,Kharghar Sector 12,0,flat,708.7900000000002,-271.4642599840397
2026-07-12,Kharghar Sector 12,0,increased,1195.3799999999999,1242.2145140741534
2026-07-12,Khopat,0,decreased,-121.99999999999999,-129.3627436246935
2026-07-12,Khopat,0,flat,-78.15999999999994,-93.81009302805732
2026-07-12,Khopat,0,increased,1854.29,1659.1677478584081
2026-07-12,Khutwad Nagar Nashik,0,decreased,-209.14,-194.51191428456104
2026-07-12,Khutwad Nagar Nashik,0,flat,14.290000000000038,37.26123927451877
2026-07-12,Khutwad Nagar Nashik,0,increased,707.7800000000001,527.7431848429056
2026-07-12,Kolsheth,0,decreased,-283.90999999999974,-347.8436348897664
2026-07-12,Kolsheth,0,flat,-200.59000000000017,-270.339165953232
2026-07-12,Kolsheth,0,increased,3307.75,3319.0187523266854
2026-07-12,Kopar Khairane,0,decreased,-398.63999999999993,-293.98827632571664
2026-07-12,Kopar Khairane,0,flat,-513.4899999999999,-103.98400810741863
2026-07-12,Kopar Khairane,0,increased,2677.5299999999997,2491.54891010177
2026-07-12,Kopari Thane,0,decreased,-439.0300000000001,-407.48272509713826
2026-07-12,Kopari Thane,0,flat,-741.0500000000002,-632.3321816997855
2026-07-12,Kopari Thane,0,increased,956.1600000000003,1262.2042191657824
2026-07-12,Koper Khairane - Sector 7,0,decreased,-188.67999999999995,-191.83790891797605
2026-07-12,Koper Khairane - Sector 7,0,flat,-81.18,29.163916899263064
2026-07-12,Koper Khairane - Sector 7,0,increased,1090.69,1001.9417906751463
2026-07-12,Kulgaon Badlapur West,0,decreased,-190.53999999999994,-195.34220267732098
2026-07-12,Kulgaon Badlapur West,0,flat,-70.37000000000002,-15.955005336126934
2026-07-12,Kulgaon Badlapur West,0,increased,2377.6200000000003,2271.4514049837985
2026-07-12,Kurla,0,decreased,-74.68999999999998,-56.79975509745128
2026-07-12,Kurla,0,flat,331.28999999999985,239.70568015171284
2026-07-12,Kurla,0,increased,1340.07,1305.2341487526337
2026-07-12,Kurla West,0,decreased,-528.8799999999999,-531.92605663804
2026-07-12,Kurla West,0,flat,-84.80000000000013,115.64701962172708
2026-07-12,Kurla West,0,increased,1849.92,1912.8112268193847
2026-07-12,Lower Parel - SJ Marg,0,decreased,-104.96999999999998,-97.8941784536102
2026-07-12,Lower Parel - SJ Marg,0,flat,49.74999999999996,-71.94580535779801
2026-07-12,Lower Parel - SJ Marg,0,increased,473.98,453.9127141650571
2026-07-12,Mahakali,0,decreased,-167.94000000000003,-170.4479190983451
2026-07-12,Mahakali,0,flat,-233.80999999999995,-289.932831925231
2026-07-12,Mahakali,0,increased,3392.69,3201.948107759093
2026-07-12,Mahavir Pride Dombivali,0,decreased,-305.1,-313.428727963717
2026-07-12,Mahavir Pride Dombivali,0,flat,4017.8699999999994,132.01551856002357
2026-07-12,Mahavir Pride Dombivali,0,increased,1569.0600000000002,1478.967724149231
2026-07-12,Mahim West,0,decreased,-177.03999999999996,-200.60582590078286
2026-07-12,Mahim West,0,flat,19.829999999999988,-106.36711824430604
2026-07-12,Mahim West,0,increased,836.8000000000001,824.7086144362252
2026-07-12,Malad,0,decreased,-305.5399999999999,-342.64500294739935
2026-07-12,Malad,0,flat,33.530000000000115,32.90540851067548
2026-07-12,Malad,0,increased,1641.5900000000001,1623.7517023628286
2026-07-12,Malad Liberty Garden,0,decreased,-120.56999999999994,-126.56032778982723
2026-07-12,Malad Liberty Garden,0,flat,46.85999999999997,-76.97904084718692
2026-07-12,Malad Liberty Garden,0,increased,1243.25,1205.4196713074543
2026-07-12,Malwani,0,decreased,-283.65999999999997,-256.91476168314034
2026-07-12,Malwani,0,flat,59.71999999999977,426.03650017563956
2026-07-12,Malwani,0,increased,874.2,894.2782131240224
2026-07-12,Marol,0,decreased,-430.77,-384.79435701482066
2026-07-12,Marol,0,flat,-115.97999999999976,66.63097293068057
2026-07-12,Marol,0,increased,3063.09,3049.1014613345033
2026-07-12,Mharal Ulhasnagar,0,decreased,-284.94,-250.9606105363739
2026-07-12,Mharal Ulhasnagar,0,flat,24.130000000000013,-19.664525523454177
2026-07-12,Mharal Ulhasnagar,0,increased,1340.4199999999998,1311.35343163827
2026-07-12,Mhasrul Nashik,0,decreased,-139.28,-231.51099955734273
2026-07-12,Mhasrul Nashik,0,flat,-158.98999999999998,-117.8393121441625
2026-07-12,Mhasrul Nashik,0,increased,498.81,486.93591926273626
2026-07-12,Mira Road,0,decreased,-90.77999999999999,-93.61496166907381
2026-07-12,Mira Road,0,flat,271.3499999999999,-281.7288585476282
2026-07-12,Mira Road,0,increased,1333.3000000000002,1264.815540964542
2026-07-12,Mira Road - GCC Club Road,0,decreased,-65.97000000000003,-65.90985760653338
2026-07-12,Mira Road - GCC Club Road,0,flat,-358.31999999999994,-490.61322622650584
2026-07-12,Mira Road - GCC Club Road,0,increased,635.61,614.4636266454903
2026-07-12,Mira Road Jangid Complex,0,decreased,-105.25999999999995,-103.27182818950654
2026-07-12,Mira Road Jangid Complex,0,flat,45.48000000000002,-18.25599802264602
2026-07-12,Mira Road Jangid Complex,0,increased,1578.5500000000002,1544.0824214323682
2026-07-12,Mohan Nagar Kandivali,0,decreased,-159.98,-137.48993267793648
2026-07-12,Mohan Nagar Kandivali,0,flat,-1.2099999999999298,117.97820425369224
2026-07-12,Mohan Nagar Kandivali,0,increased,1161.24,1132.7273712334325
2026-07-12,Mulund East,0,decreased,-278.0299999999998,-286.97283884570004
2026-07-12,Mulund East,0,flat,-188.65,-187.98848735243192
2026-07-12,Mulund East,0,increased,2800.75,2785.1813578634915
2026-07-12,Mulund Panch Rasta,0,decreased,-290.8199999999999,-281.5927833611206
2026-07-12,Mulund Panch Rasta,0,flat,-43.670000000000115,-26.64862835408391
2026-07-12,Mulund Panch Rasta,0,increased,1360.7900000000004,1310.0567648208578
2026-07-12,Mulund West,0,decreased,-101.75999999999998,-23.949826614866843
2026-07-12,Mulund West,0,flat,-1.4999999999999396,-38.92497031035545
2026-07-12,Mulund West,0,increased,2028.9199999999998,2033.3642437541814
2026-07-12,Mulund West-Sarvodaya Nagar,0,decreased,-34.30999999999997,-56.75344526002567
2026-07-12,Mulund West-Sarvodaya Nagar,0,flat,23.8199999999999,109.30321145492209
2026-07-12,Mulund West-Sarvodaya Nagar,0,increased,1854.21,1822.4718821282418
2026-07-12,Mundhwa Pune,0,decreased,-33.61999999999999,-37.19355301044383
2026-07-12,Mundhwa Pune,0,flat,-7.189999999999998,34.993089132036985
2026-07-12,Mundhwa Pune,0,increased,505.99,431.20512504708057
2026-07-12,NIBM Kondwa,0,decreased,-105.27999999999999,-96.06199008756083
2026-07-12,NIBM Kondwa,0,flat,-77.31999999999987,48.77656449989947
2026-07-12,NIBM Kondwa,0,increased,1472.29,1486.131976588719
2026-07-12,Nahur West,0,decreased,-298.78000000000003,-320.55147706373543
2026-07-12,Nahur West,0,flat,238.42000000000002,137.2302861906788
2026-07-12,Nahur West,0,increased,1282.89,1329.12255874036
2026-07-12,Nalasopara - Yashwant Nagar,0,decreased,-79.10000000000001,-81.30063745216458
2026-07-12,Nalasopara - Yashwant Nagar,0,flat,-1.1400000000000041,-127.43924633689844
2026-07-12,Nalasopara - Yashwant Nagar,0,increased,1085.9300000000003,833.4039420068084
2026-07-12,Nalasopara West,0,decreased,-184.57999999999998,-175.45307742981757
2026-07-12,Nalasopara West,0,flat,172.76999999999992,-70.24768035087503
2026-07-12,Nalasopara West,0,increased,1873.9100000000003,1818.6233910017402
2026-07-12,Narhe Pune,0,decreased,-204.5299999999999,598.5887147379954
2026-07-12,Narhe Pune,0,flat,-11.369999999999955,-35.48942503152803
2026-07-12,Narhe Pune,0,increased,450.02,398.56807696971555
2026-07-12,Naupada,0,decreased,-70.78999999999998,-64.50262141402752
2026-07-12,Naupada,0,flat,-182.86999999999995,-218.7785079658895
2026-07-12,Naupada,0,increased,2392.65,2527.694086058113
2026-07-12,Navare Nagar Ambernath,0,decreased,-201.2599999999999,-168.18522955685611
2026-07-12,Navare Nagar Ambernath,0,flat,-106.97999999999996,-130.0150123170157
2026-07-12,Navare Nagar Ambernath,0,increased,954.25,891.7841191461304
2026-07-12,Navi Peth Pune,0,decreased,-88.91000000000001,-70.42734610296012
2026-07-12,Navi Peth Pune,0,flat,-166.39000000000004,-109.73441934100866
2026-07-12,Navi Peth Pune,0,increased,953.6400000000001,893.2780594999834
2026-07-12,Navjeevan Mumbai Central,0,decreased,-196.17000000000002,-192.42930896282363
2026-07-12,Navjeevan Mumbai Central,0,flat,-48.78000000000021,-25.683703268517668
2026-07-12,Navjeevan Mumbai Central,0,increased,1307.8300000000002,1352.9293064391336
2026-07-12,Nerul East,0,decreased,-159.97999999999996,-141.02694805231764
2026-07-12,Nerul East,0,flat,335.48000000000025,-58.26261748277921
2026-07-12,Nerul East,0,increased,1577.3500000000001,1463.8932348263086
2026-07-12,Nerul West,0,decreased,-117.94,-115.74991256763963
2026-07-12,Nerul West,0,flat,-42.74000000000005,92.07980315026613
2026-07-12,Nerul West,0,increased,1389.89,1385.215083207217
2026-07-12,New Panvel,0,decreased,-88.49000000000001,-71.04264785088577
2026-07-12,New Panvel,0,flat,25.36999999999992,76.47243012559542
2026-07-12,New Panvel,0,increased,1513.06,1468.021429092558
2026-07-12,Old Panvel,0,decreased,-223.67,-223.54486319741775
2026-07-12,Old Panvel,0,flat,-246.38000000000056,-26.991469924191975
2026-07-12,Old Panvel,0,increased,921.85,869.706232637409
2026-07-12,Palegaon Ambernath,0,decreased,-151.66,-163.3158461447199
2026-07-12,Palegaon Ambernath,0,flat,-53.079999999999984,-46.478310326885186
2026-07-12,Palegaon Ambernath,0,increased,562.14,562.272291841635
2026-07-12,Panchpakhadi,0,decreased,-230.93,-186.63080793584774
2026-07-12,Panchpakhadi,0,flat,15.939999999999987,-297.5756026874923
2026-07-12,Panchpakhadi,0,increased,2415.06,2378.5387794399626
2026-07-12,Pantnagar,0,decreased,-93.78999999999998,-89.87124798729164
2026-07-12,Pantnagar,0,flat,234.40000000000003,1.4395547094489185
2026-07-12,Pantnagar,0,increased,1003.57,1008.5513817321389
2026-07-12,Panvel - Uran Naka,0,decreased,-421.74,-414.5584413184227
2026-07-12,Panvel - Uran Naka,0,flat,-49.84000000000001,-10.58367669981837
2026-07-12,Panvel - Uran Naka,0,increased,725.6000000000001,704.6395197536642
2026-07-12,Phadke Road - Dombivali,0,decreased,-118.35000000000005,-115.33433955795638
2026-07-12,Phadke Road - Dombivali,0,flat,-87.22999999999999,-134.78813219023505
2026-07-12,Phadke Road - Dombivali,0,increased,1413.4699999999998,1415.229514835726
2026-07-12,Pimple Gurav,0,decreased,-46.81,-46.749857606533354
2026-07-12,Pimple Gurav,0,flat,-187.82,-561.1724381039618
2026-07-12,Pimple Gurav,0,increased,1397.5500000000002,1359.02630922497
2026-07-12,Prabhadevi,0,decreased,-106.02999999999997,-96.02731559408414
2026-07-12,Prabhadevi,0,flat,7.119999999999976,28.915477019676857
2026-07-12,Prabhadevi,0,increased,1368.69,1356.158762579216
2026-07-12,Pragati Nagar Nalasopara East,0,decreased,-258.0,-257.7034645915347
2026-07-12,Pragati Nagar Nalasopara East,0,flat,-89.87000000000006,-155.50708589017015
2026-07-12,Pragati Nagar Nalasopara East,0,increased,822.9100000000001,826.1567549413915
2026-07-12,Rajawadi,0,decreased,-109.86999999999998,-110.24288170159627
2026-07-12,Rajawadi,0,flat,-68.38000000000008,-2.631408481143609
2026-07-12,Rajawadi,0,increased,1241.77,1213.2295964579357
2026-07-12,Roadpali Kalamboli,0,decreased,-333.74,-333.64008237850226
2026-07-12,Roadpali Kalamboli,0,flat,-6.490000000000077,27.420062381332787
2026-07-12,Roadpali Kalamboli,0,increased,684.5200000000001,704.1082513403193
2026-07-12,Rupee Nagar Pune,0,decreased,-205.90000000000006,-272.9263350668513
2026-07-12,Rupee Nagar Pune,0,flat,5.829999999999977,-51.86878278604891
2026-07-12,Rupee Nagar Pune,0,increased,344.03,351.649337599282
2026-07-12,Saibaba Nagar,0,decreased,-88.06999999999998,-81.08973020823774
2026-07-12,Saibaba Nagar,0,flat,-12.150000000000025,-8.090064811788357
2026-07-12,Saibaba Nagar,0,increased,815.9399999999999,850.1743695137036
2026-07-12,Sakinaka - Pipeline Road,0,decreased,-551.23,-548.1286380819121
2026-07-12,Sakinaka - Pipeline Road,0,flat,-413.17000000000024,-381.5188658887546
2026-07-12,Sakinaka - Pipeline Road,0,increased,949.6500000000001,874.9961811068325
2026-07-12,Sanpada,1,decreased,-248.20999999999987,-17.16691807940574
2026-07-12,Sanpada,1,flat,-43.420000000000044,-131.33808113827214
2026-07-12,Sanpada,1,increased,2591.17,2613.274545892171
2026-07-12,Santa Cruz SV Road,0,decreased,-51.370000000000005,-57.053178838817914
2026-07-12,Santa Cruz SV Road,0,flat,3.0500000000000025,83.88589409581559
2026-07-12,Santa Cruz SV Road,0,increased,1129.1100000000001,1060.9665800135526
2026-07-12,"Santoshi Mata Road, Kalyan West",0,decreased,-99.79999999999998,-95.00971427787914
2026-07-12,"Santoshi Mata Road, Kalyan West",0,flat,-148.4000000000001,-74.83191388077223
2026-07-12,"Santoshi Mata Road, Kalyan West",0,increased,852.4900000000001,849.0798684504983
2026-07-12,Sasane Nagar Pune,1,decreased,-54.28,-53.26461078641414
2026-07-12,Sasane Nagar Pune,1,flat,-9.93999999999998,-9.894119167616282
2026-07-12,Sasane Nagar Pune,1,increased,567.63,558.5383982350154
2026-07-12,Seawoods,0,decreased,-176.14000000000004,-182.113259755236
2026-07-12,Seawoods,0,flat,-288.03999999999996,-139.19395758331083
2026-07-12,Seawoods,0,increased,1715.8100000000004,1755.5686442997276
2026-07-12,Sector 3 - New Panvel,0,decreased,-249.77999999999994,-164.65281231063878
2026-07-12,Sector 3 - New Panvel,0,flat,-65.97999999999992,5.707509188352976
2026-07-12,Sector 3 - New Panvel,0,increased,907.8800000000001,834.2601454307573
2026-07-12,Shanti Nagar Mira Road,0,decreased,-193.76999999999998,-163.21131233403645
2026-07-12,Shanti Nagar Mira Road,0,flat,-30.439999999999976,-44.11342699024846
2026-07-12,Shanti Nagar Mira Road,0,increased,706.5400000000001,697.7451196497673
2026-07-12,Shirgaon Badlapur,0,decreased,-258.96,-247.85672231167035
2026-07-12,Shirgaon Badlapur,0,flat,-41.55000000000001,147.2590665467207
2026-07-12,Shirgaon Badlapur,0,increased,1071.46,1002.3063978975915
2026-07-12,Shivaji Nagar Pune,0,decreased,-24.539999999999985,-24.18613795683453
2026-07-12,Shivaji Nagar Pune,0,flat,14.509999999999991,13.064124755497383
2026-07-12,Shivaji Nagar Pune,0,increased,1277.17,1210.3629819535388
2026-07-12,Shreenagar,0,decreased,-490.79999999999995,-447.38215094897237
2026-07-12,Shreenagar,0,flat,88.75000000000009,22.130906445544156
2026-07-12,Shreenagar,0,increased,2160.48,2069.3810123596145
2026-07-12,Shriprastha Nalasopara West,0,decreased,-106.06000000000002,-95.31997912785313
2026-07-12,Shriprastha Nalasopara West,0,flat,67.06000000000012,-51.25429536174512
2026-07-12,Shriprastha Nalasopara West,0,increased,1099.99,1133.732574118994
2026-07-12,Sion Koliwada,0,decreased,-269.13,-233.9275624452983
2026-07-12,Sion Koliwada,0,flat,-37.68,-4.181552256041423
2026-07-12,Sion Koliwada,0,increased,2538.9,2023.6865346977243
2026-07-12,Thakur Complex,0,decreased,-193.75000000000003,-133.2395524026029
2026-07-12,Thakur Complex,0,flat,35.62000000000004,-23.9195190568048
2026-07-12,Thakur Complex,0,increased,1555.0600000000002,1514.5501985462752
2026-07-12,Thergaon,0,decreased,-188.11999999999992,-188.42611273298448
2026-07-12,Thergaon,0,flat,-33.96999999999997,71.40997790056227
2026-07-12,Thergaon,0,increased,354.93999999999994,361.4615576881428
2026-07-12,Tilak Road Pune,0,decreased,-59.999999999999986,-62.90936134117686
2026-07-12,Tilak Road Pune,0,flat,-125.47999999999992,-155.4162132232288
2026-07-12,Tilak Road Pune,0,increased,1249.93,1243.3838348388842
2026-07-12,Tilaknagar,0,decreased,-199.95,-199.07250849921047
2026-07-12,Tilaknagar,0,flat,-108.71,-167.57649917394502
2026-07-12,Tilaknagar,0,increased,1594.5400000000002,1603.225128854524
2026-07-12,Titwala,0,decreased,-33.06999999999997,-243.44111863782575
2026-07-12,Titwala,0,flat,13.890000000000022,112.03385651688284
2026-07-12,Titwala,0,increased,1549.97,1446.5090542198589
2026-07-12,Trimurti Chowk Nashik,0,decreased,-19.950000000000017,-19.148610062893102
2026-07-12,Trimurti Chowk Nashik,0,flat,54.37000000000006,69.83658402352974
2026-07-12,Trimurti Chowk Nashik,0,increased,401.19,406.5126217669952
2026-07-12,Ulhas Nagar - Shahad,0,decreased,-399.53999999999996,-368.6339042933886
2026-07-12,Ulhas Nagar - Shahad,0,flat,162.61,41.14522564177378
2026-07-12,Ulhas Nagar - Shahad,0,increased,851.5600000000001,809.3931173476985
2026-07-12,Ulhas Nagar - Shreeram Chowk,0,decreased,-260.06999999999994,-282.634791980702
2026-07-12,Ulhas Nagar - Shreeram Chowk,0,flat,-12.86,12.787791447151003
2026-07-12,Ulhas Nagar - Shreeram Chowk,0,increased,379.2000000000001,380.108190522628
2026-07-12,Ulhasnagar,0,decreased,-280.56999999999994,-265.6643261307559
2026-07-12,Ulhasnagar,0,flat,-100.96000000000002,-2.9458726694677386
2026-07-12,Ulhasnagar,0,increased,1993.73,2045.961841856349
2026-07-12,Ulhasnagar - Humlog Circle,0,decreased,-236.10999999999996,-236.4221381371532
2026-07-12,Ulhasnagar - Humlog Circle,0,flat,330.3500000000001,-83.52392141701813
2026-07-12,Ulhasnagar - Humlog Circle,0,increased,735.32,685.5394253004802
2026-07-12,Ulhasnagar - Khemani Chowk,0,decreased,-295.18999999999994,-283.95096590475254
2026-07-12,Ulhasnagar - Khemani Chowk,0,flat,35.00000000000003,-27.009170939953528
2026-07-12,Ulhasnagar - Khemani Chowk,0,increased,840.28,855.3245764329334
2026-07-12,Ulhasnagar Sector 4,0,decreased,-148.22999999999996,-132.28232565502609
2026-07-12,Ulhasnagar Sector 4,0,flat,-126.39999999999993,28.782099816570913
2026-07-12,Ulhasnagar Sector 4,0,increased,1737.1999999999998,1656.620913895854
2026-07-12,Ulwe-Navi Mumbai,0,decreased,-464.0099999999999,-452.6725730600488
2026-07-12,Ulwe-Navi Mumbai,0,flat,20.579999999999984,-193.44616908002612
2026-07-12,Ulwe-Navi Mumbai,0,increased,1657.39,1640.5093048916372
2026-07-12,Vakola,0,decreased,-57.749999999999986,-37.654108012219396
2026-07-12,Vakola,0,flat,40.530000000000015,20.114297704782075
2026-07-12,Vakola,0,increased,830.61,785.5554882005655
2026-07-12,Vasai West - Station Road,0,decreased,-259.1600000000001,-296.9176844421351
2026-07-12,Vasai West - Station Road,0,flat,-25.200000000000273,148.09045032840564
2026-07-12,Vasai West - Station Road,0,increased,737.5799999999999,696.8118694583468
2026-07-12,Vashi,0,decreased,-429.07,-390.5955151060596
2026-07-12,Vashi,0,flat,-367.2900000000001,-303.2416689583071
2026-07-12,Vashi,0,increased,2805.36,2629.9470602763386
2026-07-12,Vashi Sector 11,0,decreased,-119.82999999999998,-217.48240325562642
2026-07-12,Vashi Sector 11,0,flat,4002.97,258.4184560942572
2026-07-12,Vashi Sector 11,0,increased,1194.88,1142.0455017803004
2026-07-12,Veenanagar,0,decreased,-103.61999999999996,-89.06690865526407
2026-07-12,Veenanagar,0,flat,-79.97,46.241798772174505
2026-07-12,Veenanagar,0,increased,1188.78,1187.7229390709122
2026-07-12,Versova - Yari Road,0,decreased,-181.98999999999995,-185.8009990595724
2026-07-12,Versova - Yari Road,0,flat,-56.719999999999985,-17.570371633598327
2026-07-12,Versova - Yari Road,0,increased,1151.97,893.1952800369952
2026-07-12,Versova Andheri,0,decreased,-66.61000000000001,-47.73504293739966
2026-07-12,Versova Andheri,0,flat,-25.859999999999864,-168.36238299785288
2026-07-12,Versova Andheri,0,increased,1712.5700000000002,1672.834619662374
2026-07-12,Vijay Nagari - Thane,0,decreased,-221.26999999999998,-220.44207405942683
2026-07-12,Vijay Nagari - Thane,0,flat,49.54000000000026,63.2432457763053
2026-07-12,Vijay Nagari - Thane,0,increased,2236.7000000000003,2091.6831766992123
2026-07-12,Vikhroli,0,decreased,-653.28,-625.7309665344324
2026-07-12,Vikhroli,0,flat,119.6999999999999,-130.15729760413595
2026-07-12,Vikhroli,0,increased,4305.3,4197.825936763816
2026-07-12,Vikhroli Kannamwar,0,decreased,-441.7,-451.7341145685402
2026-07-12,Vikhroli Kannamwar,0,flat,-173.33999999999997,-207.44951775026473
2026-07-12,Vikhroli Kannamwar,0,increased,1333.75,1348.213894727807
2026-07-12,Vile Parle,0,decreased,-143.98000000000002,-153.12296058992285
2026-07-12,Vile Parle,0,flat,56.9,25.580326593822655
2026-07-12,Vile Parle,0,increased,1248.2700000000002,1208.2855365239543
2026-07-12,Virar East,0,decreased,-179.16999999999996,-127.24805771364572
2026-07-12,Virar East,0,flat,-124.23000000000005,-47.457936791147404
2026-07-12,Virar East,0,increased,2138.48,2067.538982688953
2026-07-12,Virar West,0,decreased,-172.94,-139.24093337754312
2026-07-12,Virar West,0,flat,-252.77000000000015,-160.11770727858735
2026-07-12,Virar West,0,increased,1499.5199999999998,1509.6403683261087
2026-07-12,Wadgaon Budruk Pune,0,decreased,-65.00000000000006,-38.70777189224772
2026-07-12,Wadgaon Budruk Pune,0,flat,183.50000000000006,-8.75084883390803
2026-07-12,Wadgaon Budruk Pune,0,increased,890.75,798.9426439686686
2026-07-12,Wadgaon Sheri,0,decreased,-200.47000000000003,-184.6696704172001
2026-07-12,Wadgaon Sheri,0,flat,-680.8999999999994,-407.33302082460796
2026-07-12,Wadgaon Sheri,0,increased,1006.6200000000001,945.6213020563746
2026-07-12,Wadgaon Sheri-Old Mundhwa Rd,0,decreased,-89.4000000000001,153.75619431165467
2026-07-12,Wadgaon Sheri-Old Mundhwa Rd,0,flat,-155.66000000000008,-379.245359124844
2026-07-12,Wadgaon Sheri-Old Mundhwa Rd,0,increased,1145.57,940.3621196773618
2026-07-12,Wanawadi Pune,0,decreased,-126.32000000000001,-137.5026330493348
2026-07-12,Wanawadi Pune,0,flat,-256.41999999999996,-226.15116116953843
2026-07-12,Wanawadi Pune,0,increased,812.1999999999999,832.5762248969548
2026-07-12,Warje Pune,0,decreased,-178.19000000000005,-163.54122007602658
2026-07-12,Warje Pune,0,flat,-111.56999999999996,-126.18479040537136
2026-07-12,Warje Pune,0,increased,783.8100000000001,762.875391606793
2026-07-12,Wayale Nagar,0,decreased,-201.28,-161.01541267117838
2026-07-12,Wayale Nagar,0,flat,-58.369999999999976,-71.83443667152643
2026-07-12,Wayale Nagar,0,increased,1589.78,1538.4847422881526
2026-07-12,Yashodhan,0,decreased,-497.43,-500.66970936642736
2026-07-12,Yashodhan,0,flat,-305.10000000000014,-404.58888150328414
2026-07-12,Yashodhan,0,increased,3942.4,3789.499934196018
2026-07-12,Yogi Nagar,0,decreased,-66.16999999999999,-31.147664202530617
2026-07-12,Yogi Nagar,0,flat,-17.43000000000004,22.532104355447945
2026-07-12,Yogi Nagar,0,increased,1232.6,1190.3633291551396
2026-07-12,Yogidham Kalyan,0,decreased,-113.89999999999992,-101.1601339739025
2026-07-12,Yogidham Kalyan,0,flat,-431.82200000000006,-331.48252939623507
2026-07-12,Yogidham Kalyan,0,increased,695.3718,672.1907313844623
2026-07-13,7 Rasta Byculla,0,decreased,-120.89999999999985,-95.12162203784186
2026-07-13,7 Rasta Byculla,0,flat,49.34999999999999,-87.81536715759157
2026-07-13,7 Rasta Byculla,0,increased,1451.0900000000001,1444.8369246163916
2026-07-13,Airoli,0,decreased,-155.01,-157.90565854133087
2026-07-13,Airoli,0,flat,522.7100000000002,-46.384554494023014
2026-07-13,Airoli,0,increased,3346.85,3190.4818796877007
2026-07-13,Airoli Sector - 3,0,decreased,-181.35999999999996,-101.74469887048977
2026-07-13,Airoli Sector - 3,0,flat,-48.86999999999994,-70.19683190790614
2026-07-13,Airoli Sector - 3,0,increased,1972.3700000000001,1982.2423742723192
2026-07-13,Ambegaon Pune,0,decreased,-161.88,-194.0806627707439
2026-07-13,Ambegaon Pune,0,flat,-10.39000000000003,16.795749810056073
2026-07-13,Ambegaon Pune,0,increased,531.66,509.652912757298
2026-07-13,Ambernath East,0,decreased,-179.31,-225.95382309916099
2026-07-13,Ambernath East,0,flat,-68.71,37.40263171353444
2026-07-13,Ambernath East,0,increased,1184.2200000000003,1203.9282237432192
2026-07-13,Ambernath West,0,decreased,-126.19999999999996,-107.36357324297562
2026-07-13,Ambernath West,0,flat,31.609999999999978,-26.780546344503556
2026-07-13,Ambernath West,0,increased,979.38,934.2187939749839
2026-07-13,Ashokvan Dahisar,0,decreased,-453.69000000000005,-437.3902748724712
2026-07-13,Ashokvan Dahisar,0,flat,-156.51000000000002,-110.53146329068556
2026-07-13,Ashokvan Dahisar,0,increased,2009.47,1994.6147909779606
2026-07-13,Badlapur - Belavali,0,decreased,-244.82,-223.94813784090726
2026-07-13,Badlapur - Belavali,0,flat,-60.859999999999985,115.38031772405445
2026-07-13,Badlapur - Belavali,0,increased,659.02,630.870478555548
2026-07-13,Badlapur East,0,decreased,-17.590000000000018,-17.590000000000018
2026-07-13,Badlapur East,0,flat,-28.800000000000058,3.5328678102153006
2026-07-13,Badlapur East,0,increased,1003.98,1411.7197579646622
2026-07-13,Bandra,1,decreased,-377.77,-403.52491102765504
2026-07-13,Bandra,1,flat,8.219999999999864,-245.0835030269639
2026-07-13,Bandra,1,increased,2844.66,2822.288454095679
2026-07-13,Bhandup West,0,decreased,-111.83999999999995,-99.6438238835076
2026-07-13,Bhandup West,0,flat,-238.60000000000008,-311.03706764595705
2026-07-13,Bhandup West,0,increased,2664.33,2570.5469349489945
2026-07-13,Bhayandar,0,decreased,-225.88999999999993,-214.59637827289072
2026-07-13,Bhayandar,0,flat,-21.939999999999998,24.696524156538352
2026-07-13,Bhayandar,0,increased,2113.19,1977.0752462523135
2026-07-13,Bhayander 60 Feet Road,0,decreased,-330.76,-314.7381148065723
2026-07-13,Bhayander 60 Feet Road,0,flat,39.220000000000056,102.53163479714709
2026-07-13,Bhayander 60 Feet Road,0,increased,1347.63,1254.72005917752
2026-07-13,Bhekrainagar Pune,0,decreased,-280.9400000000001,-279.87203409207666
2026-07-13,Bhekrainagar Pune,0,flat,2.8499999999999854,-30.663796454818453
2026-07-13,Bhekrainagar Pune,0,increased,760.99,692.2523499857701
2026-07-13,Bhiwandi - Shivaji Chowk,0,decreased,-329.2899999999999,-303.6359492899826
2026-07-13,Bhiwandi - Shivaji Chowk,0,flat,-264.78000000000003,-369.0991804311069
2026-07-13,Bhiwandi - Shivaji Chowk,0,increased,658.7,691.6057830075803
2026-07-13,Bhiwandi Dhamankar Naka,1,decreased,-296.15,-283.2986665697037
2026-07-13,Bhiwandi Dhamankar Naka,1,flat,-49.56000000000003,-80.31269138214559
2026-07-13,Bhiwandi Dhamankar Naka,1,increased,1383.04,1471.6240764138336
2026-07-13,Bibwewadi Pune,0,decreased,-66.41999999999997,-61.83656749520509
2026-07-13,Bibwewadi Pune,0,flat,-76.23000000000003,-177.7752635969084
2026-07-13,Bibwewadi Pune,0,increased,3121.29,3038.7715978269553
2026-07-13,Bytco Point Nashik,0,decreased,-149.08999999999992,-145.64650897063495
2026-07-13,Bytco Point Nashik,0,flat,-332.46,-119.23146828229048
2026-07-13,Bytco Point Nashik,0,increased,887.5100000000002,807.4960542654574
2026-07-13,CST Bora Bazaar,0,decreased,-216.61,-197.3259659153594
2026-07-13,CST Bora Bazaar,0,flat,-230.6600000000003,-88.19129115723801
2026-07-13,CST Bora Bazaar,0,increased,1853.62,1831.0229983180657
2026-07-13,Chandivali,0,decreased,-354.09,-345.5506820689947
2026-07-13,Chandivali,0,flat,-19.73999999999998,-15.19678948892074
2026-07-13,Chandivali,0,increased,622.1899999999999,572.0152093789742
2026-07-13,Charkop,0,decreased,-87.15999999999994,-55.30011440800078
2026-07-13,Charkop,0,flat,-270.19000000000017,-682.5352408837773
2026-07-13,Charkop,0,increased,1927.8,1988.3064753879132
2026-07-13,Chembur,0,decreased,-175.18999999999994,-157.39826784222043
2026-07-13,Chembur,0,flat,-57.18000000000035,-102.43625923531962
2026-07-13,Chembur,0,increased,3171.96,3043.039258623186
2026-07-13,Chinchwad,1,decreased,-58.40999999999999,-67.61361369618658
2026-07-13,Chinchwad,1,flat,-43.420000000000016,39.76673259812569
2026-07-13,Chinchwad,1,increased,1054.92,1084.0840693943385
2026-07-13,Chinchwad - Gandhi Peth,1,decreased,-311.34999999999997,-304.8311951494951
2026-07-13,Chinchwad - Gandhi Peth,1,flat,-101.77999999999997,-163.12870106589622
2026-07-13,Chinchwad - Gandhi Peth,1,increased,291.61,296.1968886924271
2026-07-13,Cidco Nashik,0,decreased,-154.98999999999998,-146.54633386712462
2026-07-13,Cidco Nashik,0,flat,-143.49999999999994,-294.1153933750747
2026-07-13,Cidco Nashik,0,increased,747.48,726.7065025764366
2026-07-13,Colaba,1,decreased,-151.89,-150.01240936361964
2026-07-13,Colaba,1,flat,-9.630000000000134,-221.3733224742445
2026-07-13,Colaba,1,increased,1045.32,1038.5012793774429
2026-07-13,Dadar East,0,decreased,-37.94,-40.87522477196884
2026-07-13,Dadar East,0,flat,-220.45999999999998,-165.0765300637014
2026-07-13,Dadar East,0,increased,1590.51,1531.6730245609863
2026-07-13,Dahisar,0,decreased,-182.77999999999994,-183.3607481038441
2026-07-13,Dahisar,0,flat,-2.2199999999999065,-74.55299819812024
2026-07-13,Dahisar,0,increased,1856.04,1829.0621352191738
2026-07-13,Dattnagar,0,decreased,-598.76,-613.3314893138332
2026-07-13,Dattnagar,0,flat,-99.24000000000012,-112.43026404417844
2026-07-13,Dattnagar,0,increased,1246.85,1050.55067537835
2026-07-13,Dhanakwadi,0,decreased,-85.05,-72.30997237972733
2026-07-13,Dhanakwadi,0,flat,-54.219999999999914,-183.52132092286863
2026-07-13,Dhanakwadi,0,increased,1162.15,1218.4105712437777
2026-07-13,Dhanori Pune,0,decreased,-113.77000000000001,-41.91605369155784
2026-07-13,Dhanori Pune,0,flat,52.19999999999998,19.003710613735578
2026-07-13,Dhanori Pune,0,increased,944.88,955.5002285520646
2026-07-13,Dhayari Pune,0,decreased,-258.68,-260.7794557197409
2026-07-13,Dhayari Pune,0,flat,-51.65999999999997,-50.15978254487011
2026-07-13,Dhayari Pune,0,increased,982.62,894.0475250593441
2026-07-13,Dighi Pune,1,decreased,-14.129999999999995,-17.76522477196884
2026-07-13,Dighi Pune,1,flat,22.83999999999991,120.57536432994064
2026-07-13,Dighi Pune,1,increased,466.97,473.8025383606298
2026-07-13,Dombivali,0,decreased,-517.97,-504.88815179658616
2026-07-13,Dombivali,0,flat,-48.1399999999998,-188.58948732371823
2026-07-13,Dombivali,0,increased,1545.39,1638.8909219815891
2026-07-13,Dombivali - Navpada,0,decreased,-111.07999999999997,-126.10449161119476
2026-07-13,Dombivali - Navpada,0,flat,85.50999999999998,81.1616702288812
2026-07-13,Dombivali - Navpada,0,increased,1204.56,1283.2966123371812
2026-07-13,Dombivali - Reti Bunder,0,decreased,-143.55,-129.7023581423224
2026-07-13,Dombivali - Reti Bunder,0,flat,87.06949999999996,-19.42215020323993
2026-07-13,Dombivali - Reti Bunder,0,increased,608.3006,611.4952605461706
2026-07-13,Dombivli West,0,decreased,-243.45999999999998,-23.84428961904719
2026-07-13,Dombivli West,0,flat,-124.38999999999999,-573.8217998280892
2026-07-13,Dombivli West,0,increased,3090.26,3083.6162433627455
2026-07-13,Evershine Nagar,0,decreased,-283.6700000000001,-290.4418822046765
2026-07-13,Evershine Nagar,0,flat,221.29999999999978,190.84243302555518
2026-07-13,Evershine Nagar,0,increased,1409.45,1501.882434028816
2026-07-13,Fam Society - Koperkhairne,0,decreased,-197.87999999999994,-210.22739752362253
2026-07-13,Fam Society - Koperkhairne,0,flat,114.37999999999985,207.19320520092893
2026-07-13,Fam Society - Koperkhairne,0,increased,2038.3600000000001,1796.892051509616
2026-07-13,Fursungi Pune,0,decreased,-146.34,-144.89224289555713
2026-07-13,Fursungi Pune,0,flat,36.14000000000014,-344.38499037847714
2026-07-13,Fursungi Pune,0,increased,989.06,919.8452380927398
2026-07-13,Ghansoli,0,decreased,-544.3199999999998,-484.65214706058885
2026-07-13,Ghansoli,0,flat,304.05000000000007,25.231657972943704
2026-07-13,Ghansoli,0,increased,3053.08,2969.8744003917773
2026-07-13,Ghatkopar East,0,decreased,-295.81,-368.9014084491543
2026-07-13,Ghatkopar East,0,flat,364.69999999999993,-146.9786197797547
2026-07-13,Ghatkopar East,0,increased,1845.8100000000002,1831.3026609077378
2026-07-13,Ghatkopar West,0,decreased,-432.4799999999999,-350.0994291030248
2026-07-13,Ghatkopar West,0,flat,-192.55999999999992,-120.34575158034583
2026-07-13,Ghatkopar West,0,increased,1920.5600000000002,1908.1300122818725
2026-07-13,Ghodapdeo - Byculla,0,decreased,-92.91999999999999,-92.27902406888398
2026-07-13,Ghodapdeo - Byculla,0,flat,-60.60000000000006,45.051017588012755
2026-07-13,Ghodapdeo - Byculla,0,increased,1266.29,1256.9426116332063
2026-07-13,Global City Virar West,0,decreased,-140.8,-125.01813940137441
2026-07-13,Global City Virar West,0,flat,72.53000000000003,29.893463058727086
2026-07-13,Global City Virar West,0,increased,814.14,783.063919840215
2026-07-13,Goregaon,1,decreased,-47.71000000000002,-69.83795985476975
2026-07-13,Goregaon,1,flat,-156.22999999999996,-264.0735922607036
2026-07-13,Goregaon,1,increased,3003.32,3083.8833170507055
2026-07-13,Goregaon West S.V. Road,1,decreased,-383.15,-367.7861836637612
2026-07-13,Goregaon West S.V. Road,1,flat,264.18,-33.98092832153714
2026-07-13,Goregaon West S.V. Road,1,increased,2116.54,2022.1806393169359
2026-07-13,Govandi,0,decreased,-185.70999999999998,-187.86744631090352
2026-07-13,Govandi,0,flat,-77.89,66.80916605273293
2026-07-13,Govandi,0,increased,2807.03,2758.898899435562
2026-07-13,Gujrat Colony Kothrud,0,decreased,-57.22,-55.6180745122096
2026-07-13,Gujrat Colony Kothrud,0,flat,-4445.0899999999965,-5631.515607474142
2026-07-13,Gujrat Colony Kothrud,0,increased,647.55,615.4732306156245
2026-07-13,Gulab Nagar Pune,0,decreased,-208.47000000000006,-138.2802715619227
2026-07-13,Gulab Nagar Pune,0,flat,-67.53999999999995,47.62332847223378
2026-07-13,Gulab Nagar Pune,0,increased,1152.08,1099.8865792973984
2026-07-13,Hari Om Nagar,0,decreased,-168.31999999999996,-182.08020868500085
2026-07-13,Hari Om Nagar,0,flat,-190.59000000000003,-250.13165530721858
2026-07-13,Hari Om Nagar,0,increased,2552.8600000000006,2677.3178557695687
2026-07-13,Hiltron Ulhasnagar,0,decreased,-56.66000000000003,-52.08501181814821
2026-07-13,Hiltron Ulhasnagar,0,flat,-37.57000000000002,-165.40437792101397
2026-07-13,Hiltron Ulhasnagar,0,increased,1164.17,1172.2343084046227
2026-07-13,Hiranandani Thane,0,decreased,-926.9799999999999,-975.5295027597215
2026-07-13,Hiranandani Thane,0,flat,-303.67999999999984,-447.7911476615677
2026-07-13,Hiranandani Thane,0,increased,3960.25,3908.942293318593
2026-07-13,IC Colony Borivali,0,decreased,-260.27000000000004,-209.67644693891216
2026-07-13,IC Colony Borivali,0,flat,-120.06999999999992,-79.69645799570397
2026-07-13,IC Colony Borivali,0,increased,2673.0600000000004,2505.098385454553
2026-07-13,JB Nagar,0,decreased,-260.38,-261.70137797767234
2026-07-13,JB Nagar,0,flat,-6.35999999999984,15.637872712678863
2026-07-13,JB Nagar,0,increased,4377.440000000001,4424.5219817731395
2026-07-13,JJ Hospital,0,decreased,-148.91000000000003,-98.06274038171256
2026-07-13,JJ Hospital,0,flat,-27.75000000000003,-101.33004861034532
2026-07-13,JJ Hospital,0,increased,2913.46,3036.386322799481
2026-07-13,Jagruti Nagar Ghatkopar,0,decreased,-358.69,-347.78527019333893
2026-07-13,Jagruti Nagar Ghatkopar,0,flat,-28.26,-106.07923140785684
2026-07-13,Jagruti Nagar Ghatkopar,0,increased,1153.73,1170.6894326758293
2026-07-13,Jail Road Nashik,0,decreased,-133.38999999999996,-167.45517183730252
2026-07-13,Jail Road Nashik,0,flat,-26.15000000000005,-19.365784399785667
2026-07-13,Jail Road Nashik,0,increased,389.12000000000006,362.5207788945513
2026-07-13,Jay VIjay Nagar Nalasopara East,0,decreased,-24.690000000000005,-27.66927903510478
2026-07-13,Jay VIjay Nagar Nalasopara East,0,flat,-63.95999999999994,-58.4086819340846
2026-07-13,Jay VIjay Nagar Nalasopara East,0,increased,1085.18,984.6693324686353
2026-07-13,Kalamboli,0,decreased,-239.84000000000012,-142.7896975611961
2026-07-13,Kalamboli,0,flat,-93.43999999999977,-29.226817477684065
2026-07-13,Kalamboli,0,increased,1639.18,1674.8274341239417
2026-07-13,Kalher Bhiwandi,0,decreased,-218.29000000000002,-107.03456908661983
2026-07-13,Kalher Bhiwandi,0,flat,-44.789999999999964,-53.046204277129256
2026-07-13,Kalher Bhiwandi,0,increased,2078.2599999999998,1932.6271129219433
2026-07-13,Kalina,0,decreased,-152.54000000000002,-149.7112828559189
2026-07-13,Kalina,0,flat,-195.63999999999982,-14.303507457312598
2026-07-13,Kalina,0,increased,1411.35,1376.2200969003284
2026-07-13,Kalwa,0,decreased,-427.75000000000006,-417.0663313990694
2026-07-13,Kalwa,0,flat,-124.94000000000004,-112.95115589631726
2026-07-13,Kalwa,0,increased,2944.5,2821.929294041141
2026-07-13,Kalyan,0,decreased,-237.24999999999991,-259.8561349706143
2026-07-13,Kalyan,0,flat,-13.979999999999919,-145.6730961388006
2026-07-13,Kalyan,0,increased,1598.25,1633.8862360568687
2026-07-13,Kalyan - DB Chowk,0,decreased,-244.01,-225.681900585221
2026-07-13,Kalyan - DB Chowk,0,flat,201.22000000000003,267.63490078864703
2026-07-13,Kalyan - DB Chowk,0,increased,879.43,926.241794055208
2026-07-13,Kalyan East-Tisgaon Naka,0,decreased,-182.65,-65.6627063206401
2026-07-13,Kalyan East-Tisgaon Naka,0,flat,-124.38999999999997,-253.20272299465282
2026-07-13,Kalyan East-Tisgaon Naka,0,increased,1346.91,1326.9627353155686
2026-07-13,Kalyan West Club Road,0,decreased,-93.64999999999999,-140.2905702229915
2026-07-13,Kalyan West Club Road,0,flat,-44.58,-221.422571140344
2026-07-13,Kalyan West Club Road,0,increased,1239.88,1177.9516231570929
2026-07-13,Kamotha,0,decreased,-248.56,-151.6481845547714
2026-07-13,Kamotha,0,flat,-179.32999999999976,-251.36067283612306
2026-07-13,Kamotha,0,increased,3281.8900000000003,3210.537243914741
2026-07-13,Kamothe - Sector 36,0,decreased,-29.319999999999986,-26.389697307956656
2026-07-13,Kamothe - Sector 36,0,flat,-18.630000000000237,0.5058914743471057
2026-07-13,Kamothe - Sector 36,0,increased,1363.08,1364.8045249487081
2026-07-13,Kandivali East,0,decreased,-340.66999999999996,-327.3869184637987
2026-07-13,Kandivali East,0,flat,37.549999999999876,-162.56398229939688
2026-07-13,Kandivali East,0,increased,2162.04,2153.969118526859
2026-07-13,Kandivali West,0,decreased,-64.89999999999998,-61.21686943281975
2026-07-13,Kandivali West,0,flat,4.390000000000015,21.130845070648515
2026-07-13,Kandivali West,0,increased,1096.41,1092.5087607729447
2026-07-13,Kasarvadavali Thane,0,decreased,-134.36,-128.7414322677872
2026-07-13,Kasarvadavali Thane,0,flat,23.109999999999964,125.74598776269605
2026-07-13,Kasarvadavali Thane,0,increased,1674.16,1718.3605705136818
2026-07-13,Katrap Badlapur East,0,decreased,-22.559999999999995,-13.350454839293267
2026-07-13,Katrap Badlapur East,0,flat,-86.62000000000003,-40.037637929574764
2026-07-13,Katrap Badlapur East,0,increased,356.17999999999995,338.7573909694162
2026-07-13,Khadki Pune,0,decreased,-36.760000000000005,-39.969313232323174
2026-07-13,Khadki Pune,0,flat,7.839999999999954,-93.10071555320201
2026-07-13,Khadki Pune,0,increased,1647.56,1556.082326301736
2026-07-13,Khanda Colony,1,decreased,-66.24000000000001,-0.9140557873936714
2026-07-13,Khanda Colony,1,flat,-0.6299999999998747,4.22751102057787
2026-07-13,Khanda Colony,1,increased,1427.0100000000002,1396.7879578695704
2026-07-13,Khar West,1,decreased,-220.70999999999998,-207.80800372525854
2026-07-13,Khar West,1,flat,139.40000000000006,-7.390274542592895
2026-07-13,Khar West,1,increased,2405.7400000000002,2313.703879322501
2026-07-13,Kharghar,0,decreased,-120.94999999999996,-68.23715846568922
2026-07-13,Kharghar,0,flat,-140.66999999999996,90.67898111847607
2026-07-13,Kharghar,0,increased,2947.7400000000002,2709.284576477254
2026-07-13,Kharghar Sector 12,0,decreased,-181.95000000000005,-187.46324709068864
2026-07-13,Kharghar Sector 12,0,flat,-449.4399999999997,-214.10199783061788
2026-07-13,Kharghar Sector 12,0,increased,1617.16,1679.9351482776356
2026-07-13,Khopat,0,decreased,-231.88,-260.70810410477725
2026-07-13,Khopat,0,flat,-171.40000000000003,17.828301356672263
2026-07-13,Khopat,0,increased,3271.1200000000003,3081.9085082045863
2026-07-13,Khutwad Nagar Nashik,0,decreased,-103.5,-114.46551800531546
2026-07-13,Khutwad Nagar Nashik,0,flat,-30.669999999999952,-133.14079114097453
2026-07-13,Khutwad Nagar Nashik,0,increased,201.31,187.2952794716484
2026-07-13,Kolsheth,0,decreased,-438.06999999999994,-426.45888965659714
2026-07-13,Kolsheth,0,flat,-114.88999999999996,32.2963579325631
2026-07-13,Kolsheth,0,increased,3704.3999999999996,3574.4401932254045
2026-07-13,Kopar Khairane,0,decreased,-600.44,-598.1787000842446
2026-07-13,Kopar Khairane,0,flat,-155.57000000000016,-631.8006868045723
2026-07-13,Kopar Khairane,0,increased,2222.4700000000003,2040.1955969061007
2026-07-13,Kopari Thane,0,decreased,-264.17,-231.75204565783523
2026-07-13,Kopari Thane,0,flat,-863.9200000000002,-750.5654334989066
2026-07-13,Kopari Thane,0,increased,887.8700000000002,756.5555249522253
2026-07-13,Koper Khairane - Sector 7,0,decreased,-584.3999999999999,-280.37173387012996
2026-07-13,Koper Khairane - Sector 7,0,flat,-332.9499999999999,-97.09319822676555
2026-07-13,Koper Khairane - Sector 7,0,increased,1412.9,1453.827189137366
2026-07-13,Kulgaon Badlapur West,0,decreased,-160.08999999999995,-151.00790626576926
2026-07-13,Kulgaon Badlapur West,0,flat,214.72000000000008,158.96471506343593
2026-07-13,Kulgaon Badlapur West,0,increased,1049.06,1061.2168129783574
2026-07-13,Kurla,0,decreased,-529.45,-513.7600807254479
2026-07-13,Kurla,0,flat,-888.8100000000004,-706.5327171564534
2026-07-13,Kurla,0,increased,1324.5500000000002,1351.4211450337204
2026-07-13,Kurla West,0,decreased,-612.19,-580.9712825339477
2026-07-13,Kurla West,0,flat,-255.85999999999984,-177.66889545788788
2026-07-13,Kurla West,0,increased,1589.98,1579.6091047329196
2026-07-13,Lower Parel - SJ Marg,0,decreased,-232.48000000000002,-239.30001052194746
2026-07-13,Lower Parel - SJ Marg,0,flat,76.50999999999993,122.10109191372466
2026-07-13,Lower Parel - SJ Marg,0,increased,890.7900000000001,912.5011331719401
2026-07-13,Mahakali,0,decreased,-107.22000000000001,-112.30507214041549
2026-07-13,Mahakali,0,flat,-315.9499999999998,-405.4131629347357
2026-07-13,Mahakali,0,increased,3406.28,3213.7444032934645
2026-07-13,Mahavir Pride Dombivali,0,decreased,-134.11999999999995,-165.68268681294933
2026-07-13,Mahavir Pride Dombivali,0,flat,-179.25999999999988,-60.11649745876037
2026-07-13,Mahavir Pride Dombivali,0,increased,1523.1,1450.5734984411317
2026-07-13,Mahim West,0,decreased,-366.41,-349.9669630305972
2026-07-13,Mahim West,0,flat,26.579999999999973,-86.57433567230844
2026-07-13,Mahim West,0,increased,1533.51,1527.2194254208189
2026-07-13,Malad,0,decreased,-286.13999999999993,-273.1379189867391
2026-07-13,Malad,0,flat,192.75000000000006,142.7512795409154
2026-07-13,Malad,0,increased,2159.25,2078.631136396172
2026-07-13,Malad Liberty Garden,0,decreased,-169.89999999999998,-169.25804715291514
2026-07-13,Malad Liberty Garden,0,flat,-55.68000000000003,-171.10072461755442
2026-07-13,Malad Liberty Garden,0,increased,2493.540000000001,2410.5729937326814
2026-07-13,Malwani,0,decreased,-42.05,-41.74206755128472
2026-07-13,Malwani,0,flat,24.960000000000036,-82.56537013883852
2026-07-13,Malwani,0,increased,1671.75,1630.8356538471608
2026-07-13,Marol,0,decreased,-361.24,-164.59405121414977
2026-07-13,Marol,0,flat,21.97000000000007,37.928264013009624
2026-07-13,Marol,0,increased,2021.3400000000001,2020.3709950569096
2026-07-13,Mharal Ulhasnagar,0,decreased,-128.77999999999994,-68.06048157739014
2026-07-13,Mharal Ulhasnagar,0,flat,-116.7900000000001,-92.61889133614916
2026-07-13,Mharal Ulhasnagar,0,increased,1237.02,1143.7800155686816
2026-07-13,Mhasrul Nashik,0,decreased,-296.21,-233.44147443737384
2026-07-13,Mhasrul Nashik,0,flat,-117.17000000000016,-252.75712772580366
2026-07-13,Mhasrul Nashik,0,increased,1351.89,1271.2196726382044
2026-07-13,Mira Road,0,decreased,-120.62,-119.98538193497046
2026-07-13,Mira Road,0,flat,-121.93,-43.23444007327748
2026-07-13,Mira Road,0,increased,1081.22,890.5640173752709
2026-07-13,Mira Road - GCC Club Road,0,decreased,-661.8699999999999,-568.1742500465305
2026-07-13,Mira Road - GCC Club Road,0,flat,-504.3500000000001,-432.032577255801
2026-07-13,Mira Road - GCC Club Road,0,increased,402.59999999999997,463.5206809977587
2026-07-13,Mira Road Jangid Complex,0,decreased,-112.22999999999999,-86.3605169948712
2026-07-13,Mira Road Jangid Complex,0,flat,26.729999999999976,86.35647345191447
2026-07-13,Mira Road Jangid Complex,0,increased,1596.04,1538.5093335893464
2026-07-13,Mohan Nagar Kandivali,0,decreased,-130.02999999999997,-42.2181355954662
2026-07-13,Mohan Nagar Kandivali,0,flat,-23.990000000000038,-105.64544972657771
2026-07-13,Mohan Nagar Kandivali,0,increased,1613.75,1593.4782961200851
2026-07-13,Mulund East,0,decreased,-525.79,-392.1034426003146
2026-07-13,Mulund East,0,flat,19.519999999999897,-164.39000008394322
2026-07-13,Mulund East,0,increased,4402.0,4290.661862398669
2026-07-13,Mulund Panch Rasta,0,decreased,-72.43999999999998,-71.48082589699403
2026-07-13,Mulund Panch Rasta,0,flat,-51.12000000000002,-67.22501112901793
2026-07-13,Mulund Panch Rasta,0,increased,1084.45,1136.6554849528684
2026-07-13,Mulund West,0,decreased,-189.10999999999984,-203.02384121158724
2026-07-13,Mulund West,0,flat,-22.67000000000002,-189.21273740140532
2026-07-13,Mulund West,0,increased,2938.48,2920.7419340593983
2026-07-13,Mulund West-Sarvodaya Nagar,0,decreased,-106.31999999999996,-92.2316537848011
2026-07-13,Mulund West-Sarvodaya Nagar,0,flat,-107.39999999999995,-107.8018751797639
2026-07-13,Mulund West-Sarvodaya Nagar,0,increased,1740.33,1689.5413731226886
2026-07-13,Mundhwa Pune,0,decreased,-119.47999999999993,-136.77496084984818
2026-07-13,Mundhwa Pune,0,flat,-173.89000000000007,-63.63316899408007
2026-07-13,Mundhwa Pune,0,increased,1124.53,1095.5871604186157
2026-07-13,NIBM Kondwa,0,decreased,-250.38,-239.39439952510475
2026-07-13,NIBM Kondwa,0,flat,-101.21000000000008,-88.09267622144455
2026-07-13,NIBM Kondwa,0,increased,2491.48,2273.2753184337967
2026-07-13,Nahur West,0,decreased,-288.49999999999994,-293.51938387307735
2026-07-13,Nahur West,0,flat,-37.82999999999993,33.42831313634721
2026-07-13,Nahur West,0,increased,2773.07,2763.635650559099
2026-07-13,Nalasopara - Yashwant Nagar,0,decreased,-113.42000000000004,-112.76858254588322
2026-07-13,Nalasopara - Yashwant Nagar,0,flat,-23.960000000000086,33.570422036599595
2026-07-13,Nalasopara - Yashwant Nagar,0,increased,707.2600000000001,675.7687127454448
2026-07-13,Nalasopara West,0,decreased,-141.26999999999998,-129.37999993523147
2026-07-13,Nalasopara West,0,flat,149.3700000000003,-378.96126972477333
2026-07-13,Nalasopara West,0,increased,2268.11,2264.079524014449
2026-07-13,Narhe Pune,0,decreased,-115.36999999999999,-113.87230009232725
2026-07-13,Narhe Pune,0,flat,-62.99000000000014,66.09259238927163
2026-07-13,Narhe Pune,0,increased,762.48,736.7319346715793
2026-07-13,Naupada,0,decreased,-214.69,-260.33534335069953
2026-07-13,Naupada,0,flat,118.15000000000005,54.87569589032894
2026-07-13,Naupada,0,increased,1907.8100000000002,1867.4251800187126
2026-07-13,Navare Nagar Ambernath,0,decreased,-462.87999999999994,-382.81692719472755
2026-07-13,Navare Nagar Ambernath,0,flat,0.8399999999998329,-17.381553605348586
2026-07-13,Navare Nagar Ambernath,0,increased,749.17,712.5419285972878
2026-07-13,Navi Peth Pune,0,decreased,-45.69999999999999,-66.22182208116102
2026-07-13,Navi Peth Pune,0,flat,67.38999999999997,-59.09325853163544
2026-07-13,Navi Peth Pune,0,increased,857.05,724.6033517876798
2026-07-13,Navjeevan Mumbai Central,0,decreased,-204.29000000000002,-193.56486560694844
2026-07-13,Navjeevan Mumbai Central,0,flat,-70.78999999999989,37.461188541897556
2026-07-13,Navjeevan Mumbai Central,0,increased,2389.2999999999997,2269.748477267349
2026-07-13,Nerul East,0,decreased,-128.78999999999996,-120.46453936082564
2026-07-13,Nerul East,0,flat,-159.1400000000001,-184.2669232022687
2026-07-13,Nerul East,0,increased,1545.98,1454.7032215660179
2026-07-13,Nerul West,0,decreased,-107.21000000000001,-150.34212500178114
2026-07-13,Nerul West,0,flat,-62.529999999999916,-135.01828345986772
2026-07-13,Nerul West,0,increased,2741.0,2619.278616152493
2026-07-13,New Panvel,0,decreased,-116.19999999999995,-105.86292924346795
2026-07-13,New Panvel,0,flat,-9.869999999999997,-252.10161659722613
2026-07-13,New Panvel,0,increased,1812.46,1779.4060228463006
2026-07-13,Old Panvel,0,decreased,-284.14000000000004,-259.30028371685347
2026-07-13,Old Panvel,0,flat,-314.86000000000035,-249.76958350217467
2026-07-13,Old Panvel,0,increased,1476.97,1454.0974019482176
2026-07-13,Palegaon Ambernath,0,decreased,-215.77999999999997,-121.07343536753692
2026-07-13,Palegaon Ambernath,0,flat,-31.909999999999997,-11.871645169285731
2026-07-13,Palegaon Ambernath,0,increased,547.6900000000003,574.0713776872951
2026-07-13,Panchpakhadi,0,decreased,-154.88999999999993,-134.20450974678818
2026-07-13,Panchpakhadi,0,flat,39.57000000000001,-139.2656613639895
2026-07-13,Panchpakhadi,0,increased,2058.45,1887.6834910430237
2026-07-13,Pantnagar,0,decreased,-47.099999999999966,-38.21869890517985
2026-07-13,Pantnagar,0,flat,20.71999999999997,46.39990309096025
2026-07-13,Pantnagar,0,increased,1126.21,1142.415487795388
2026-07-13,Panvel - Uran Naka,0,decreased,-76.78999999999998,-67.86606010794654
2026-07-13,Panvel - Uran Naka,0,flat,-133.32,-88.15333271798146
2026-07-13,Panvel - Uran Naka,0,increased,903.3100000000001,926.9459850465506
2026-07-13,Phadke Road - Dombivali,0,decreased,-188.32999999999996,-155.40949124415835
2026-07-13,Phadke Road - Dombivali,0,flat,6.070000000000057,-129.93094804828752
2026-07-13,Phadke Road - Dombivali,0,increased,1213.16,1205.4127244095544
2026-07-13,Pimple Gurav,0,decreased,-188.18999999999994,-167.120033303951
2026-07-13,Pimple Gurav,0,flat,24.70999999999994,-70.6095719167084
2026-07-13,Pimple Gurav,0,increased,1364.29,1273.9372498816324
2026-07-13,Prabhadevi,0,decreased,-190.67,-177.21800659850464
2026-07-13,Prabhadevi,0,flat,86.53000000000006,207.94414504152147
2026-07-13,Prabhadevi,0,increased,2687.77,2595.5788683072756
2026-07-13,Pragati Nagar Nalasopara East,0,decreased,-154.45999999999995,-147.3740983606486
2026-07-13,Pragati Nagar Nalasopara East,0,flat,-67.42,35.433848018141646
2026-07-13,Pragati Nagar Nalasopara East,0,increased,1259.56,1207.2457399807804
2026-07-13,Rajawadi,0,decreased,-137.84999999999997,-126.55290931157626
2026-07-13,Rajawadi,0,flat,73.67,141.31651934150315
2026-07-13,Rajawadi,0,increased,2327.13,2297.2117451316735
2026-07-13,Roadpali Kalamboli,0,decreased,-106.84999999999998,-101.83867461844183
2026-07-13,Roadpali Kalamboli,0,flat,-76.02999999999997,118.40663931767753
2026-07-13,Roadpali Kalamboli,0,increased,915.65,868.4747313788167
2026-07-13,Rupee Nagar Pune,0,decreased,-103.56999999999995,-75.56699156356743
2026-07-13,Rupee Nagar Pune,0,flat,-17.249999999999993,-56.646224871468114
2026-07-13,Rupee Nagar Pune,0,increased,356.28000000000003,348.2920004179251
2026-07-13,Saibaba Nagar,0,flat,-1762.26,-150.63431460354624
2026-07-13,Saibaba Nagar,0,increased,1655.04,1647.2348914338604
2026-07-13,Sakinaka - Pipeline Road,0,decreased,-215.92000000000002,-185.47607091906917
2026-07-13,Sakinaka - Pipeline Road,0,flat,99.20000000000007,-36.737369063305714
2026-07-13,Sakinaka - Pipeline Road,0,increased,937.91,890.9149232704005
2026-07-13,Sanpada,1,decreased,-845.8299999999998,-808.7519617628261
2026-07-13,Sanpada,1,flat,-155.4899999999999,-383.97607802425017
2026-07-13,Sanpada,1,increased,3088.51,3075.366802772984
2026-07-13,Santa Cruz SV Road,0,decreased,-272.2099999999999,-207.72682418819733
2026-07-13,Santa Cruz SV Road,0,flat,-50.870000000000005,0.30313236277795497
2026-07-13,Santa Cruz SV Road,0,increased,1167.81,1220.9713929840111
2026-07-13,"Santoshi Mata Road, Kalyan West",0,decreased,-147.65,-149.48171076230187
2026-07-13,"Santoshi Mata Road, Kalyan West",0,flat,50.73000000000007,-17.703325578999625
2026-07-13,"Santoshi Mata Road, Kalyan West",0,increased,1162.49,1144.4672184652243
2026-07-13,Sasane Nagar Pune,1,decreased,-107.19999999999999,-104.65923012720813
2026-07-13,Sasane Nagar Pune,1,flat,-30.150000000000027,19.82707150594777
2026-07-13,Sasane Nagar Pune,1,increased,684.41,766.4203899013729
2026-07-13,Seawoods,0,decreased,-355.7800000000001,-348.4783557177603
2026-07-13,Seawoods,0,flat,-15.210000000000008,188.01214377955995
2026-07-13,Seawoods,0,increased,2002.55,2007.005873089542
2026-07-13,Sector 3 - New Panvel,0,decreased,-362.76,-344.5570181922411
2026-07-13,Sector 3 - New Panvel,0,flat,-36.01000000000005,-173.40479076894363
2026-07-13,Sector 3 - New Panvel,0,increased,1135.83,1189.4247661638544
2026-07-13,Shanti Nagar Mira Road,0,decreased,-254.81000000000006,-298.7945804451583
2026-07-13,Shanti Nagar Mira Road,0,flat,-65.38000000000005,-57.79246601685743
2026-07-13,Shanti Nagar Mira Road,0,increased,1176.0,1207.0345063688378
2026-07-13,Shirgaon Badlapur,0,decreased,-176.95000000000005,-155.23518327146138
2026-07-13,Shirgaon Badlapur,0,flat,98.90000000000008,-92.52446949867272
2026-07-13,Shirgaon Badlapur,0,increased,842.0699999999999,723.0998347316021
2026-07-13,Shivaji Nagar Pune,0,decreased,-229.64999999999998,-214.13592897654667
2026-07-13,Shivaji Nagar Pune,0,flat,-63.550000000000004,-145.5351003597487
2026-07-13,Shivaji Nagar Pune,0,increased,1948.2700000000002,1749.6474215975327
2026-07-13,Shreenagar,0,decreased,-194.39,-225.4921548531422
2026-07-13,Shreenagar,0,flat,-54.70000000000039,-155.69426352097403
2026-07-13,Shreenagar,0,increased,3132.87,3203.4936118950964
2026-07-13,Shriprastha Nalasopara West,0,decreased,-149.47999999999996,-131.9725530455547
2026-07-13,Shriprastha Nalasopara West,0,flat,-131.93000000000006,-88.68612973937363
2026-07-13,Shriprastha Nalasopara West,0,increased,753.04,704.8862450065833
2026-07-13,Sion Koliwada,0,decreased,-68.44999999999996,-80.55359433579724
2026-07-13,Sion Koliwada,0,flat,-46.57,-199.25013349957482
2026-07-13,Sion Koliwada,0,increased,2023.0199999999998,1939.6684038321662
2026-07-13,Thakur Complex,0,decreased,-141.55,-128.40255145446156
2026-07-13,Thakur Complex,0,flat,-160.07000000000016,81.0059497767686
2026-07-13,Thakur Complex,0,increased,2108.75,2192.2321257693707
2026-07-13,Thergaon,0,decreased,-291.71999999999997,-291.8801444005739
2026-07-13,Thergaon,0,flat,-4.739999999999881,-332.59898145922796
2026-07-13,Thergaon,0,increased,730.6800000000001,736.8243281014616
2026-07-13,Tilak Road Pune,0,decreased,-144.95,-109.30554010796004
2026-07-13,Tilak Road Pune,0,flat,-18.07999999999967,-206.99148259436487
2026-07-13,Tilak Road Pune,0,increased,1455.46,1327.8052033204929
2026-07-13,Tilaknagar,0,decreased,-444.96999999999997,-532.0739001229243
2026-07-13,Tilaknagar,0,flat,-86.8300000000001,-171.6595658841092
2026-07-13,Tilaknagar,0,increased,2096.48,2118.4212135279945
2026-07-13,Titwala,0,decreased,-461.2099999999999,-481.33633084446166
2026-07-13,Titwala,0,flat,-36.53000000000025,-148.1266165757603
2026-07-13,Titwala,0,increased,1994.21,1811.859935157281
2026-07-13,Trimurti Chowk Nashik,0,decreased,-11.970000000000006,-6.88424798435107
2026-07-13,Trimurti Chowk Nashik,0,flat,-41.43000000000001,-78.67348954292405
2026-07-13,Trimurti Chowk Nashik,0,increased,505.72,492.2871133185832
2026-07-13,Ulhas Nagar - Shahad,0,decreased,-382.78999999999996,-330.2373453019876
2026-07-13,Ulhas Nagar - Shahad,0,flat,-15.639999999999965,52.52746900163732
2026-07-13,Ulhas Nagar - Shahad,0,increased,1384.94,1326.8808711482948
2026-07-13,Ulhas Nagar - Shreeram Chowk,0,decreased,-394.70000000000005,-392.58643349290776
2026-07-13,Ulhas Nagar - Shreeram Chowk,0,flat,196.51000000000002,-169.4329544532213
2026-07-13,Ulhas Nagar - Shreeram Chowk,0,increased,942.0400000000001,935.538872030013
2026-07-13,Ulhasnagar,0,decreased,-239.37999999999994,-225.24315719798673
2026-07-13,Ulhasnagar,0,flat,71.78999999999992,-79.81127831724712
2026-07-13,Ulhasnagar,0,increased,2063.4300000000003,2011.8774109896224
2026-07-13,Ulhasnagar - Humlog Circle,0,decreased,-637.16,-641.8998836700391
2026-07-13,Ulhasnagar - Humlog Circle,0,flat,23.650000000000052,-224.99336349509392
2026-07-13,Ulhasnagar - Humlog Circle,0,increased,1484.5700000000002,1328.5264008190857
2026-07-13,Ulhasnagar - Khemani Chowk,0,decreased,-130.21999999999997,-121.4214167371394
2026-07-13,Ulhasnagar - Khemani Chowk,0,flat,-20.129999999999946,-211.51753895041463
2026-07-13,Ulhasnagar - Khemani Chowk,0,increased,884.87,882.3911990197951
2026-07-13,Ulhasnagar Sector 4,0,decreased,-225.70999999999992,-179.91277062076134
2026-07-13,Ulhasnagar Sector 4,0,flat,-294.1899999999997,-21.74944870645951
2026-07-13,Ulhasnagar Sector 4,0,increased,1420.2800000000002,1361.2188634013098
2026-07-13,Ulwe-Navi Mumbai,0,decreased,-314.79,-358.0447660687442
2026-07-13,Ulwe-Navi Mumbai,0,flat,-39.61999999999989,-124.7366388957982
2026-07-13,Ulwe-Navi Mumbai,0,increased,1919.2000000000003,1974.3642583541439
2026-07-13,Vakola,0,decreased,-49.04,-55.17998419279675
2026-07-13,Vakola,0,flat,956.7499999999999,256.1041429800502
2026-07-13,Vakola,0,increased,1283.29,1286.0818513747854
2026-07-13,Vasai West - Station Road,0,decreased,-290.50999999999993,-304.6409898757405
2026-07-13,Vasai West - Station Road,0,flat,-129.94,32.215641439098405
2026-07-13,Vasai West - Station Road,0,increased,1360.8500000000001,1306.7742522031465
2026-07-13,Vashi,0,decreased,-291.82,-326.65305749971714
2026-07-13,Vashi,0,flat,-261.29999999999995,-296.3439114496618
2026-07-13,Vashi,0,increased,3344.24,3244.576230276082
2026-07-13,Vashi Sector 11,0,decreased,-128.56000000000003,-151.23787427089167
2026-07-13,Vashi Sector 11,0,flat,-2.0799999999999734,-121.65296437274435
2026-07-13,Vashi Sector 11,0,increased,2052.7200000000003,2001.6252410453037
2026-07-13,Veenanagar,0,decreased,-56.370000000000005,-50.004807907265636
2026-07-13,Veenanagar,0,flat,1.7500000000000036,-26.098904916251314
2026-07-13,Veenanagar,0,increased,1561.77,1451.8255678355245
2026-07-13,Versova - Yari Road,0,decreased,-166.73,-117.83182456600217
2026-07-13,Versova - Yari Road,0,flat,-390.62000000000035,-459.603522426106
2026-07-13,Versova - Yari Road,0,increased,1151.57,1120.110352929192
2026-07-13,Versova Andheri,0,decreased,-270.8800000000002,-193.32809814704763
2026-07-13,Versova Andheri,0,flat,66.4599999999999,179.4101299928937
2026-07-13,Versova Andheri,0,increased,2832.83,2686.8919665052044
2026-07-13,Vijay Nagari - Thane,0,decreased,-127.04999999999993,-105.99714865465342
2026-07-13,Vijay Nagari - Thane,0,flat,-38.66000000000004,387.29635968019153
2026-07-13,Vijay Nagari - Thane,0,increased,1874.86,1883.998976129637
2026-07-13,Vikhroli,0,decreased,-767.6999999999999,-632.2686230873189
2026-07-13,Vikhroli,0,flat,-60.68000000000013,84.27158680256281
2026-07-13,Vikhroli,0,increased,4279.37,4291.180592247316
2026-07-13,Vikhroli Kannamwar,0,decreased,-164.26000000000002,-123.10710991365725
2026-07-13,Vikhroli Kannamwar,0,flat,-83.5199999999998,193.93910986584982
2026-07-13,Vikhroli Kannamwar,0,increased,1473.0,1482.3354926903946
2026-07-13,Vile Parle,0,decreased,-61.10999999999997,-72.10007678761772
2026-07-13,Vile Parle,0,flat,24.299999999999983,20.98661011093413
2026-07-13,Vile Parle,0,increased,949.8100000000001,983.3507890351068
2026-07-13,Virar East,0,decreased,-113.37,-107.82394492174834
2026-07-13,Virar East,0,flat,-26.140000000000093,-113.42697205284628
2026-07-13,Virar East,0,increased,1341.72,1327.7343999723364
2026-07-13,Virar West,0,decreased,-86.69000000000005,-98.54651051056658
2026-07-13,Virar West,0,flat,-252.73000000000002,-268.48938635414225
2026-07-13,Virar West,0,increased,891.27,840.3582010884232
2026-07-13,Wadgaon Budruk Pune,0,decreased,-219.89,-218.47785723592415
2026-07-13,Wadgaon Budruk Pune,0,flat,127.74000000000001,-18.52391596495695
2026-07-13,Wadgaon Budruk Pune,0,increased,978.05,1009.6644635615664
2026-07-13,Wadgaon Sheri,0,decreased,-133.02,-101.55811519554501
2026-07-13,Wadgaon Sheri,0,flat,79.64000000000004,94.48547282650193
2026-07-13,Wadgaon Sheri,0,increased,930.39,779.7060105717469
2026-07-13,Wadgaon Sheri-Old Mundhwa Rd,0,decreased,-31.15,-27.776076787617754
2026-07-13,Wadgaon Sheri-Old Mundhwa Rd,0,flat,-70.03000000000007,-16.127802567770402
2026-07-13,Wadgaon Sheri-Old Mundhwa Rd,0,increased,443.55000000000007,435.7733507734076
2026-07-13,Wanawadi Pune,0,decreased,-1950.0800000000008,-1608.1325475754834
2026-07-13,Wanawadi Pune,0,flat,26.33000000000001,20.003489350583493
2026-07-13,Wanawadi Pune,0,increased,895.2600000000003,1005.1048166775807
2026-07-13,Warje Pune,0,decreased,-224.22,-227.1400971480371
2026-07-13,Warje Pune,0,flat,-21.330000000000023,-4.570459611118656
2026-07-13,Warje Pune,0,increased,763.64,774.6644578581968
2026-07-13,Wayale Nagar,0,decreased,-70.77,-69.68400326752219
2026-07-13,Wayale Nagar,0,flat,21.70999999999991,-112.97543692059742
2026-07-13,Wayale Nagar,0,increased,949.03,941.5183628615425
2026-07-13,Yashodhan,0,decreased,-179.66000000000005,-168.10877064662736
2026-07-13,Yashodhan,0,flat,-115.80999999999989,-143.46823599379988
2026-07-13,Yashodhan,0,increased,3616.2599999999998,3539.6942000040453
2026-07-13,Yogi Nagar,0,decreased,-71.35,-70.28924529421447
2026-07-13,Yogi Nagar,0,flat,-27.869999999999997,-70.29133580803251
2026-07-13,Yogi Nagar,0,increased,1350.53,1327.04244291057
2026-07-13,Yogidham Kalyan,0,decreased,-140.19000000000003,-181.6525619968448
2026-07-13,Yogidham Kalyan,0,flat,-479.3899999999999,-343.2420998344126
2026-07-13,Yogidham Kalyan,0,increased,253.65610000000004,246.21055867024765
2026-07-14,7 Rasta Byculla,0,decreased,-298.28000000000003,-280.1247028501744
2026-07-14,7 Rasta Byculla,0,flat,14.559999999999974,138.64777281066063
2026-07-14,7 Rasta Byculla,0,increased,1542.17,1537.2679572469153
2026-07-14,Airoli,0,decreased,-258.0599999999999,-211.80178122985876
2026-07-14,Airoli,0,flat,-191.35000000000022,-218.405844228315
2026-07-14,Airoli,0,increased,2589.7200000000003,2689.2166863090883
2026-07-14,Airoli Sector - 3,0,decreased,-434.1400000000001,-416.2407694052953
2026-07-14,Airoli Sector - 3,0,flat,-7.6600000000000374,-146.03218014851808
2026-07-14,Airoli Sector - 3,0,increased,3450.3699999999994,2974.3272683396613
2026-07-14,Ambegaon Pune,0,decreased,-88.65999999999997,-53.96112746371736
2026-07-14,Ambegaon Pune,0,flat,45.39000000000016,8.622430929529967
2026-07-14,Ambegaon Pune,0,increased,545.6,585.4311298829336
2026-07-14,Ambernath East,0,decreased,-114.28,-94.35380418482917
2026-07-14,Ambernath East,0,flat,-234.12999999999977,-377.8527664649746
2026-07-14,Ambernath East,0,increased,760.19,739.1160209860049
2026-07-14,Ambernath West,0,decreased,-255.08999999999997,-235.6452595011288
2026-07-14,Ambernath West,0,flat,-16.049999999999972,19.130099449665934
2026-07-14,Ambernath West,0,increased,1261.1800000000003,1199.1453967681714
2026-07-14,Ashokvan Dahisar,0,decreased,-278.59,-290.6720073234118
2026-07-14,Ashokvan Dahisar,0,flat,-477.2900000000002,-727.8499511084825
2026-07-14,Ashokvan Dahisar,0,increased,1906.7,1917.5999818892076
2026-07-14,Badlapur - Belavali,0,decreased,-238.90999999999994,-201.2224237150962
2026-07-14,Badlapur - Belavali,0,flat,860.19,-425.0096371236623
2026-07-14,Badlapur - Belavali,0,increased,619.9300000000001,614.7765697004556
2026-07-14,Badlapur East,0,decreased,-77.36000000000001,-47.15761035965211
2026-07-14,Badlapur East,0,flat,-50.68000000000001,70.41226283584507
2026-07-14,Badlapur East,0,increased,838.81,801.7118432758962
2026-07-14,Bandra,1,decreased,-159.09999999999997,-160.5499474411487
2026-07-14,Bandra,1,flat,-112.2100000000001,29.96264878454822
2026-07-14,Bandra,1,increased,2480.1,2367.7923916947193
2026-07-14,Bhandup West,0,decreased,-275.54999999999995,-288.22840347240435
2026-07-14,Bhandup West,0,flat,-97.30000000000017,-12.648872948627364
2026-07-14,Bhandup West,0,increased,2547.55,2489.3821874877076
2026-07-14,Bhayandar,0,decreased,-133.79,-128.13282961258687
2026-07-14,Bhayandar,0,flat,3.8200000000000642,-34.81780846155092
2026-07-14,Bhayandar,0,increased,1606.21,1547.0938675385373
2026-07-14,Bhayander 60 Feet Road,0,decreased,-180.20000000000005,-175.29340735942927
2026-07-14,Bhayander 60 Feet Road,0,flat,388.01000000000005,42.68633711431066
2026-07-14,Bhayander 60 Feet Road,0,increased,820.6199999999999,804.5492032555433
2026-07-14,Bhekrainagar Pune,0,decreased,-200.17,-186.79542672708376
2026-07-14,Bhekrainagar Pune,0,flat,51.54000000000002,4.621680308663898
2026-07-14,Bhekrainagar Pune,0,increased,662.13,662.2949834883209
2026-07-14,Bhiwandi - Shivaji Chowk,0,decreased,-121.20999999999998,-97.61141032569608
2026-07-14,Bhiwandi - Shivaji Chowk,0,flat,47.36999999999997,-55.42349916008468
2026-07-14,Bhiwandi - Shivaji Chowk,0,increased,638.35,652.0845436766481
2026-07-14,Bhiwandi Dhamankar Naka,1,decreased,-148.84,-147.91331995483637
2026-07-14,Bhiwandi Dhamankar Naka,1,flat,-92.88000000000001,-112.08386907565539
2026-07-14,Bhiwandi Dhamankar Naka,1,increased,2296.7,2336.8743888541667
2026-07-14,Bibwewadi Pune,0,decreased,-172.82,-177.1124593600384
2026-07-14,Bibwewadi Pune,0,flat,141.91000000000003,-134.42989790217692
2026-07-14,Bibwewadi Pune,0,increased,2329.1,2302.785938173055
2026-07-14,Bytco Point Nashik,0,decreased,-195.07000000000002,-267.20813736875317
2026-07-14,Bytco Point Nashik,0,flat,-121.00000000000006,-246.7172123173948
2026-07-14,Bytco Point Nashik,0,increased,1025.59,960.7578204635936
2026-07-14,CST Bora Bazaar,0,decreased,-484.72999999999996,-507.1952098981415
2026-07-14,CST Bora Bazaar,0,flat,-256.19000000000045,-212.29676970677096
2026-07-14,CST Bora Bazaar,0,increased,1573.24,1527.404068890116
2026-07-14,Chandivali,0,decreased,-58.48999999999994,-75.42681496865194
2026-07-14,Chandivali,0,flat,-145.14999999999998,-153.63462330931912
2026-07-14,Chandivali,0,increased,925.4200000000001,980.1496682910138
2026-07-14,Charkop,0,decreased,-220.80999999999995,-201.70011349059158
2026-07-14,Charkop,0,flat,-226.7899999999999,-215.59608949351713
2026-07-14,Charkop,0,increased,2662.38,2529.354628870819
2026-07-14,Chembur,0,decreased,-240.07,-233.91499770770554
2026-07-14,Chembur,0,flat,234.94000000000008,-44.900713892577784
2026-07-14,Chembur,0,increased,3020.2100000000005,2966.3599616726533
2026-07-14,Chinchwad,1,decreased,-64.55999999999987,-180.545966204144
2026-07-14,Chinchwad,1,flat,38.70000000000018,-43.839587641180614
2026-07-14,Chinchwad,1,increased,763.8399999999999,759.9233801986688
2026-07-14,Chinchwad - Gandhi Peth,1,decreased,-21.60000000000003,-116.57771389992436
2026-07-14,Chinchwad - Gandhi Peth,1,flat,59.839999999999975,36.23570878846809
2026-07-14,Chinchwad - Gandhi Peth,1,increased,90.19000000000001,100.10724289729126
2026-07-14,Cidco Nashik,0,decreased,-64.86000000000004,-58.00163052998217
2026-07-14,Cidco Nashik,0,flat,-9.02999999999999,-38.973864682562706
2026-07-14,Cidco Nashik,0,increased,827.0499999999997,371.22589251920397
2026-07-14,Colaba,1,decreased,-151.38000000000005,-146.4061922792159
2026-07-14,Colaba,1,flat,51.150000000000006,30.88835396225835
2026-07-14,Colaba,1,increased,1007.26,974.4431151919599
2026-07-14,Dadar East,0,decreased,-110.22999999999999,-113.15667124687016
2026-07-14,Dadar East,0,flat,30.449999999999868,117.49909230065279
2026-07-14,Dadar East,0,increased,1247.43,1232.6157234215923
2026-07-14,Dahisar,0,decreased,-158.7,-158.58651117069803
2026-07-14,Dahisar,0,flat,-678.1399999999999,12.307157620910804
2026-07-14,Dahisar,0,increased,2172.44,2148.6735568292543
2026-07-14,Dattnagar,0,decreased,-134.56999999999996,-120.59834638816943
2026-07-14,Dattnagar,0,flat,-85.02000000000001,14.590363544840486
2026-07-14,Dattnagar,0,increased,1413.05,1296.448285876728
2026-07-14,Dhanakwadi,0,decreased,-88.61000000000004,-87.1477766356331
2026-07-14,Dhanakwadi,0,flat,40.69000000000002,498.46829451597955
2026-07-14,Dhanakwadi,0,increased,1124.08,1340.4815761219127
2026-07-14,Dhanori Pune,0,decreased,-34.50999999999999,-34.49544395305321
2026-07-14,Dhanori Pune,0,flat,8.21999999999992,50.353016690413554
2026-07-14,Dhanori Pune,0,increased,1164.31,1129.2063026429682
2026-07-14,Dhayari Pune,0,decreased,-1938.1599999999992,-1927.823235151087
2026-07-14,Dhayari Pune,0,flat,-48.15999999999988,-21.96856470921606
2026-07-14,Dhayari Pune,0,increased,956.34,945.2811584465915
2026-07-14,Dighi Pune,1,decreased,-52.55,-52.55
2026-07-14,Dighi Pune,1,flat,-34.949999999999996,-10.52299863937986
2026-07-14,Dighi Pune,1,increased,107.07999999999998,107.08903023537738
2026-07-14,Dombivali,0,decreased,-42.68,-54.01369157641478
2026-07-14,Dombivali,0,flat,-280.17999999999995,-339.9191480060934
2026-07-14,Dombivali,0,increased,2492.41,2559.0376920563594
2026-07-14,Dombivali - Navpada,0,decreased,-181.05999999999997,-172.54226148064865
2026-07-14,Dombivali - Navpada,0,flat,-47.70000000000006,-113.35565235275915
2026-07-14,Dombivali - Navpada,0,increased,816.99,821.4099217655199
2026-07-14,Dombivali - Reti Bunder,0,decreased,-398.16200000000015,-395.79964477587043
2026-07-14,Dombivali - Reti Bunder,0,flat,148.26950000000016,24.270983307966972
2026-07-14,Dombivali - Reti Bunder,0,increased,402.48269999999997,359.4381171341415
2026-07-14,Dombivli West,0,decreased,-360.0799999999999,-334.6923850726974
2026-07-14,Dombivli West,0,flat,3.2700000000000333,-117.27311852165863
2026-07-14,Dombivli West,0,increased,2612.57,2631.4009143357725
2026-07-14,Evershine Nagar,0,decreased,-28.75999999999999,-32.43495244565218
2026-07-14,Evershine Nagar,0,flat,-4.840000000000028,-67.99876557422729
2026-07-14,Evershine Nagar,0,increased,1085.8700000000001,950.9748661238443
2026-07-14,Fam Society - Koperkhairne,0,decreased,-276.30000000000007,-261.83111158647534
2026-07-14,Fam Society - Koperkhairne,0,flat,99.75000000000001,129.39479957742125
2026-07-14,Fam Society - Koperkhairne,0,increased,1963.8100000000002,1886.8693660581162
2026-07-14,Fursungi Pune,0,decreased,-169.15999999999994,-116.29655932369295
2026-07-14,Fursungi Pune,0,flat,-53.04999999999999,-242.0035436416932
2026-07-14,Fursungi Pune,0,increased,774.7,727.1051877343931
2026-07-14,Ghansoli,0,decreased,-332.67999999999995,-323.122410649016
2026-07-14,Ghansoli,0,flat,-4.639999999999926,267.6801907488714
2026-07-14,Ghansoli,0,increased,2282.33,2145.1515356952436
2026-07-14,Ghatkopar East,0,decreased,-299.97999999999996,-290.858193548277
2026-07-14,Ghatkopar East,0,flat,-43.97000000000005,193.56820296546238
2026-07-14,Ghatkopar East,0,increased,1960.21,1849.4023870923038
2026-07-14,Ghatkopar West,0,decreased,-165.07000000000002,-186.8664971509567
2026-07-14,Ghatkopar West,0,flat,7.400000000000052,-34.678562304941046
2026-07-14,Ghatkopar West,0,increased,2831.7000000000003,2772.855250798631
2026-07-14,Ghodapdeo - Byculla,0,decreased,-107.78999999999998,-137.4093952570411
2026-07-14,Ghodapdeo - Byculla,0,flat,-5.079999999999995,8.146064721296234
2026-07-14,Ghodapdeo - Byculla,0,increased,645.31,631.5046538547253
2026-07-14,Global City Virar West,0,decreased,-223.79999999999998,-224.01256888035553
2026-07-14,Global City Virar West,0,flat,-62.830000000000034,-36.617943364968255
2026-07-14,Global City Virar West,0,increased,802.48,782.7116798291336
2026-07-14,Goregaon,1,decreased,-80.14999999999999,-81.49205615226425
2026-07-14,Goregaon,1,flat,-775.9400000000003,-952.6994969079666
2026-07-14,Goregaon,1,increased,3154.42,3126.2215377894354
2026-07-14,Goregaon West S.V. Road,1,decreased,-357.44,-345.8709773964932
2026-07-14,Goregaon West S.V. Road,1,flat,144.83000000000007,404.18044826424233
2026-07-14,Goregaon West S.V. Road,1,increased,1743.42,1743.1277899771994
2026-07-14,Govandi,0,decreased,-222.9,-237.10723729227473
2026-07-14,Govandi,0,flat,-228.93999999999966,-276.39188847255616
2026-07-14,Govandi,0,increased,2842.94,2828.2234895711945
2026-07-14,Gujrat Colony Kothrud,0,decreased,-131.3,-130.63952671072056
2026-07-14,Gujrat Colony Kothrud,0,flat,0.010000000000019327,-61.277163626355225
2026-07-14,Gujrat Colony Kothrud,0,increased,794.94,805.4311636152819
2026-07-14,Gulab Nagar Pune,0,decreased,-48.09999999999999,-42.745567850071104
2026-07-14,Gulab Nagar Pune,0,flat,-110.05000000000001,-160.89966789635142
2026-07-14,Gulab Nagar Pune,0,increased,487.29000000000013,407.23174471934016
2026-07-14,Hari Om Nagar,0,decreased,-225.14000000000004,-215.7119049623642
2026-07-14,Hari Om Nagar,0,flat,42.03999999999989,121.44587840812895
2026-07-14,Hari Om Nagar,0,increased,1752.68,1722.6172739008616
2026-07-14,Hiltron Ulhasnagar,0,decreased,-297.28999999999996,-271.3003889220949
2026-07-14,Hiltron Ulhasnagar,0,flat,25.54999999999999,118.30916639752444
2026-07-14,Hiltron Ulhasnagar,0,increased,897.2900000000001,846.029664240839
2026-07-14,Hiranandani Thane,0,decreased,-414.87,-407.9842436512147
2026-07-14,Hiranandani Thane,0,flat,-98.03000000000031,-121.47433648091506
2026-07-14,Hiranandani Thane,0,increased,1690.68,1618.6296648895693
2026-07-14,IC Colony Borivali,0,decreased,-242.98000000000002,-114.14360547105902
2026-07-14,IC Colony Borivali,0,flat,-18.07999999999983,49.84679134149762
2026-07-14,IC Colony Borivali,0,increased,2828.6600000000003,2898.0156169816414
2026-07-14,JB Nagar,0,decreased,-522.3900000000001,-521.0676875833037
2026-07-14,JB Nagar,0,flat,-73.00000000000003,-164.2410489956759
2026-07-14,JB Nagar,0,increased,2989.96,2996.1395435508216
2026-07-14,JJ Hospital,0,decreased,-271.32000000000005,-147.31554539631966
2026-07-14,JJ Hospital,0,flat,25.430000000000113,29.67588085696276
2026-07-14,JJ Hospital,0,increased,2936.08,2906.1216500213086
2026-07-14,Jagruti Nagar Ghatkopar,0,decreased,-121.06999999999995,-226.71841452539832
2026-07-14,Jagruti Nagar Ghatkopar,0,flat,-124.08999999999992,67.93612573629187
2026-07-14,Jagruti Nagar Ghatkopar,0,increased,1190.68,1164.9876537297007
2026-07-14,Jail Road Nashik,0,decreased,-205.7800000000001,-187.08446670973262
2026-07-14,Jail Road Nashik,0,flat,-136.62999999999994,42.426590535019336
2026-07-14,Jail Road Nashik,0,increased,761.9499999999999,746.3041272952619
2026-07-14,Jay VIjay Nagar Nalasopara East,0,decreased,-47.85000000000001,-50.067770965870416
2026-07-14,Jay VIjay Nagar Nalasopara East,0,flat,19.97999999999997,-73.71976090252454
2026-07-14,Jay VIjay Nagar Nalasopara East,0,increased,484.54,489.6443985231504
2026-07-14,Kalamboli,0,decreased,-144.73,-144.66279829167186
2026-07-14,Kalamboli,0,flat,-42.299999999999955,-84.21439854858905
2026-07-14,Kalamboli,0,increased,1177.59,1047.0285848566652
2026-07-14,Kalher Bhiwandi,0,decreased,-501.42999999999995,-381.99899798872497
2026-07-14,Kalher Bhiwandi,0,flat,180.63000000000005,53.15352037358007
2026-07-14,Kalher Bhiwandi,0,increased,1552.15,1420.9003461752761
2026-07-14,Kalina,0,decreased,-159.96999999999997,-147.40154764341554
2026-07-14,Kalina,0,flat,-206.24999999999983,-216.79857306563227
2026-07-14,Kalina,0,increased,2097.02,2103.317278761753
2026-07-14,Kalwa,0,decreased,-211.00999999999993,-239.29937069612464
2026-07-14,Kalwa,0,flat,-129.1800000000003,-282.9157489738838
2026-07-14,Kalwa,0,increased,4308.570000000001,4312.123644765615
2026-07-14,Kalyan,0,decreased,-278.4000000000001,-266.5007319318196
2026-07-14,Kalyan,0,flat,216.02000000000018,-4.495766983079443
2026-07-14,Kalyan,0,increased,1332.55,1285.3090503293313
2026-07-14,Kalyan - DB Chowk,0,decreased,-182.18999999999997,-165.9640238532331
2026-07-14,Kalyan - DB Chowk,0,flat,-165.2400000000002,95.92645097362691
2026-07-14,Kalyan - DB Chowk,0,increased,1011.6100000000001,863.5668419198206
2026-07-14,Kalyan East-Tisgaon Naka,0,decreased,-104.38000000000007,-93.47960376886687
2026-07-14,Kalyan East-Tisgaon Naka,0,flat,-31.970000000000212,51.768392664695206
2026-07-14,Kalyan East-Tisgaon Naka,0,increased,1278.2200000000003,1092.642972441624
2026-07-14,Kalyan West Club Road,0,decreased,-72.47999999999999,-62.022185397939886
2026-07-14,Kalyan West Club Road,0,flat,87.65999999999993,81.74640414567955
2026-07-14,Kalyan West Club Road,0,increased,1348.17,1509.1284031028902
2026-07-14,Kamotha,0,decreased,-274.98999999999995,-250.99285627566363
2026-07-14,Kamotha,0,flat,-210.78999999999994,-97.86923418486356
2026-07-14,Kamotha,0,increased,1862.65,1890.3767591132396
2026-07-14,Kamothe - Sector 36,0,decreased,-12.900000000000013,-11.139133114355259
2026-07-14,Kamothe - Sector 36,0,flat,-113.55000000000007,-168.53280436755477
2026-07-14,Kamothe - Sector 36,0,increased,1193.93,1183.8892829450417
2026-07-14,Kandivali East,0,decreased,-151.21999999999997,-149.527714622899
2026-07-14,Kandivali East,0,flat,6.669999999999767,-185.26284743435946
2026-07-14,Kandivali East,0,increased,2296.64,2037.87662653165
2026-07-14,Kandivali West,0,decreased,-22.759999999999998,-21.591431978477367
2026-07-14,Kandivali West,0,flat,-1291.1099999999988,-2258.931840608996
2026-07-14,Kandivali West,0,increased,653.83,659.105277437084
2026-07-14,Kasarvadavali Thane,0,decreased,-186.29000000000005,-103.494427097584
2026-07-14,Kasarvadavali Thane,0,flat,-82.34999999999997,-60.57691219997605
2026-07-14,Kasarvadavali Thane,0,increased,1342.8600000000001,1255.1371257895441
2026-07-14,Katrap Badlapur East,0,decreased,-415.1700000000001,-388.16205280147494
2026-07-14,Katrap Badlapur East,0,flat,343.61,282.07098852857166
2026-07-14,Katrap Badlapur East,0,increased,715.58,683.2093478012192
2026-07-14,Khadki Pune,0,decreased,-166.12999999999994,-168.72022373519312
2026-07-14,Khadki Pune,0,flat,-30.280000000000054,46.45637157295613
2026-07-14,Khadki Pune,0,increased,1005.63,942.5358270089127
2026-07-14,Khanda Colony,1,decreased,-24.30999999999999,-30.79301423073343
2026-07-14,Khanda Colony,1,flat,-74.88999999999999,-183.62076484091696
2026-07-14,Khanda Colony,1,increased,1388.2400000000002,1318.004271847119
2026-07-14,Khar West,1,decreased,-278.09999999999997,-173.41948176059392
2026-07-14,Khar West,1,flat,440.3999999999998,-4.6082014816015295
2026-07-14,Khar West,1,increased,1955.6100000000001,1908.516337823944
2026-07-14,Kharghar,0,decreased,-400.44,-365.3719917898896
2026-07-14,Kharghar,0,flat,-216.88999999999976,-271.4279623560698
2026-07-14,Kharghar,0,increased,4079.29,4150.321204667028
2026-07-14,Kharghar Sector 12,0,decreased,-55.31999999999998,-48.16801168562167
2026-07-14,Kharghar Sector 12,0,flat,-154.12,132.72699784502097
2026-07-14,Kharghar Sector 12,0,increased,1080.21,1090.17671340929
2026-07-14,Khopat,0,decreased,-260.5100000000001,-295.7989139789244
2026-07-14,Khopat,0,flat,-207.76,-281.84991464450894
2026-07-14,Khopat,0,increased,2581.97,2509.011052091222
2026-07-14,Khutwad Nagar Nashik,0,decreased,-13.850000000000001,-58.99667298435113
2026-07-14,Khutwad Nagar Nashik,0,flat,-36.98000000000002,-121.99859358466688
2026-07-14,Khutwad Nagar Nashik,0,increased,138.73000000000002,131.15166209791968
2026-07-14,Kolsheth,0,decreased,-74.36999999999996,-77.13061154116139
2026-07-14,Kolsheth,0,flat,-197.9000000000005,-403.0018251913991
2026-07-14,Kolsheth,0,increased,4344.25,4169.906194072518
2026-07-14,Kopar Khairane,0,decreased,-266.92999999999995,-179.92177188140224
2026-07-14,Kopar Khairane,0,flat,-26.439999999999976,-267.1339938750873
2026-07-14,Kopar Khairane,0,increased,2464.8,2382.1625390944623
2026-07-14,Kopari Thane,0,decreased,-180.26000000000005,-170.31559334315094
2026-07-14,Kopari Thane,0,flat,-782.5000000000002,-856.2536118670401
2026-07-14,Kopari Thane,0,increased,606.8400000000001,639.8599376852926
2026-07-14,Koper Khairane - Sector 7,0,decreased,-101.82,-100.43637004324248
2026-07-14,Koper Khairane - Sector 7,0,flat,-53.629999999999995,5.863440791007348
2026-07-14,Koper Khairane - Sector 7,0,increased,998.64,948.1383611638769
2026-07-14,Kulgaon Badlapur West,0,decreased,-195.27999999999994,-201.85266908520862
2026-07-14,Kulgaon Badlapur West,0,flat,-11.519999999999975,75.21038754551863
2026-07-14,Kulgaon Badlapur West,0,increased,1433.5,1414.7988847532372
2026-07-14,Kurla,0,decreased,-201.56,-203.05143672806545
2026-07-14,Kurla,0,flat,-182.80999999999997,-82.27201249040672
2026-07-14,Kurla,0,increased,1386.0500000000002,1422.2135465025901
2026-07-14,Kurla West,0,decreased,-208.88999999999993,-216.8604219587525
2026-07-14,Kurla West,0,flat,-40.49000000000001,-112.00305208743751
2026-07-14,Kurla West,0,increased,2253.71,2214.046240291651
2026-07-14,Lower Parel - SJ Marg,0,decreased,-180.85999999999996,-175.61380029999683
2026-07-14,Lower Parel - SJ Marg,0,flat,45.38999999999994,115.4479494807449
2026-07-14,Lower Parel - SJ Marg,0,increased,855.16,856.7149989598311
2026-07-14,Mahakali,0,decreased,-178.12999999999988,-95.60502483766163
2026-07-14,Mahakali,0,flat,-129.8899999999999,57.698739118522994
2026-07-14,Mahakali,0,increased,2496.76,2651.2449406637775
2026-07-14,Mahavir Pride Dombivali,0,decreased,-154.4100000000001,-131.74464377074545
2026-07-14,Mahavir Pride Dombivali,0,flat,160.86999999999958,2.9272268271878232
2026-07-14,Mahavir Pride Dombivali,0,increased,1338.17,1208.4216629147872
2026-07-14,Mahim West,0,decreased,-188.29000000000002,-187.2002059971466
2026-07-14,Mahim West,0,flat,74.23000000000002,74.91273979159334
2026-07-14,Mahim West,0,increased,1312.21,1267.4117336047234
2026-07-14,Malad,0,decreased,-213.46999999999997,-198.21457685045624
2026-07-14,Malad,0,flat,98.09999999999997,-40.576414574108895
2026-07-14,Malad,0,increased,2366.02,2228.087250742746
2026-07-14,Malad Liberty Garden,0,decreased,-71.90999999999997,-93.92502923326992
2026-07-14,Malad Liberty Garden,0,flat,-40.230000000000096,175.5428902739946
2026-07-14,Malad Liberty Garden,0,increased,1377.2199999999998,1312.515525439048
2026-07-14,Malwani,0,decreased,-196.51,-193.73699145631525
2026-07-14,Malwani,0,flat,-11.270000000000024,-83.88207215033074
2026-07-14,Malwani,0,increased,1389.6499999999999,1254.5282509514038
2026-07-14,Marol,0,decreased,-27.82999999999987,-103.5342249212726
2026-07-14,Marol,0,flat,-1.1000000000000618,-74.37648074339661
2026-07-14,Marol,0,increased,2628.17,3084.576785794642
2026-07-14,Mharal Ulhasnagar,0,decreased,-644.8400000000001,-680.0013412221003
2026-07-14,Mharal Ulhasnagar,0,flat,-12.289999999999942,66.95595748600459
2026-07-14,Mharal Ulhasnagar,0,increased,1318.43,1342.5946464181036
2026-07-14,Mhasrul Nashik,0,decreased,-102.28,-101.3026693226139
2026-07-14,Mhasrul Nashik,0,flat,-192.11,-192.80998883201903
2026-07-14,Mhasrul Nashik,0,increased,965.54,807.6272647323276
2026-07-14,Mira Road,0,decreased,-80.13999999999999,-9.656698194318146
2026-07-14,Mira Road,0,flat,-109.17999999999991,82.22256174001946
2026-07-14,Mira Road,0,increased,1412.38,1418.5392103979325
2026-07-14,Mira Road - GCC Club Road,0,decreased,-504.83,-510.12715556585357
2026-07-14,Mira Road - GCC Club Road,0,flat,-1839.4600000000005,-1626.4636048500854
2026-07-14,Mira Road - GCC Club Road,0,increased,794.12,694.5972151312333
2026-07-14,Mira Road Jangid Complex,0,decreased,-111.94000000000003,-74.69912384720651
2026-07-14,Mira Road Jangid Complex,0,flat,-37.11000000000001,204.99341012083437
2026-07-14,Mira Road Jangid Complex,0,increased,1500.3600000000001,1426.9699072235321
2026-07-14,Mohan Nagar Kandivali,0,decreased,-103.48999999999997,-83.86857937028518
2026-07-14,Mohan Nagar Kandivali,0,flat,79.57,-181.62855569014732
2026-07-14,Mohan Nagar Kandivali,0,increased,1171.52,909.5316037008504
2026-07-14,Mulund East,0,decreased,-302.74,-288.8315592441222
2026-07-14,Mulund East,0,flat,-352.05999999999995,-215.42912884063776
2026-07-14,Mulund East,0,increased,4291.95,4236.492447360511
2026-07-14,Mulund Panch Rasta,0,decreased,-111.6,-94.65779040215648
2026-07-14,Mulund Panch Rasta,0,flat,-198.52999999999997,-65.85962393715718
2026-07-14,Mulund Panch Rasta,0,increased,1062.16,1072.8230659608794
2026-07-14,Mulund West,0,decreased,-296.57000000000005,-350.706764764482
2026-07-14,Mulund West,0,flat,-179.6799999999999,-283.9502098912721
2026-07-14,Mulund West,0,increased,2708.6800000000003,2809.8077079843306
2026-07-14,Mulund West-Sarvodaya Nagar,0,decreased,-58.52000000000003,-37.92874445256518
2026-07-14,Mulund West-Sarvodaya Nagar,0,flat,749.5,-386.82056501624476
2026-07-14,Mulund West-Sarvodaya Nagar,0,increased,2118.1400000000003,2204.6737304989524
2026-07-14,Mundhwa Pune,0,decreased,-205.07,-206.65876487649894
2026-07-14,Mundhwa Pune,0,flat,-131.6900000000001,-114.4374566201786
2026-07-14,Mundhwa Pune,0,increased,392.1000000000001,395.09922246381973
2026-07-14,NIBM Kondwa,0,decreased,-207.43999999999997,-212.43588218176882
2026-07-14,NIBM Kondwa,0,flat,102.34999999999985,186.24472877079356
2026-07-14,NIBM Kondwa,0,increased,1680.13,1681.265829398676
2026-07-14,Nahur West,0,decreased,-208.51,-222.60055918201505
2026-07-14,Nahur West,0,flat,-211.67999999999995,89.00289769086022
2026-07-14,Nahur West,0,increased,1491.76,1413.9392612589836
2026-07-14,Nalasopara - Yashwant Nagar,0,decreased,-199.48999999999992,-242.42254290129733
2026-07-14,Nalasopara - Yashwant Nagar,0,flat,-44.10999999999984,-349.2108223346152
2026-07-14,Nalasopara - Yashwant Nagar,0,increased,655.2600000000001,567.1025661972996
2026-07-14,Nalasopara West,0,decreased,-110.24999999999986,-99.97501670680946
2026-07-14,Nalasopara West,0,flat,-33.02999999999968,160.83053916868408
2026-07-14,Nalasopara West,0,increased,990.38,889.4894655038062
2026-07-14,Narhe Pune,0,decreased,-198.29000000000002,-197.16989424988492
2026-07-14,Narhe Pune,0,flat,74.99999999999999,7.780793214367158
2026-07-14,Narhe Pune,0,increased,514.76,387.64008984750086
2026-07-14,Naupada,0,decreased,-79.26000000000006,-188.4255436955394
2026-07-14,Naupada,0,flat,-391.6500000000003,-228.184736390322
2026-07-14,Naupada,0,increased,1880.59,1941.9147941285141
2026-07-14,Navare Nagar Ambernath,0,decreased,-203.29999999999998,-154.7893423461138
2026-07-14,Navare Nagar Ambernath,0,flat,-97.67999999999995,-72.15050887251233
2026-07-14,Navare Nagar Ambernath,0,increased,1013.1,1058.3943806494717
2026-07-14,Navi Peth Pune,0,decreased,-356.31000000000006,-200.569830564249
2026-07-14,Navi Peth Pune,0,flat,-27.8599999999999,13.682597870077604
2026-07-14,Navi Peth Pune,0,increased,1652.7,1587.1513060945856
2026-07-14,Navjeevan Mumbai Central,0,decreased,-181.33000000000007,-150.40703385931562
2026-07-14,Navjeevan Mumbai Central,0,flat,366.96000000000004,139.95426175349564
2026-07-14,Navjeevan Mumbai Central,0,increased,2053.69,2048.3198911839813
2026-07-14,Nerul East,0,decreased,-69.97999999999996,-90.44390566373178
2026-07-14,Nerul East,0,flat,66.67999999999995,-70.1421346392821
2026-07-14,Nerul East,0,increased,1289.5300000000002,1275.9417836380394
2026-07-14,Nerul West,0,decreased,-188.71,-137.22954178312028
2026-07-14,Nerul West,0,flat,-97.82999999999994,28.88309111350983
2026-07-14,Nerul West,0,increased,2170.75,2130.7291457515016
2026-07-14,New Panvel,0,decreased,-367.90999999999997,-278.7267197765774
2026-07-14,New Panvel,0,flat,84.9599999999999,-133.62204143471854
2026-07-14,New Panvel,0,increased,1936.84,1804.9020856221293
2026-07-14,Old Panvel,0,decreased,-193.86000000000007,-131.74251246412175
2026-07-14,Old Panvel,0,flat,-24.279999999999987,-20.266454125700935
2026-07-14,Old Panvel,0,increased,1256.98,1202.336469579697
2026-07-14,Palegaon Ambernath,0,decreased,-75.24999999999997,-57.7554992343579
2026-07-14,Palegaon Ambernath,0,flat,7.200000000000163,55.71112755111186
2026-07-14,Palegaon Ambernath,0,increased,799.17,820.4377970114429
2026-07-14,Panchpakhadi,0,decreased,-167.34999999999997,-140.75883089738437
2026-07-14,Panchpakhadi,0,flat,-39.35000000000009,-123.94374597330255
2026-07-14,Panchpakhadi,0,increased,1723.53,1586.084824344654
2026-07-14,Pantnagar,0,decreased,-142.24999999999997,-139.11963411400404
2026-07-14,Pantnagar,0,flat,31.220000000000027,79.78030796339189
2026-07-14,Pantnagar,0,increased,1168.74,1101.9480387872673
2026-07-14,Panvel - Uran Naka,0,decreased,-340.43,-333.2005707671581
2026-07-14,Panvel - Uran Naka,0,flat,53.80999999999983,99.38251698062417
2026-07-14,Panvel - Uran Naka,0,increased,1192.03,1193.1789291662215
2026-07-14,Phadke Road - Dombivali,0,decreased,-473.93,-462.7012732708621
2026-07-14,Phadke Road - Dombivali,0,flat,-31.5099999999999,68.29254076938408
2026-07-14,Phadke Road - Dombivali,0,increased,1363.05,1404.7907631179532
2026-07-14,Pimple Gurav,0,decreased,-168.01000000000002,-95.21004876399341
2026-07-14,Pimple Gurav,0,flat,-188.30000000000004,-392.4996732955266
2026-07-14,Pimple Gurav,0,increased,959.74,925.3277958870154
2026-07-14,Prabhadevi,0,decreased,-297.8299999999999,-223.86504003724176
2026-07-14,Prabhadevi,0,flat,76.3100000000001,215.1092473813788
2026-07-14,Prabhadevi,0,increased,2497.02,2314.8374677252546
2026-07-14,Pragati Nagar Nalasopara East,0,decreased,-263.25,-249.6694511349814
2026-07-14,Pragati Nagar Nalasopara East,0,flat,-1.7399999999999523,-86.5693647564168
2026-07-14,Pragati Nagar Nalasopara East,0,increased,965.74,921.8701223727206
2026-07-14,Rajawadi,0,decreased,-89.48999999999998,-122.0400979711792
2026-07-14,Rajawadi,0,flat,-7.719999999999967,-50.45478713790306
2026-07-14,Rajawadi,0,increased,1567.19,1573.411354115558
2026-07-14,Roadpali Kalamboli,0,decreased,-88.49999999999997,-78.46181998296449
2026-07-14,Roadpali Kalamboli,0,flat,-85.50000000000003,-109.71189540289228
2026-07-14,Roadpali Kalamboli,0,increased,1047.67,920.0289711825048
2026-07-14,Rupee Nagar Pune,0,decreased,-97.45999999999997,-116.43821094649627
2026-07-14,Rupee Nagar Pune,0,flat,63.38999999999996,-46.90501182209998
2026-07-14,Rupee Nagar Pune,0,increased,473.13,488.2972026106616
2026-07-14,Saibaba Nagar,0,decreased,-73.95000000000006,-78.31819453480361
2026-07-14,Saibaba Nagar,0,flat,-20.680000000000046,-4.420846189695112
2026-07-14,Saibaba Nagar,0,increased,1355.38,1304.318493000454
2026-07-14,Sakinaka - Pipeline Road,0,decreased,-522.6899999999999,-461.16516102200166
2026-07-14,Sakinaka - Pipeline Road,0,flat,116.12000000000005,131.8568524908369
2026-07-14,Sakinaka - Pipeline Road,0,increased,750.12,707.3518179542442
2026-07-14,Sanpada,1,decreased,-330.44,-353.9866081892491
2026-07-14,Sanpada,1,flat,-31.410000000000053,-212.24484164823218
2026-07-14,Sanpada,1,increased,2748.21,2602.8323910485246
2026-07-14,Santa Cruz SV Road,0,decreased,-407.9899999999998,-377.14944651480977
2026-07-14,Santa Cruz SV Road,0,flat,-44.659999999999954,-142.96482863712504
2026-07-14,Santa Cruz SV Road,0,increased,1338.73,1355.4837731232135
2026-07-14,"Santoshi Mata Road, Kalyan West",0,decreased,-110.26999999999994,-125.80619890436083
2026-07-14,"Santoshi Mata Road, Kalyan West",0,flat,-44.99999999999996,-162.89880128418505
2026-07-14,"Santoshi Mata Road, Kalyan West",0,increased,1033.01,1029.8404252438781
2026-07-14,Sasane Nagar Pune,1,decreased,-236.31999999999996,-81.5523167469234
2026-07-14,Sasane Nagar Pune,1,flat,-58.24000000000007,-159.71022144956322
2026-07-14,Sasane Nagar Pune,1,increased,667.21,779.4931914646367
2026-07-14,Seawoods,0,decreased,-186.71999999999997,-171.81185541644612
2026-07-14,Seawoods,0,flat,-116.53000000000006,-193.15186867240374
2026-07-14,Seawoods,0,increased,1977.18,2051.947572259414
2026-07-14,Sector 3 - New Panvel,0,decreased,-110.25999999999999,-112.90918777625967
2026-07-14,Sector 3 - New Panvel,0,flat,-139.39999999999998,-228.54834398858264
2026-07-14,Sector 3 - New Panvel,0,increased,1123.7,1116.1946057090945
2026-07-14,Shanti Nagar Mira Road,0,decreased,-153.75999999999996,-141.18885362775814
2026-07-14,Shanti Nagar Mira Road,0,flat,30.72999999999996,57.46199314830902
2026-07-14,Shanti Nagar Mira Road,0,increased,756.1600000000002,793.05671211244
2026-07-14,Shirgaon Badlapur,0,decreased,-311.7900000000001,-332.0802822149362
2026-07-14,Shirgaon Badlapur,0,flat,-182.13,-133.95632252792882
2026-07-14,Shirgaon Badlapur,0,increased,1321.9199999999998,1178.3309636493195
2026-07-14,Shivaji Nagar Pune,0,decreased,-148.60999999999996,-186.54911450913556
2026-07-14,Shivaji Nagar Pune,0,flat,-5.410000000000052,-29.13971268960264
2026-07-14,Shivaji Nagar Pune,0,increased,1359.42,1272.296390768412
2026-07-14,Shreenagar,0,decreased,-661.92,-684.8947527651277
2026-07-14,Shreenagar,0,flat,-22.180000000000113,157.65981780560827
2026-07-14,Shreenagar,0,increased,3866.31,3839.419539054918
2026-07-14,Shriprastha Nalasopara West,0,decreased,-242.26000000000005,-228.3304945697143
2026-07-14,Shriprastha Nalasopara West,0,flat,-151.7800000000001,-51.73534244680382
2026-07-14,Shriprastha Nalasopara West,0,increased,588.55,579.8656716249028
2026-07-14,Sion Koliwada,0,decreased,-123.49999999999997,-127.39479744900937
2026-07-14,Sion Koliwada,0,flat,-75.42000000000002,16.60962943371543
2026-07-14,Sion Koliwada,0,increased,1218.47,1187.57100421488
2026-07-14,Thakur Complex,0,decreased,-142.29999999999998,-112.31808002875752
2026-07-14,Thakur Complex,0,flat,166.53999999999994,-51.58208529684062
2026-07-14,Thakur Complex,0,increased,2393.77,2356.0947203778637
2026-07-14,Thergaon,0,decreased,-211.69999999999993,-164.66521327915137
2026-07-14,Thergaon,0,flat,297.82,-148.18908444107979
2026-07-14,Thergaon,0,increased,885.8899999999999,861.842319577409
2026-07-14,Tilak Road Pune,0,decreased,-46.85999999999999,-46.799221563367844
2026-07-14,Tilak Road Pune,0,flat,-26.110000000000056,-164.927210919437
2026-07-14,Tilak Road Pune,0,increased,1541.7800000000002,1498.0764048786523
2026-07-14,Tilaknagar,0,decreased,-425.5100000000001,-424.89884764118443
2026-07-14,Tilaknagar,0,flat,-62.540000000000006,-123.37369412502878
2026-07-14,Tilaknagar,0,increased,1799.3,1725.1987744656753
2026-07-14,Titwala,0,decreased,-489.1200000000001,-483.58813554034515
2026-07-14,Titwala,0,flat,6.4899999999999665,-157.35453175036247
2026-07-14,Titwala,0,increased,1612.04,1323.4977237056044
2026-07-14,Trimurti Chowk Nashik,0,decreased,-50.19,-44.83652395683451
2026-07-14,Trimurti Chowk Nashik,0,flat,-34.83999999999999,59.05345413588728
2026-07-14,Trimurti Chowk Nashik,0,increased,625.9,568.1169043068145
2026-07-14,Ulhas Nagar - Shahad,0,decreased,-283.00999999999993,-265.16011907420295
2026-07-14,Ulhas Nagar - Shahad,0,flat,-95.24999999999997,-2.2429676031742094
2026-07-14,Ulhas Nagar - Shahad,0,increased,618.6100000000001,627.3471693764047
2026-07-14,Ulhas Nagar - Shreeram Chowk,0,decreased,-103.89999999999995,-67.29067664016678
2026-07-14,Ulhas Nagar - Shreeram Chowk,0,flat,-27.010000000000012,-24.981888180575545
2026-07-14,Ulhas Nagar - Shreeram Chowk,0,increased,541.83,516.3748035047405
2026-07-14,Ulhasnagar,0,decreased,-249.64999999999992,-213.0289550551273
2026-07-14,Ulhasnagar,0,flat,-1.1999999999999318,32.82917647844277
2026-07-14,Ulhasnagar,0,increased,1880.7,1829.0053818219963
2026-07-14,Ulhasnagar - Humlog Circle,0,decreased,-131.95999999999998,-130.44465909501054
2026-07-14,Ulhasnagar - Humlog Circle,0,flat,55.13000000000009,129.30395467806093
2026-07-14,Ulhasnagar - Humlog Circle,0,increased,1280.13,1191.0109707934005
2026-07-14,Ulhasnagar - Khemani Chowk,0,decreased,-356.5100000000001,-352.883381259954
2026-07-14,Ulhasnagar - Khemani Chowk,0,flat,2.600000000000005,62.929900564498126
2026-07-14,Ulhasnagar - Khemani Chowk,0,increased,640.45,678.9504186877423
2026-07-14,Ulhasnagar Sector 4,0,decreased,-201.63000000000008,-190.73687928171108
2026-07-14,Ulhasnagar Sector 4,0,flat,34.22000000000004,-23.953977088633522
2026-07-14,Ulhasnagar Sector 4,0,increased,1187.46,1109.9751965345567
2026-07-14,Ulwe-Navi Mumbai,0,decreased,-68.03999999999998,-50.823047407850794
2026-07-14,Ulwe-Navi Mumbai,0,flat,-42.95000000000001,-36.446615404875345
2026-07-14,Ulwe-Navi Mumbai,0,increased,1492.98,1672.4335888517578
2026-07-14,Vakola,0,decreased,-60.10999999999999,-52.05820510309408
2026-07-14,Vakola,0,flat,28.67000000000008,-130.53988267502032
2026-07-14,Vakola,0,increased,2001.34,1925.2927103852887
2026-07-14,Vasai West - Station Road,0,decreased,-241.3,-202.94941991333295
2026-07-14,Vasai West - Station Road,0,flat,-249.88000000000022,-207.24510916829612
2026-07-14,Vasai West - Station Road,0,increased,1451.28,1436.8419649651821
2026-07-14,Vashi,0,decreased,-484.79999999999995,-477.0855758465191
2026-07-14,Vashi,0,flat,-427.9000000000003,-146.68396063188644
2026-07-14,Vashi,0,increased,3477.12,3452.6627936055556
2026-07-14,Vashi Sector 11,0,decreased,-205.87999999999997,-150.7546906041247
2026-07-14,Vashi Sector 11,0,flat,-46.1499999999997,183.93244567287147
2026-07-14,Vashi Sector 11,0,increased,1969.85,2001.2574792547503
2026-07-14,Veenanagar,0,decreased,-239.2,-232.3814677451861
2026-07-14,Veenanagar,0,flat,-41.100000000000016,-5.120435711777599
2026-07-14,Veenanagar,0,increased,1969.74,1918.076282388117
2026-07-14,Versova - Yari Road,0,decreased,-180.88,-194.6910941662629
2026-07-14,Versova - Yari Road,0,flat,342.8200000000002,-7.067133503282143
2026-07-14,Versova - Yari Road,0,increased,1039.28,1020.710583663717
2026-07-14,Versova Andheri,0,decreased,-243.06999999999994,-189.92704292523644
2026-07-14,Versova Andheri,0,flat,0.48000000000012477,111.08153339680408
2026-07-14,Versova Andheri,0,increased,2195.85,2045.1285907575125
2026-07-14,Vijay Nagari - Thane,0,decreased,-196.51999999999992,-207.04459404979224
2026-07-14,Vijay Nagari - Thane,0,flat,-373.52000000000004,17.822653462604492
2026-07-14,Vijay Nagari - Thane,0,increased,2469.5,2366.6283219370366
2026-07-14,Vikhroli,0,decreased,-531.35,-496.83995545800593
2026-07-14,Vikhroli,0,flat,720.2500000000001,4.252975618891888
2026-07-14,Vikhroli,0,increased,3403.2200000000003,3272.5090293250382
2026-07-14,Vikhroli Kannamwar,0,decreased,-258.14,-256.01797455944086
2026-07-14,Vikhroli Kannamwar,0,flat,6.879999999999988,-79.76265303811095
2026-07-14,Vikhroli Kannamwar,0,increased,1867.4000000000003,1623.6676089815048
2026-07-14,Vile Parle,0,decreased,-162.14,-96.54445744198196
2026-07-14,Vile Parle,0,flat,63.959999999999994,-52.737487933470305
2026-07-14,Vile Parle,0,increased,935.12,879.5886339816091
2026-07-14,Virar East,0,decreased,-111.03000000000011,-86.96947109754565
2026-07-14,Virar East,0,flat,-37.75999999999999,89.11065569696538
2026-07-14,Virar East,0,increased,1651.21,1512.0940141499775
2026-07-14,Virar West,0,decreased,-54.090000000000025,-64.64399286361169
2026-07-14,Virar West,0,flat,51.77000000000002,-28.737635803979032
2026-07-14,Virar West,0,increased,1060.9300000000003,966.3637009238298
2026-07-14,Wadgaon Budruk Pune,0,decreased,-95.27999999999997,-62.039856075993875
2026-07-14,Wadgaon Budruk Pune,0,flat,29.920000000000027,26.162009095795284
2026-07-14,Wadgaon Budruk Pune,0,increased,763.83,672.5685118074526
2026-07-14,Wadgaon Sheri,0,decreased,-266.09000000000003,-241.97070200068444
2026-07-14,Wadgaon Sheri,0,flat,-11.000000000000032,74.76495663027177
2026-07-14,Wadgaon Sheri,0,increased,1179.31,1086.3252926494154
2026-07-14,Wadgaon Sheri-Old Mundhwa Rd,0,decreased,-89.80999999999999,-79.709573818514
2026-07-14,Wadgaon Sheri-Old Mundhwa Rd,0,flat,-3.3000000000000043,-18.380797406793725
2026-07-14,Wadgaon Sheri-Old Mundhwa Rd,0,increased,441.38,364.86940112834753
2026-07-14,Wanawadi Pune,0,decreased,-72.88999999999993,-102.02610645778009
2026-07-14,Wanawadi Pune,0,flat,-13.420000000000016,-185.55091706146004
2026-07-14,Wanawadi Pune,0,increased,1508.74,1446.0495273945025
2026-07-14,Warje Pune,0,decreased,-492.9200000000001,-404.09697616226293
2026-07-14,Warje Pune,0,flat,-34.71000000000003,-6.458846873756463
2026-07-14,Warje Pune,0,increased,1002.1600000000001,1029.2652483646423
2026-07-14,Wayale Nagar,0,decreased,-677.09,-666.2335383645366
2026-07-14,Wayale Nagar,0,flat,9.309999999999917,-57.938164096848375
2026-07-14,Wayale Nagar,0,increased,1318.5600000000002,1244.6420809935873
2026-07-14,Yashodhan,0,decreased,-421.34,-427.4731452237325
2026-07-14,Yashodhan,0,flat,-472.40000000000003,-787.5924983764091
2026-07-14,Yashodhan,0,increased,3197.1099999999997,3097.4822052254094
2026-07-14,Yogi Nagar,0,decreased,-24.209999999999994,-19.644531029040394
2026-07-14,Yogi Nagar,0,flat,32.919999999999945,-41.034880826604
2026-07-14,Yogi Nagar,0,increased,1108.4,1142.958490314243
2026-07-14,Yogidham Kalyan,0,decreased,-152.95999999999995,-119.88502922394488
2026-07-14,Yogidham Kalyan,0,flat,-1108.2362,-888.7499535615245
2026-07-14,Yogidham Kalyan,0,increased,412.6720000000001,358.5741020759662
2026-07-15,7 Rasta Byculla,0,decreased,-253.23999999999995,-245.08308900888446
2026-07-15,7 Rasta Byculla,0,flat,30.200000000000138,149.77411342327696
2026-07-15,7 Rasta Byculla,0,increased,1491.28,1447.8134997742793
2026-07-15,Airoli,0,decreased,-329.68999999999994,-271.3853110959374
2026-07-15,Airoli,0,flat,503.9200000000001,314.58607968733907
2026-07-15,Airoli,0,increased,2720.54,2520.2838080441493
2026-07-15,Airoli Sector - 3,0,decreased,-229.36,-154.20054503786207
2026-07-15,Airoli Sector - 3,0,flat,89.19000000000011,192.14271687593106
2026-07-15,Airoli Sector - 3,0,increased,1622.73,1543.0169163056603
2026-07-15,Ambegaon Pune,0,decreased,-30.400000000000006,-72.99513594612384
2026-07-15,Ambegaon Pune,0,flat,69.47000000000004,-18.9112691710863
2026-07-15,Ambegaon Pune,0,increased,685.1400000000001,664.8190825573245
2026-07-15,Ambernath East,0,decreased,-198.75,-188.41647022229748
2026-07-15,Ambernath East,0,flat,4.879999999999976,-103.9413733266836
2026-07-15,Ambernath East,0,increased,900.1199999999999,910.4173714756989
2026-07-15,Ambernath West,0,decreased,-115.54000000000002,-117.23333969497585
2026-07-15,Ambernath West,0,flat,-107.80999999999997,-14.23536252961793
2026-07-15,Ambernath West,0,increased,842.2500000000001,811.1414505669111
2026-07-15,Ashokvan Dahisar,0,decreased,-301.0799999999999,-158.45289142231576
2026-07-15,Ashokvan Dahisar,0,flat,-52.850000000000115,-78.66577379142605
2026-07-15,Ashokvan Dahisar,0,increased,1781.8,1818.7572885690022
2026-07-15,Badlapur - Belavali,0,decreased,-214.3899999999999,-190.60046899924933
2026-07-15,Badlapur - Belavali,0,flat,176.97,87.01679856102126
2026-07-15,Badlapur - Belavali,0,increased,880.1000000000001,869.3560996154032
2026-07-15,Badlapur East,0,decreased,-97.59999999999998,-40.99299854750461
2026-07-15,Badlapur East,0,flat,-150.25000000000009,-125.56159459661451
2026-07-15,Badlapur East,0,increased,714.65,704.5494859705452
2026-07-15,Bandra,1,decreased,-228.32999999999998,-220.92647883431482
2026-07-15,Bandra,1,flat,-24.03000000000014,-79.56229902717453
2026-07-15,Bandra,1,increased,2204.27,2221.059934160596
2026-07-15,Bhandup West,0,decreased,-105.48000000000003,-119.35793482696035
2026-07-15,Bhandup West,0,flat,-181.1200000000001,-293.1947944543738
2026-07-15,Bhandup West,0,increased,1917.54,1868.8810196677289
2026-07-15,Bhayandar,0,decreased,-130.19,-14.963635360928428
2026-07-15,Bhayandar,0,flat,-1005.8399999999999,-26.055686171096735
2026-07-15,Bhayandar,0,increased,2229.96,2128.1910892964024
2026-07-15,Bhayander 60 Feet Road,0,decreased,-329.94000000000005,-303.22998132952347
2026-07-15,Bhayander 60 Feet Road,0,flat,141.09000000000015,-18.09376933771757
2026-07-15,Bhayander 60 Feet Road,0,increased,1132.45,1130.0737810318403
2026-07-15,Bhekrainagar Pune,0,decreased,-163.36,-149.7254002110343
2026-07-15,Bhekrainagar Pune,0,flat,144.11,-17.99400798244749
2026-07-15,Bhekrainagar Pune,0,increased,679.13,695.3979113586355
2026-07-15,Bhiwandi - Shivaji Chowk,0,decreased,-142.43000000000004,-56.919003627758485
2026-07-15,Bhiwandi - Shivaji Chowk,0,flat,129.2299999999999,-54.14541875240015
2026-07-15,Bhiwandi - Shivaji Chowk,0,increased,416.91,409.3546702160081
2026-07-15,Bhiwandi Dhamankar Naka,1,decreased,-190.63,-192.83768642981693
2026-07-15,Bhiwandi Dhamankar Naka,1,flat,48.16999999999983,244.82161081173527
2026-07-15,Bhiwandi Dhamankar Naka,1,increased,1540.2900000000002,1502.4220094637187
2026-07-15,Bibwewadi Pune,0,decreased,-21.149999999999963,-2.026205722638082
2026-07-15,Bibwewadi Pune,0,flat,-3.4799999999999542,-14.864316654551164
2026-07-15,Bibwewadi Pune,0,increased,1681.74,1590.297156045897
2026-07-15,Bytco Point Nashik,0,decreased,-355.09000000000003,-333.27460544433484
2026-07-15,Bytco Point Nashik,0,flat,-157.92000000000007,-171.24391888396474
2026-07-15,Bytco Point Nashik,0,increased,774.18,502.20723478684215
2026-07-15,CST Bora Bazaar,0,decreased,-287.04,-291.2448803433712
2026-07-15,CST Bora Bazaar,0,flat,-2.0200000000001452,-30.531661018097793
2026-07-15,CST Bora Bazaar,0,increased,1413.42,1364.7862345695771
2026-07-15,Chandivali,0,decreased,-287.68,-228.87008104655482
2026-07-15,Chandivali,0,flat,-17.709999999999944,-13.0372771026619
2026-07-15,Chandivali,0,increased,1016.1800000000002,974.5632081712179
2026-07-15,Charkop,0,decreased,-387.43,-349.0865055007705
2026-07-15,Charkop,0,flat,-316.0600000000001,-501.38760520085657
2026-07-15,Charkop,0,increased,1991.96,1944.6453523615041
2026-07-15,Chembur,0,decreased,-113.80999999999999,-108.470779842913
2026-07-15,Chembur,0,flat,-29.36000000000004,-113.84405930494565
2026-07-15,Chembur,0,increased,3246.32,3179.810919299731
2026-07-15,Chinchwad,1,decreased,-87.36999999999998,-94.97880220738583
2026-07-15,Chinchwad,1,flat,-7.6600000000001,-3.9688874739593345
2026-07-15,Chinchwad,1,increased,1148.66,1146.87166775655
2026-07-15,Chinchwad - Gandhi Peth,1,decreased,-50.890000000000015,-50.83006365226676
2026-07-15,Chinchwad - Gandhi Peth,1,flat,-62.31000000000003,-64.3094386754543
2026-07-15,Chinchwad - Gandhi Peth,1,increased,152.04999999999998,171.05562220830558
2026-07-15,Cidco Nashik,0,decreased,-55.23,-47.68559420219679
2026-07-15,Cidco Nashik,0,flat,-24.26000000000001,-37.481520860893724
2026-07-15,Cidco Nashik,0,increased,642.3299999999999,647.1039208115701
2026-07-15,Colaba,1,decreased,-74.74,-74.67985760653335
2026-07-15,Colaba,1,flat,29.43,32.90715141024813
2026-07-15,Colaba,1,increased,834.1700000000001,825.5133868920184
2026-07-15,Dadar East,0,decreased,-53.43999999999998,-49.82124600963522
2026-07-15,Dadar East,0,flat,11.440000000000033,-33.755871518170615
2026-07-15,Dadar East,0,increased,730.58,655.2690389469849
2026-07-15,Dahisar,0,decreased,-107.65999999999997,-89.52862066234654
2026-07-15,Dahisar,0,flat,-104.17999999999992,-91.71717357526703
2026-07-15,Dahisar,0,increased,1368.37,1346.7362601420189
2026-07-15,Dattnagar,0,decreased,-94.40999999999997,-89.82802579129479
2026-07-15,Dattnagar,0,flat,25.510000000000023,-215.29864280862324
2026-07-15,Dattnagar,0,increased,1415.55,1386.9066200915622
2026-07-15,Dhanakwadi,0,decreased,-318.25,-307.569765602423
2026-07-15,Dhanakwadi,0,flat,25.73999999999996,-1685.338857528412
2026-07-15,Dhanakwadi,0,increased,791.65,760.2857070273184
2026-07-15,Dhanori Pune,0,decreased,-169.50000000000017,-169.01612986183505
2026-07-15,Dhanori Pune,0,flat,-34.290000000000006,-83.59708030956872
2026-07-15,Dhanori Pune,0,increased,857.74,806.193295358401
2026-07-15,Dhayari Pune,0,decreased,-139.14,-128.00946772857927
2026-07-15,Dhayari Pune,0,flat,-36.939999999999955,-514.894759479857
2026-07-15,Dhayari Pune,0,increased,691.2399999999999,710.7682754207806
2026-07-15,Dighi Pune,1,decreased,-128.56,-117.41386310725113
2026-07-15,Dighi Pune,1,flat,-6.4199999999999235,23.69156000429959
2026-07-15,Dighi Pune,1,increased,963.1800000000002,925.4384935584777
2026-07-15,Dombivali,0,decreased,-69.17999999999996,-60.237944245721636
2026-07-15,Dombivali,0,flat,-80.20000000000002,-112.44197110230768
2026-07-15,Dombivali,0,increased,909.01,1012.1475607690302
2026-07-15,Dombivali - Navpada,0,decreased,-128.9,-106.13433321838215
2026-07-15,Dombivali - Navpada,0,flat,-76.34999999999975,68.42147938901547
2026-07-15,Dombivali - Navpada,0,increased,826.13,712.582150300117
2026-07-15,Dombivali - Reti Bunder,0,decreased,-283.2518,-226.9735808852022
2026-07-15,Dombivali - Reti Bunder,0,flat,-17.586299999999937,63.30804586061319
2026-07-15,Dombivali - Reti Bunder,0,increased,629.6425,622.9027615263828
2026-07-15,Dombivli West,0,decreased,-225.84999999999994,-281.8981787938842
2026-07-15,Dombivli West,0,flat,3.5400000000000738,-14.583746666591805
2026-07-15,Dombivli West,0,increased,2706.11,2738.8919080617306
2026-07-15,Evershine Nagar,0,decreased,-262.77,-256.78725393615775
2026-07-15,Evershine Nagar,0,flat,-161.3200000000001,-454.256068794798
2026-07-15,Evershine Nagar,0,increased,1476.84,1463.557127566938
2026-07-15,Fam Society - Koperkhairne,0,decreased,-195.07,-184.1079103166247
2026-07-15,Fam Society - Koperkhairne,0,flat,-64.71999999999996,-132.78789318799213
2026-07-15,Fam Society - Koperkhairne,0,increased,1676.9899999999998,1633.1917951081944
2026-07-15,Fursungi Pune,0,decreased,-89.82000000000002,-79.94367800506261
2026-07-15,Fursungi Pune,0,flat,61.030000000000086,-117.00294586317877
2026-07-15,Fursungi Pune,0,increased,410.8,379.77115276759633
2026-07-15,Ghansoli,0,decreased,-347.2,-189.11839851948565
2026-07-15,Ghansoli,0,flat,-53.680000000000014,-206.8601962420352
2026-07-15,Ghansoli,0,increased,2602.08,2445.49454040704
2026-07-15,Ghatkopar East,0,decreased,-343.41999999999996,-364.2617452325194
2026-07-15,Ghatkopar East,0,flat,379.3199999999998,239.311242838449
2026-07-15,Ghatkopar East,0,increased,2423.9200000000005,3075.7083959367505
2026-07-15,Ghatkopar West,0,decreased,-209.78999999999994,-207.11535235475816
2026-07-15,Ghatkopar West,0,flat,8.939999999999966,31.7380664764749
2026-07-15,Ghatkopar West,0,increased,1589.95,1675.7696065840742
2026-07-15,Ghodapdeo - Byculla,0,decreased,-200.60999999999999,-224.1858892803147
2026-07-15,Ghodapdeo - Byculla,0,flat,-27.07000000000002,8.700691519550034
2026-07-15,Ghodapdeo - Byculla,0,increased,1229.01,1274.0259756135695
2026-07-15,Global City Virar West,0,decreased,-142.31,-159.53912370392194
2026-07-15,Global City Virar West,0,flat,-136.95000000000002,-176.33104729995785
2026-07-15,Global City Virar West,0,increased,1034.31,1532.8683438959752
2026-07-15,Goregaon,1,decreased,-358.0399999999999,-328.25821023991017
2026-07-15,Goregaon,1,flat,-305.17000000000024,-293.40708423449337
2026-07-15,Goregaon,1,increased,1973.6800000000003,1950.982810526183
2026-07-15,Goregaon West S.V. Road,1,decreased,-225.76999999999998,-220.40550043112356
2026-07-15,Goregaon West S.V. Road,1,flat,-125.67999999999984,-231.51550556380815
2026-07-15,Goregaon West S.V. Road,1,increased,1414.4299999999998,1251.3199501187157
2026-07-15,Govandi,0,decreased,-349.54999999999995,-379.31554438227016
2026-07-15,Govandi,0,flat,-71.76999999999995,-262.7024558942978
2026-07-15,Govandi,0,increased,2272.94,2039.5863976842375
2026-07-15,Gujrat Colony Kothrud,0,decreased,-219.57,-219.4448631974178
2026-07-15,Gujrat Colony Kothrud,0,flat,70.6099999999998,-477.51215582817036
2026-07-15,Gujrat Colony Kothrud,0,increased,447.56,440.928634776982
2026-07-15,Gulab Nagar Pune,0,decreased,-97.17,-96.53423589491769
2026-07-15,Gulab Nagar Pune,0,flat,-108.32000000000005,-33.86378699379816
2026-07-15,Gulab Nagar Pune,0,increased,868.22,859.3174293838042
2026-07-15,Hari Om Nagar,0,decreased,-217.45,-243.8020850160551
2026-07-15,Hari Om Nagar,0,flat,-35.95999999999994,2.2396451413653544
2026-07-15,Hari Om Nagar,0,increased,1135.1399999999999,1061.0040776785163
2026-07-15,Hiltron Ulhasnagar,0,decreased,-176.64,-164.0666523958733
2026-07-15,Hiltron Ulhasnagar,0,flat,-51.77000000000004,-89.79643334795281
2026-07-15,Hiltron Ulhasnagar,0,increased,976.33,851.9293586715178
2026-07-15,Hiranandani Thane,0,decreased,-80.40000000000002,-75.90554909542351
2026-07-15,Hiranandani Thane,0,flat,-50.279999999999845,-281.06867651652334
2026-07-15,Hiranandani Thane,0,increased,1872.4,1733.0167211873634
2026-07-15,IC Colony Borivali,0,decreased,-202.15999999999997,-135.79683889000935
2026-07-15,IC Colony Borivali,0,flat,-142.74000000000004,159.05690124577595
2026-07-15,IC Colony Borivali,0,increased,2582.55,2430.7913612026136
2026-07-15,JB Nagar,0,decreased,-401.29999999999995,-416.94937653981486
2026-07-15,JB Nagar,0,flat,810.4900000000002,312.0072793143311
2026-07-15,JB Nagar,0,increased,3152.21,3014.641260020899
2026-07-15,JJ Hospital,0,decreased,-147.54000000000008,-130.5276594187163
2026-07-15,JJ Hospital,0,flat,-36.229999999999954,18.276891075925327
2026-07-15,JJ Hospital,0,increased,2880.79,2829.598573166877
2026-07-15,Jagruti Nagar Ghatkopar,0,decreased,-162.93,-139.6414904280553
2026-07-15,Jagruti Nagar Ghatkopar,0,flat,6.320000000000018,38.37114679411514
2026-07-15,Jagruti Nagar Ghatkopar,0,increased,690.51,643.8231572552938
2026-07-15,Jail Road Nashik,0,decreased,-158.03999999999996,-310.63966569723283
2026-07-15,Jail Road Nashik,0,flat,-92.26999999999992,-66.52392249702082
2026-07-15,Jail Road Nashik,0,increased,696.6200000000001,712.3624838736195
2026-07-15,Jay VIjay Nagar Nalasopara East,0,decreased,-283.81,-299.75767395081357
2026-07-15,Jay VIjay Nagar Nalasopara East,0,flat,-3.300000000000086,-53.783382774282444
2026-07-15,Jay VIjay Nagar Nalasopara East,0,increased,432.6400000000001,509.7051372251781
2026-07-15,Kalamboli,0,decreased,-189.14999999999998,-141.75705285822818
2026-07-15,Kalamboli,0,flat,-67.11000000000007,-107.86635481947009
2026-07-15,Kalamboli,0,increased,924.26,904.9966318665067
2026-07-15,Kalher Bhiwandi,0,decreased,-313.2299999999999,-332.0228607530105
2026-07-15,Kalher Bhiwandi,0,flat,93.99000000000008,-326.00329067190125
2026-07-15,Kalher Bhiwandi,0,increased,1231.0900000000001,1138.9599374058382
2026-07-15,Kalina,0,decreased,-71.11000000000001,-61.990140865806005
2026-07-15,Kalina,0,flat,-98.34,-139.98595608697536
2026-07-15,Kalina,0,increased,1290.21,1190.9448222777642
2026-07-15,Kalwa,0,decreased,-356.12999999999994,-348.4925003353564
2026-07-15,Kalwa,0,flat,-155.4700000000002,-4.398617856030825
2026-07-15,Kalwa,0,increased,3722.7400000000002,3774.45476927448
2026-07-15,Kalyan,0,decreased,-101.23000000000008,55.868387943414206
2026-07-15,Kalyan,0,flat,-75.31999999999991,-37.51528890418439
2026-07-15,Kalyan,0,increased,1187.3700000000001,1233.104373706011
2026-07-15,Kalyan - DB Chowk,0,decreased,-267.5899999999999,-255.74311833964637
2026-07-15,Kalyan - DB Chowk,0,flat,38.63999999999998,57.18949750575042
2026-07-15,Kalyan - DB Chowk,0,increased,956.4200000000001,956.815809616054
2026-07-15,Kalyan East-Tisgaon Naka,0,decreased,-121.78000000000002,-109.76630120853099
2026-07-15,Kalyan East-Tisgaon Naka,0,flat,-62.75000000000001,-100.93196766377818
2026-07-15,Kalyan East-Tisgaon Naka,0,increased,1412.94,1356.4592955367912
2026-07-15,Kalyan West Club Road,0,decreased,-169.01000000000005,-154.23559320533124
2026-07-15,Kalyan West Club Road,0,flat,-130.02,2.3520728249462906
2026-07-15,Kalyan West Club Road,0,increased,1274.57,1240.3794220828825
2026-07-15,Kamotha,0,decreased,-196.35999999999993,-160.33528622522078
2026-07-15,Kamotha,0,flat,70.94999999999996,6.915130962465739
2026-07-15,Kamotha,0,increased,2159.92,2023.3236993060793
2026-07-15,Kamothe - Sector 36,0,decreased,-78.93999999999998,-75.21121387106014
2026-07-15,Kamothe - Sector 36,0,flat,-107.55999999999996,40.8061972921236
2026-07-15,Kamothe - Sector 36,0,increased,684.1700000000001,668.3334999134836
2026-07-15,Kandivali East,0,decreased,-166.52999999999992,-149.6077287628571
2026-07-15,Kandivali East,0,flat,-5.670000000000016,142.9446546843481
2026-07-15,Kandivali East,0,increased,2304.93,2276.7291108598138
2026-07-15,Kandivali West,0,decreased,-101.50000000000003,-102.41559111929732
2026-07-15,Kandivali West,0,flat,-9.850000000000001,-36.488273330078044
2026-07-15,Kandivali West,0,increased,887.1200000000001,806.3664085388093
2026-07-15,Kasarvadavali Thane,0,decreased,-122.50000000000003,-114.08725818435325
2026-07-15,Kasarvadavali Thane,0,flat,-125.38999999999999,-143.27498100768076
2026-07-15,Kasarvadavali Thane,0,increased,1453.63,1421.213414926874
2026-07-15,Katrap Badlapur East,0,decreased,-434.35999999999996,-446.2016445008448
2026-07-15,Katrap Badlapur East,0,flat,-35.90999999999998,-0.44239073737016366
2026-07-15,Katrap Badlapur East,0,increased,467.27,477.7225925981614
2026-07-15,Khadki Pune,0,decreased,-36.00000000000004,-29.89589956637424
2026-07-15,Khadki Pune,0,flat,-42.28000000000002,-98.7578551109477
2026-07-15,Khadki Pune,0,increased,468.53999999999996,479.6115680946853
2026-07-15,Khanda Colony,1,decreased,-66.81000000000002,-64.42326768368481
2026-07-15,Khanda Colony,1,flat,76.7799999999999,-64.42216365497093
2026-07-15,Khanda Colony,1,increased,853.77,835.6178749438674
2026-07-15,Khar West,1,decreased,-123.10999999999996,-119.79619523272902
2026-07-15,Khar West,1,flat,-17.04000000000002,72.75743495016218
2026-07-15,Khar West,1,increased,1813.17,1787.241504663339
2026-07-15,Kharghar,0,decreased,-234.61999999999998,-236.97615248248871
2026-07-15,Kharghar,0,flat,-43.250000000000014,-164.40030245306912
2026-07-15,Kharghar,0,increased,2091.23,1991.1505000288255
2026-07-15,Kharghar Sector 12,0,decreased,-38.85000000000001,-38.5977005814555
2026-07-15,Kharghar Sector 12,0,flat,-12.03999999999999,-53.785664234469756
2026-07-15,Kharghar Sector 12,0,increased,1089.5700000000002,1056.1388977116078
2026-07-15,Khopat,0,decreased,-272.05,-212.60057511990607
2026-07-15,Khopat,0,flat,-118.35,-66.25841935982676
2026-07-15,Khopat,0,increased,2374.8799999999997,2371.491543790815
2026-07-15,Khutwad Nagar Nashik,0,decreased,-64.09,-61.11964798435108
2026-07-15,Khutwad Nagar Nashik,0,flat,-40.98000000000002,-33.31678714715072
2026-07-15,Khutwad Nagar Nashik,0,increased,187.56000000000003,185.8239288643525
2026-07-15,Kolsheth,0,decreased,-278.41999999999996,-337.11256906592143
2026-07-15,Kolsheth,0,flat,-472.62,-164.2752932244382
2026-07-15,Kolsheth,0,increased,3574.38,3554.8592390949357
2026-07-15,Kopar Khairane,0,decreased,-260.37,-243.2339385636881
2026-07-15,Kopar Khairane,0,flat,-0.5800000000000622,61.31724731557838
2026-07-15,Kopar Khairane,0,increased,2209.86,2171.812752307551
2026-07-15,Kopari Thane,0,decreased,-117.73999999999997,-120.80951405825861
2026-07-15,Kopari Thane,0,flat,-443.21000000000004,-650.49608766525
2026-07-15,Kopari Thane,0,increased,947.5400000000001,921.3248721946917
2026-07-15,Koper Khairane - Sector 7,0,decreased,-173.94000000000005,-139.25338806691462
2026-07-15,Koper Khairane - Sector 7,0,flat,56.14000000000007,7.746815317562678
2026-07-15,Koper Khairane - Sector 7,0,increased,2276.71,2308.058654005585
2026-07-15,Kulgaon Badlapur West,0,decreased,-130.56999999999996,-124.6109685756457
2026-07-15,Kulgaon Badlapur West,0,flat,-206.62999999999957,-242.4569762781204
2026-07-15,Kulgaon Badlapur West,0,increased,929.4,869.8471886477943
2026-07-15,Kurla,0,decreased,-448.5199999999999,-424.3153895563553
2026-07-15,Kurla,0,flat,-71.05000000000004,37.70376283231266
2026-07-15,Kurla,0,increased,1360.53,1323.0138570196702
2026-07-15,Kurla West,0,decreased,-227.78999999999994,-266.4530335354365
2026-07-15,Kurla West,0,flat,-150.4999999999999,-248.58038563345232
2026-07-15,Kurla West,0,increased,2042.23,2053.424340559768
2026-07-15,Lower Parel - SJ Marg,0,decreased,-207.52999999999994,-144.8621050072496
2026-07-15,Lower Parel - SJ Marg,0,flat,-121.58,-100.16499162019288
2026-07-15,Lower Parel - SJ Marg,0,increased,607.1099999999999,513.3529887289983
2026-07-15,Mahakali,0,decreased,-218.09999999999997,-234.6954062045795
2026-07-15,Mahakali,0,flat,-331.31000000000006,-41.56367977192015
2026-07-15,Mahakali,0,increased,2640.56,2497.4170786263885
2026-07-15,Mahavir Pride Dombivali,0,decreased,-81.42999999999998,-76.21919658117673
2026-07-15,Mahavir Pride Dombivali,0,flat,-88.63999999999984,-348.81927262010623
2026-07-15,Mahavir Pride Dombivali,0,increased,1435.4,1269.865978188429
2026-07-15,Mahim West,0,decreased,-127.96000000000002,-124.09731281727163
2026-07-15,Mahim West,0,flat,-32.86,-5.176591947823315
2026-07-15,Mahim West,0,increased,1382.0800000000002,1414.2284077981626
2026-07-15,Malad,0,decreased,-89.33999999999997,-87.61920856982212
2026-07-15,Malad,0,flat,1.380000000000095,129.2726737925766
2026-07-15,Malad,0,increased,2944.3300000000004,2870.0457905583585
2026-07-15,Malad Liberty Garden,0,decreased,-148.73999999999998,-110.97445866161681
2026-07-15,Malad Liberty Garden,0,flat,-171.54999999999995,-52.66596791834684
2026-07-15,Malad Liberty Garden,0,increased,1783.73,1790.1346005102746
2026-07-15,Malwani,0,decreased,-59.51999999999998,-50.628059548216136
2026-07-15,Malwani,0,flat,-62.740000000000066,-192.03882809767765
2026-07-15,Malwani,0,increased,1288.48,1255.6113056908705
2026-07-15,Marol,0,decreased,-273.56,-276.65714262657553
2026-07-15,Marol,0,flat,-79.36999999999999,-109.17970062395037
2026-07-15,Marol,0,increased,2283.1000000000004,2205.4382343393004
2026-07-15,Mharal Ulhasnagar,0,decreased,-92.88,-112.61285979300453
2026-07-15,Mharal Ulhasnagar,0,flat,-203.10999999999981,-165.6817784503069
2026-07-15,Mharal Ulhasnagar,0,increased,1582.0500000000002,1437.9434475850112
2026-07-15,Mhasrul Nashik,0,decreased,-424.43,-342.5749219638329
2026-07-15,Mhasrul Nashik,0,flat,-49.440000000000076,-118.48502688264647
2026-07-15,Mhasrul Nashik,0,increased,855.2800000000001,766.4992970637816
2026-07-15,Mira Road,0,decreased,-214.58000000000004,-174.5559148598276
2026-07-15,Mira Road,0,flat,-49.83000000000003,-99.22042570690225
2026-07-15,Mira Road,0,increased,1450.47,1387.3914923771565
2026-07-15,Mira Road - GCC Club Road,0,decreased,-106.38000000000005,-108.46566262604573
2026-07-15,Mira Road - GCC Club Road,0,flat,-557.9999999999999,-1066.8181319287175
2026-07-15,Mira Road - GCC Club Road,0,increased,383.84000000000015,432.60707506520885
2026-07-15,Mira Road Jangid Complex,0,decreased,-149.39999999999998,-134.83521297949198
2026-07-15,Mira Road Jangid Complex,0,flat,49.75999999999995,-53.439008743950865
2026-07-15,Mira Road Jangid Complex,0,increased,1965.8900000000003,1934.1075726090676
2026-07-15,Mohan Nagar Kandivali,0,decreased,-205.41,-217.49127721407007
2026-07-15,Mohan Nagar Kandivali,0,flat,-126.60000000000002,-133.78239506507282
2026-07-15,Mohan Nagar Kandivali,0,increased,1558.76,1453.6075753878563
2026-07-15,Mulund East,0,decreased,-162.61999999999998,-154.37711337808196
2026-07-15,Mulund East,0,flat,-110.69999999999985,-19.43243962529314
2026-07-15,Mulund East,0,increased,3989.73,4066.5724780230894
2026-07-15,Mulund Panch Rasta,0,decreased,-108.22,-108.21514798435108
2026-07-15,Mulund Panch Rasta,0,flat,-142.72000000000003,47.656129643839655
2026-07-15,Mulund Panch Rasta,0,increased,1073.64,1081.8839890218846
2026-07-15,Mulund West,0,decreased,-231.36999999999998,-222.5292460529063
2026-07-15,Mulund West,0,flat,212.26000000000033,134.70772200414314
2026-07-15,Mulund West,0,increased,4132.19,4101.662216375032
2026-07-15,Mulund West-Sarvodaya Nagar,0,decreased,-23.389999999999997,-21.76488433603367
2026-07-15,Mulund West-Sarvodaya Nagar,0,flat,-22.980000000000047,-19.030486755712307
2026-07-15,Mulund West-Sarvodaya Nagar,0,increased,1488.34,1415.967817510822
2026-07-15,Mundhwa Pune,0,decreased,-10.870000000000022,-12.288627984351084
2026-07-15,Mundhwa Pune,0,flat,-92.98000000000002,-179.05266121743824
2026-07-15,Mundhwa Pune,0,increased,882.0900000000001,866.1432108991082
2026-07-15,NIBM Kondwa,0,decreased,-320.33,-335.23936867255776
2026-07-15,NIBM Kondwa,0,flat,-1857.35,-442.93127591784304
2026-07-15,NIBM Kondwa,0,increased,2165.1800000000003,2090.1601651095207
2026-07-15,Nahur West,0,decreased,-204.66000000000003,-185.12285538915717
2026-07-15,Nahur West,0,flat,50.27000000000004,8.855186915996507
2026-07-15,Nahur West,0,increased,1514.54,1667.5456764828946
2026-07-15,Nalasopara - Yashwant Nagar,0,decreased,-97.32999999999998,-85.8136239147155
2026-07-15,Nalasopara - Yashwant Nagar,0,flat,72.16000000000008,-63.95525726273869
2026-07-15,Nalasopara - Yashwant Nagar,0,increased,535.44,539.1593798451141
2026-07-15,Nalasopara West,0,decreased,-265.35,-262.7380720888792
2026-07-15,Nalasopara West,0,flat,-986.3799999999993,-984.5958349127837
2026-07-15,Nalasopara West,0,increased,864.8499999999999,870.6318279740449
2026-07-15,Narhe Pune,0,decreased,-80.49999999999999,-96.34396252787448
2026-07-15,Narhe Pune,0,flat,-239.99000000000012,-199.74474994088197
2026-07-15,Narhe Pune,0,increased,404.94000000000005,436.9461512066064
2026-07-15,Naupada,0,decreased,-124.66,-120.67559611861739
2026-07-15,Naupada,0,flat,69.85999999999991,-240.64223331733294
2026-07-15,Naupada,0,increased,1552.71,1499.04549727146
2026-07-15,Navare Nagar Ambernath,0,decreased,-110.93,-78.01939092831381
2026-07-15,Navare Nagar Ambernath,0,flat,-52.90999999999996,-49.29399635847135
2026-07-15,Navare Nagar Ambernath,0,increased,782.1600000000001,714.3494423161322
2026-07-15,Navi Peth Pune,0,decreased,-350.35,-535.1084106645324
2026-07-15,Navi Peth Pune,0,flat,-166.8500000000003,852.2178809414798
2026-07-15,Navi Peth Pune,0,increased,1048.92,961.559075171286
2026-07-15,Navjeevan Mumbai Central,0,decreased,-393.87,-391.85236740080535
2026-07-15,Navjeevan Mumbai Central,0,flat,27.65000000000003,80.51430751005819
2026-07-15,Navjeevan Mumbai Central,0,increased,1563.38,1559.348806563891
2026-07-15,Nerul East,0,decreased,-175.98999999999998,-200.0246572991091
2026-07-15,Nerul East,0,flat,-2.509999999999934,46.025134910704
2026-07-15,Nerul East,0,increased,1618.33,1622.8367431139113
2026-07-15,Nerul West,0,decreased,-376.9,-366.396728239297
2026-07-15,Nerul West,0,flat,-14.4,29.5202568920677
2026-07-15,Nerul West,0,increased,1767.71,1688.5911974051469
2026-07-15,New Panvel,0,decreased,-228.72000000000008,-138.79486530952428
2026-07-15,New Panvel,0,flat,36.14999999999999,78.41990324114727
2026-07-15,New Panvel,0,increased,2073.1299999999997,1791.034052095124
2026-07-15,Old Panvel,0,decreased,-179.84000000000003,-162.7323612484335
2026-07-15,Old Panvel,0,flat,-109.33000000000001,-16.267614376704014
2026-07-15,Old Panvel,0,increased,1735.65,1679.852521309788
2026-07-15,Palegaon Ambernath,0,decreased,-310.79999999999995,-299.27702119304746
2026-07-15,Palegaon Ambernath,0,flat,-8.580000000000009,-6.56775536540052
2026-07-15,Palegaon Ambernath,0,increased,672.6500000000001,536.6815036536262
2026-07-15,Panchpakhadi,0,decreased,-154.70999999999998,-127.27037923376201
2026-07-15,Panchpakhadi,0,flat,-96.44000000000023,-29.346108512075645
2026-07-15,Panchpakhadi,0,increased,1352.8999999999999,1301.3917510841363
2026-07-15,Pantnagar,0,decreased,-325.58,-325.0316570410956
2026-07-15,Pantnagar,0,flat,-189.41000000000003,-375.2591995171485
2026-07-15,Pantnagar,0,increased,947.5,979.4910432933759
2026-07-15,Panvel - Uran Naka,0,decreased,-188.13000000000005,-87.51120740336643
2026-07-15,Panvel - Uran Naka,0,flat,-69.23000000000003,36.36051807616461
2026-07-15,Panvel - Uran Naka,0,increased,823.64,884.8391217765515
2026-07-15,Phadke Road - Dombivali,0,decreased,-109.96999999999997,-107.16627528006097
2026-07-15,Phadke Road - Dombivali,0,flat,-130.92000000000007,-90.30513942413177
2026-07-15,Phadke Road - Dombivali,0,increased,1185.68,1152.830392704698
2026-07-15,Pimple Gurav,0,decreased,-42.41,-31.07846929208742
2026-07-15,Pimple Gurav,0,flat,-11.96999999999989,-17.669330501322356
2026-07-15,Pimple Gurav,0,increased,1180.04,1175.0579276798303
2026-07-15,Prabhadevi,0,decreased,-245.75999999999993,-243.52057387088146
2026-07-15,Prabhadevi,0,flat,-161.1299999999999,-671.1132594456009
2026-07-15,Prabhadevi,0,increased,2407.98,2409.3179272235825
2026-07-15,Pragati Nagar Nalasopara East,0,decreased,-210.76000000000005,-198.57110573663897
2026-07-15,Pragati Nagar Nalasopara East,0,flat,3.1600000000000534,79.25608331055828
2026-07-15,Pragati Nagar Nalasopara East,0,increased,863.6100000000001,677.8049390591563
2026-07-15,Rajawadi,0,decreased,-223.18999999999983,-229.41948756945007
2026-07-15,Rajawadi,0,flat,25.450000000000202,-48.79523617138071
2026-07-15,Rajawadi,0,increased,2285.2200000000003,2286.901079233043
2026-07-15,Roadpali Kalamboli,0,decreased,-193.87,-209.20403585314182
2026-07-15,Roadpali Kalamboli,0,flat,28.089999999999915,3.228343267992738
2026-07-15,Roadpali Kalamboli,0,increased,669.96,661.0844161386751
2026-07-15,Rupee Nagar Pune,0,decreased,-42.13,-45.7704194399708
2026-07-15,Rupee Nagar Pune,0,flat,-13.08000000000003,-121.56786813382928
2026-07-15,Rupee Nagar Pune,0,increased,437.9000000000002,384.6897481295042
2026-07-15,Saibaba Nagar,0,decreased,-107.06,-104.80541564582843
2026-07-15,Saibaba Nagar,0,flat,-56.52999999999994,-92.19186166296825
2026-07-15,Saibaba Nagar,0,increased,1756.6800000000003,1835.568051623545
2026-07-15,Sakinaka - Pipeline Road,0,decreased,-299.56,-278.9100382059386
2026-07-15,Sakinaka - Pipeline Road,0,flat,71.4,109.67767389730777
2026-07-15,Sakinaka - Pipeline Road,0,increased,548.19,529.3434123424965
2026-07-15,Sanpada,1,decreased,-308.17999999999995,-286.81947185213403
2026-07-15,Sanpada,1,flat,18.61999999999979,-54.889595351954405
2026-07-15,Sanpada,1,increased,2716.2999999999997,2257.3810071445646
2026-07-15,Santa Cruz SV Road,0,decreased,-74.25999999999998,-74.19983382935942
2026-07-15,Santa Cruz SV Road,0,flat,-22.950000000000106,-60.74524303897808
2026-07-15,Santa Cruz SV Road,0,increased,1530.38,1450.4299579638584
2026-07-15,"Santoshi Mata Road, Kalyan West",0,decreased,-527.24,-164.69639267470652
2026-07-15,"Santoshi Mata Road, Kalyan West",0,flat,-36.300000000000125,-377.2706568263418
2026-07-15,"Santoshi Mata Road, Kalyan West",0,increased,1206.72,1155.055281998195
2026-07-15,Sasane Nagar Pune,1,decreased,-89.83999999999997,-91.81306818176884
2026-07-15,Sasane Nagar Pune,1,flat,-284.60999999999984,-294.3770255299026
2026-07-15,Sasane Nagar Pune,1,increased,997.35,907.8991033467682
2026-07-15,Seawoods,0,decreased,-269.07,-271.4210079902476
2026-07-15,Seawoods,0,flat,13.949999999999989,66.85880768732748
2026-07-15,Seawoods,0,increased,2323.0000000000005,2358.3607995661087
2026-07-15,Sector 3 - New Panvel,0,decreased,-42.72999999999998,-41.34936843134224
2026-07-15,Sector 3 - New Panvel,0,flat,-278.81000000000006,-73.49570802759739
2026-07-15,Sector 3 - New Panvel,0,increased,1286.5600000000002,1122.9847258801574
2026-07-15,Shanti Nagar Mira Road,0,decreased,-391.17,-353.89951963068467
2026-07-15,Shanti Nagar Mira Road,0,flat,-80.77999999999989,-33.51829925160254
2026-07-15,Shanti Nagar Mira Road,0,increased,759.38,759.8152266983138
2026-07-15,Shirgaon Badlapur,0,decreased,-313.0199999999999,-374.87264719570703
2026-07-15,Shirgaon Badlapur,0,flat,-158.85999999999981,-232.5363942717785
2026-07-15,Shirgaon Badlapur,0,increased,668.8700000000001,645.7769144509073
2026-07-15,Shivaji Nagar Pune,0,decreased,-141.22999999999996,-175.13651714334353
2026-07-15,Shivaji Nagar Pune,0,flat,-4.690000000000057,-94.19426581520169
2026-07-15,Shivaji Nagar Pune,0,increased,1672.44,1709.5391121015812
2026-07-15,Shreenagar,0,decreased,-302.44999999999993,-231.92978212607733
2026-07-15,Shreenagar,0,flat,-20.449999999999953,-288.3346433223055
2026-07-15,Shreenagar,0,increased,2443.28,2400.917088773315
2026-07-15,Shriprastha Nalasopara West,0,decreased,-124.82000000000001,-118.4125052098572
2026-07-15,Shriprastha Nalasopara West,0,flat,-71.95000000000002,-374.17011955580904
2026-07-15,Shriprastha Nalasopara West,0,increased,518.6700000000001,531.4256461559684
2026-07-15,Sion Koliwada,0,decreased,-348.4599999999999,-341.7560849561202
2026-07-15,Sion Koliwada,0,flat,27.159999999999997,-105.53959745605422
2026-07-15,Sion Koliwada,0,increased,1995.09,1955.872536462284
2026-07-15,Thakur Complex,0,decreased,-85.85000000000011,-134.1436805371078
2026-07-15,Thakur Complex,0,flat,355.37000000000035,259.77451436878135
2026-07-15,Thakur Complex,0,increased,2037.4,2072.395703432885
2026-07-15,Thergaon,0,decreased,-45.139999999999986,-45.04491061697717
2026-07-15,Thergaon,0,flat,-48.349999999999945,-10.667299363936507
2026-07-15,Thergaon,0,increased,813.4300000000001,760.6951230914976
2026-07-15,Tilak Road Pune,0,decreased,-274.91,-267.5319356521654
2026-07-15,Tilak Road Pune,0,flat,-49.770000000000095,50.13370156820979
2026-07-15,Tilak Road Pune,0,increased,1056.6599999999999,924.3439742804595
2026-07-15,Tilaknagar,0,decreased,-217.79999999999995,-192.00119374739472
2026-07-15,Tilaknagar,0,flat,-61.440000000000026,-160.41350927840435
2026-07-15,Tilaknagar,0,increased,1920.81,1952.3899032748318
2026-07-15,Titwala,0,decreased,-335.35999999999996,-315.20237247311786
2026-07-15,Titwala,0,flat,-230.36000000000007,-603.7565358224258
2026-07-15,Titwala,0,increased,1659.02,1632.0367850671928
2026-07-15,Trimurti Chowk Nashik,0,decreased,-162.43,-80.05198838321127
2026-07-15,Trimurti Chowk Nashik,0,flat,-20.89999999999992,-65.48039760382662
2026-07-15,Trimurti Chowk Nashik,0,increased,495.04,464.88486089637536
2026-07-15,Ulhas Nagar - Shahad,0,decreased,-471.12,-504.73283148542123
2026-07-15,Ulhas Nagar - Shahad,0,flat,-2.289999999999921,186.46413791477943
2026-07-15,Ulhas Nagar - Shahad,0,increased,959.65,990.0178253398084
2026-07-15,Ulhas Nagar - Shreeram Chowk,0,decreased,-237.01,-225.1651091323245
2026-07-15,Ulhas Nagar - Shreeram Chowk,0,flat,-48.78999999999999,32.151093230196444
2026-07-15,Ulhas Nagar - Shreeram Chowk,0,increased,592.17,591.4229273218756
2026-07-15,Ulhasnagar,0,decreased,-509.4899999999999,-495.3865659702118
2026-07-15,Ulhasnagar,0,flat,-92.21000000000004,-197.85538462775108
2026-07-15,Ulhasnagar,0,increased,2196.3300000000004,2063.8696234566196
2026-07-15,Ulhasnagar - Humlog Circle,0,decreased,-153.99999999999997,-435.9552650202636
2026-07-15,Ulhasnagar - Humlog Circle,0,flat,-89.96999999999998,-96.75901541296108
2026-07-15,Ulhasnagar - Humlog Circle,0,increased,1228.69,1215.9994765357421
2026-07-15,Ulhasnagar - Khemani Chowk,0,decreased,-234.44,-230.74152571085722
2026-07-15,Ulhasnagar - Khemani Chowk,0,flat,197.85999999999999,151.17339735994796
2026-07-15,Ulhasnagar - Khemani Chowk,0,increased,1118.3,1114.8886301068535
2026-07-15,Ulhasnagar Sector 4,0,decreased,-236.98999999999998,-231.99090103447304
2026-07-15,Ulhasnagar Sector 4,0,flat,118.87999999999994,508.1796466142835
2026-07-15,Ulhasnagar Sector 4,0,increased,710.5699999999999,702.7030167968503
2026-07-15,Ulwe-Navi Mumbai,0,decreased,-160.19000000000003,-146.6602586673511
2026-07-15,Ulwe-Navi Mumbai,0,flat,-104.86000000000001,-378.9569876323104
2026-07-15,Ulwe-Navi Mumbai,0,increased,2086.0699999999997,2058.2884647120795
2026-07-15,Vakola,0,decreased,-263.51,-195.4662670670114
2026-07-15,Vakola,0,flat,168.9400000000001,-4.770391748673429
2026-07-15,Vakola,0,increased,1419.16,1296.998905029903
2026-07-15,Vasai West - Station Road,0,decreased,-222.26999999999998,-244.99119718845515
2026-07-15,Vasai West - Station Road,0,flat,-214.8099999999999,-246.44643971427615
2026-07-15,Vasai West - Station Road,0,increased,1411.7300000000002,1376.2531996226712
2026-07-15,Vashi,0,decreased,-467.71999999999974,-472.1257350003645
2026-07-15,Vashi,0,flat,-271.4600000000005,-359.0209639736047
2026-07-15,Vashi,0,increased,2862.57,2783.621306482168
2026-07-15,Vashi Sector 11,0,decreased,-146.69999999999996,-158.0905639579151
2026-07-15,Vashi Sector 11,0,flat,-118.73,-84.49609525552785
2026-07-15,Vashi Sector 11,0,increased,2134.04,2074.894878871586
2026-07-15,Veenanagar,0,decreased,-63.66999999999999,-63.57976263262606
2026-07-15,Veenanagar,0,flat,-270.69000000000005,-219.08864801268484
2026-07-15,Veenanagar,0,increased,1130.29,1177.6286099244428
2026-07-15,Versova - Yari Road,0,decreased,-311.08000000000004,97.3562533489465
2026-07-15,Versova - Yari Road,0,flat,-15.810000000000048,-16.87565356017921
2026-07-15,Versova - Yari Road,0,increased,1483.38,1409.8977792644723
2026-07-15,Versova Andheri,0,decreased,-269.24,-213.59884703984
2026-07-15,Versova Andheri,0,flat,-147.56000000000023,-196.83449546020833
2026-07-15,Versova Andheri,0,increased,2254.9500000000003,2180.7598146232945
2026-07-15,Vijay Nagari - Thane,0,decreased,-72.75999999999999,-59.55599288258711
2026-07-15,Vijay Nagari - Thane,0,flat,-25.190000000000047,-181.72918824229015
2026-07-15,Vijay Nagari - Thane,0,increased,3134.0400000000004,3090.458248065716
2026-07-15,Vikhroli,0,decreased,-497.0999999999999,-516.8649338882012
2026-07-15,Vikhroli,0,flat,415.04000000000053,-60.92238755910823
2026-07-15,Vikhroli,0,increased,3908.04,3706.1151107235314
2026-07-15,Vikhroli Kannamwar,0,decreased,-77.81999999999996,-113.94176934627768
2026-07-15,Vikhroli Kannamwar,0,flat,-112.59999999999991,-316.99972488725905
2026-07-15,Vikhroli Kannamwar,0,increased,1559.94,1527.8643732731282
2026-07-15,Vile Parle,0,decreased,-169.80999999999992,-172.31057102314648
2026-07-15,Vile Parle,0,flat,72.35999999999996,114.35330363973358
2026-07-15,Vile Parle,0,increased,773.2,774.7573628049769
2026-07-15,Virar East,0,decreased,-61.58000000000005,-36.3709344059123
2026-07-15,Virar East,0,flat,67.89999999999995,54.613329062811204
2026-07-15,Virar East,0,increased,2346.82,2227.392247873833
2026-07-15,Virar West,0,decreased,-455.71000000000004,-415.8626832023412
2026-07-15,Virar West,0,flat,6.099999999999994,224.64986985581987
2026-07-15,Virar West,0,increased,1167.3899999999999,1047.937189919463
2026-07-15,Wadgaon Budruk Pune,0,decreased,-103.53999999999999,-134.81412062542677
2026-07-15,Wadgaon Budruk Pune,0,flat,-8.460000000000049,-24.815748079193426
2026-07-15,Wadgaon Budruk Pune,0,increased,556.74,557.3914523312282
2026-07-15,Wadgaon Sheri,0,decreased,-31.56999999999998,-31.56999999999998
2026-07-15,Wadgaon Sheri,0,flat,396.78,47.81378273006756
2026-07-15,Wadgaon Sheri,0,increased,526.9200000000001,536.286607574301
2026-07-15,Wadgaon Sheri-Old Mundhwa Rd,0,decreased,-216.67999999999998,-213.9611556566527
2026-07-15,Wadgaon Sheri-Old Mundhwa Rd,0,flat,-446.0,-325.86713033290147
2026-07-15,Wadgaon Sheri-Old Mundhwa Rd,0,increased,565.4699999999999,553.5226447297724
2026-07-15,Wanawadi Pune,0,decreased,-100.69999999999993,-58.27856440596976
2026-07-15,Wanawadi Pune,0,flat,-271.25000000000006,-157.91320120475478
2026-07-15,Wanawadi Pune,0,increased,515.4,475.2317044108459
2026-07-15,Warje Pune,0,decreased,-80.06,-71.84003728473866
2026-07-15,Warje Pune,0,flat,-375.1999999999997,-129.10135305911632
2026-07-15,Warje Pune,0,increased,494.57,539.9812691032084
2026-07-15,Wayale Nagar,0,decreased,-94.52999999999999,-77.63735132907956
2026-07-15,Wayale Nagar,0,flat,-20.200000000000006,-174.36161251435783
2026-07-15,Wayale Nagar,0,increased,1314.38,1336.1907063464798
2026-07-15,Yashodhan,0,decreased,-544.5799999999999,-406.1333030629183
2026-07-15,Yashodhan,0,flat,-137.03999999999994,129.64809557661874
2026-07-15,Yashodhan,0,increased,3177.21,2984.784606331805
2026-07-15,Yogi Nagar,0,decreased,-110.01000000000002,-124.14754658879139
2026-07-15,Yogi Nagar,0,flat,-59.70999999999997,-46.63034656784393
2026-07-15,Yogi Nagar,0,increased,1279.6000000000001,1209.211924429444
2026-07-15,Yogidham Kalyan,0,decreased,-38.10179999999999,-35.367716324366285
2026-07-15,Yogidham Kalyan,0,flat,-590.3777,-607.1538704584848
2026-07-15,Yogidham Kalyan,0,increased,873.0658000000001,756.4003565441033
2026-07-16,7 Rasta Byculla,0,decreased,-71.29000000000005,-78.01211931383318
2026-07-16,7 Rasta Byculla,0,flat,-60.38000000000018,-156.2604284933534
2026-07-16,7 Rasta Byculla,0,increased,1024.49,947.1168890129231
2026-07-16,Airoli,0,decreased,-350.45999999999987,-339.25068052091115
2026-07-16,Airoli,0,flat,107.7599999999999,88.11567732265686
2026-07-16,Airoli,0,increased,3200.69,3280.4885834313595
2026-07-16,Airoli Sector - 3,0,decreased,-400.97,-298.4042548958689
2026-07-16,Airoli Sector - 3,0,flat,79.73999999999982,69.40309686966663
2026-07-16,Airoli Sector - 3,0,increased,1428.22,1378.0892753693838
2026-07-16,Ambegaon Pune,0,decreased,-78.82,-77.72101911631586
2026-07-16,Ambegaon Pune,0,flat,-7.129999999999948,4.626411324139447
2026-07-16,Ambegaon Pune,0,increased,508.40999999999997,515.0156717923246
2026-07-16,Ambernath East,0,decreased,-193.89,-181.04114264187237
2026-07-16,Ambernath East,0,flat,59.69999999999995,-30.940812369822673
2026-07-16,Ambernath East,0,increased,1185.29,1124.4898255702753
2026-07-16,Ambernath West,0,decreased,-74.14,-36.98118434677206
2026-07-16,Ambernath West,0,flat,4.539999999999942,48.13712523596446
2026-07-16,Ambernath West,0,increased,1223.6699999999998,1222.236309016727
2026-07-16,Ashokvan Dahisar,0,decreased,-251.14999999999992,-303.36007821049543
2026-07-16,Ashokvan Dahisar,0,flat,-43.98000000000015,-100.93123192149335
2026-07-16,Ashokvan Dahisar,0,increased,1488.21,1311.5065483292803
2026-07-16,Badlapur - Belavali,0,decreased,-598.28,-586.7917822903597
2026-07-16,Badlapur - Belavali,0,flat,-54.90000000000009,28.335629473186966
2026-07-16,Badlapur - Belavali,0,increased,1004.5500000000001,1037.1995999241035
2026-07-16,Badlapur East,0,decreased,-14.499999999999995,-5.807406675538047
2026-07-16,Badlapur East,0,flat,40.34000000000003,147.68971596307978
2026-07-16,Badlapur East,0,increased,901.1200000000001,618.6762084170497
2026-07-16,Bandra,1,decreased,-1078.6999999999998,-1043.9919993386147
2026-07-16,Bandra,1,flat,234.48999999999984,-74.81517930245019
2026-07-16,Bandra,1,increased,2450.9,2434.33303518174
2026-07-16,Bhandup West,0,decreased,-709.17,-665.303517544032
2026-07-16,Bhandup West,0,flat,-93.17999999999995,-232.73609583948848
2026-07-16,Bhandup West,0,increased,1643.7100000000003,1627.5766113112436
2026-07-16,Bhayandar,0,decreased,-195.03,-182.67853146840685
2026-07-16,Bhayandar,0,flat,46.239999999999995,113.41650215454425
2026-07-16,Bhayandar,0,increased,1944.78,2003.9923084081356
2026-07-16,Bhayander 60 Feet Road,0,decreased,-327.97,-311.71139545610754
2026-07-16,Bhayander 60 Feet Road,0,flat,42.40999999999992,101.20214278727175
2026-07-16,Bhayander 60 Feet Road,0,increased,1266.63,1229.1690551974734
2026-07-16,Bhekrainagar Pune,0,decreased,-82.24000000000001,-87.57028810240959
2026-07-16,Bhekrainagar Pune,0,flat,-5.569999999999979,-76.2686624272961
2026-07-16,Bhekrainagar Pune,0,increased,580.71,582.4456484272367
2026-07-16,Bhiwandi - Shivaji Chowk,0,decreased,-143.02000000000004,-115.85523890854431
2026-07-16,Bhiwandi - Shivaji Chowk,0,flat,-32.17000000000004,-132.95327869169373
2026-07-16,Bhiwandi - Shivaji Chowk,0,increased,785.44,690.8294643724946
2026-07-16,Bhiwandi Dhamankar Naka,1,decreased,-126.16999999999996,-114.1750524923225
2026-07-16,Bhiwandi Dhamankar Naka,1,flat,-175.5400000000001,177.2134831570449
2026-07-16,Bhiwandi Dhamankar Naka,1,increased,1944.72,1907.258332357869
2026-07-16,Bibwewadi Pune,0,decreased,-112.54000000000003,-149.3682387378948
2026-07-16,Bibwewadi Pune,0,flat,99.56,-140.38946625882582
2026-07-16,Bibwewadi Pune,0,increased,2191.75,2129.4541015710493
2026-07-16,Bytco Point Nashik,0,decreased,-343.85,-350.6612393670968
2026-07-16,Bytco Point Nashik,0,flat,-162.85999999999996,-653.6319777299019
2026-07-16,Bytco Point Nashik,0,increased,833.9,641.5465341726729
2026-07-16,CST Bora Bazaar,0,decreased,-63.82999999999999,-66.82848391196455
2026-07-16,CST Bora Bazaar,0,flat,32.759999999999934,-13.848152701370054
2026-07-16,CST Bora Bazaar,0,increased,1360.65,1371.5090701267125
2026-07-16,Chandivali,0,decreased,-106.42999999999995,-268.56689710437354
2026-07-16,Chandivali,0,flat,-60.90999999999987,-163.72453371522383
2026-07-16,Chandivali,0,increased,847.19,702.2317604051893
2026-07-16,Charkop,0,decreased,-233.90999999999997,-195.1443929280992
2026-07-16,Charkop,0,flat,-2.429999999999964,-66.68998181819494
2026-07-16,Charkop,0,increased,2366.04,2423.111121802454
2026-07-16,Chembur,0,decreased,-120.78999999999996,-106.51802945483468
2026-07-16,Chembur,0,flat,-240.62999999999965,-366.09825243088227
2026-07-16,Chembur,0,increased,2814.46,2786.7240691622505
2026-07-16,Chinchwad,1,decreased,-68.19,-79.59871892153123
2026-07-16,Chinchwad,1,flat,170.77,132.07799939578163
2026-07-16,Chinchwad,1,increased,611.96,620.5770526234769
2026-07-16,Chinchwad - Gandhi Peth,1,decreased,-52.38000000000002,-52.92700045624217
2026-07-16,Chinchwad - Gandhi Peth,1,flat,-34.84999999999995,-69.50816536564454
2026-07-16,Chinchwad - Gandhi Peth,1,increased,163.80000000000004,125.22954635309608
2026-07-16,Cidco Nashik,0,decreased,-14.070000000000004,-14.069999999999986
2026-07-16,Cidco Nashik,0,flat,-111.38999999999997,-153.46658242986882
2026-07-16,Cidco Nashik,0,increased,498.38,403.5973659269576
2026-07-16,Colaba,1,decreased,-357.52,-484.6362789837932
2026-07-16,Colaba,1,flat,-33.979999999999976,-100.88940572426107
2026-07-16,Colaba,1,increased,1218.2300000000002,1152.2097551885288
2026-07-16,Dadar East,0,decreased,-119.58999999999992,-108.17201736818151
2026-07-16,Dadar East,0,flat,-102.48000000000008,-262.28082147381605
2026-07-16,Dadar East,0,increased,845.01,816.7165579779862
2026-07-16,Dahisar,0,decreased,-94.02999999999997,-84.56805925961584
2026-07-16,Dahisar,0,flat,138.94,-13.524521088695366
2026-07-16,Dahisar,0,increased,1287.16,1145.740293350489
2026-07-16,Dattnagar,0,flat,9.800000000000153,-181.05543556205913
2026-07-16,Dattnagar,0,increased,517.53,513.3830498911395
2026-07-16,Dhanakwadi,0,decreased,-260.15000000000003,-427.0192721448463
2026-07-16,Dhanakwadi,0,flat,-4.41,-65.60041346925456
2026-07-16,Dhanakwadi,0,increased,783.5899999999999,639.6161608429782
2026-07-16,Dhanori Pune,0,decreased,-78.13000000000001,-81.1391681385135
2026-07-16,Dhanori Pune,0,flat,252.65999999999994,284.2574865938131
2026-07-16,Dhanori Pune,0,increased,717.7900000000001,614.3247192665114
2026-07-16,Dhayari Pune,0,decreased,-52.35999999999997,-25.70172930203539
2026-07-16,Dhayari Pune,0,flat,82.25,50.702301139805556
2026-07-16,Dhayari Pune,0,increased,418.41,419.06424031994146
2026-07-16,Dighi Pune,1,decreased,-30.91,-29.34401617347132
2026-07-16,Dighi Pune,1,flat,-3.739999999999945,131.71227916161442
2026-07-16,Dighi Pune,1,increased,520.6,526.7707729623153
2026-07-16,Dombivali,0,decreased,-83.79999999999998,-61.953631865945404
2026-07-16,Dombivali,0,flat,-2.650000000000013,10.65794638997755
2026-07-16,Dombivali,0,increased,1264.05,1273.7636455416578
2026-07-16,Dombivali - Navpada,0,decreased,-458.75,-432.56984884633334
2026-07-16,Dombivali - Navpada,0,flat,38.76000000000006,16.88141726367614
2026-07-16,Dombivali - Navpada,0,increased,814.1500000000001,736.3473040968896
2026-07-16,Dombivali - Reti Bunder,0,decreased,-192.35180000000003,-155.85133431366245
2026-07-16,Dombivali - Reti Bunder,0,flat,-74.63700000000003,-49.64559495991979
2026-07-16,Dombivali - Reti Bunder,0,increased,537.1882,499.6427684508686
2026-07-16,Dombivli West,0,decreased,-216.83999999999992,-203.54979360280015
2026-07-16,Dombivli West,0,flat,3238.48,68.6891174743296
2026-07-16,Dombivli West,0,increased,2092.46,2046.3421760182769
2026-07-16,Evershine Nagar,0,decreased,-16.879999999999995,-16.819857606533347
2026-07-16,Evershine Nagar,0,flat,49.779999999999944,75.73721532549715
2026-07-16,Evershine Nagar,0,increased,676.36,693.1009202606009
2026-07-16,Fam Society - Koperkhairne,0,decreased,-180.07,-168.45134826042752
2026-07-16,Fam Society - Koperkhairne,0,flat,94.6799999999999,-35.98615761362481
2026-07-16,Fam Society - Koperkhairne,0,increased,1301.28,990.0906357921626
2026-07-16,Fursungi Pune,0,decreased,-141.89999999999998,-133.72965954796095
2026-07-16,Fursungi Pune,0,flat,-19.979999999999947,-814.6968546585151
2026-07-16,Fursungi Pune,0,increased,1006.3400000000001,1004.2013606850547
2026-07-16,Ghansoli,0,decreased,-301.0499999999999,-149.57233519725477
2026-07-16,Ghansoli,0,flat,14.439999999999884,188.69721433394596
2026-07-16,Ghansoli,0,increased,2549.45,2352.3812133458537
2026-07-16,Ghatkopar East,0,decreased,-193.66999999999996,-187.7715382083343
2026-07-16,Ghatkopar East,0,flat,-232.40000000000015,-31.063738555213668
2026-07-16,Ghatkopar East,0,increased,1265.9499999999998,1298.0462056422193
2026-07-16,Ghatkopar West,0,decreased,-348.06,-347.3846356232645
2026-07-16,Ghatkopar West,0,flat,95.14000000000019,94.97967307587678
2026-07-16,Ghatkopar West,0,increased,1361.01,1376.7427624392758
2026-07-16,Ghodapdeo - Byculla,0,decreased,-142.77999999999997,-163.5458598329786
2026-07-16,Ghodapdeo - Byculla,0,flat,7.660000000000053,98.00329200343793
2026-07-16,Ghodapdeo - Byculla,0,increased,1267.9500000000003,1146.9419276262308
2026-07-16,Global City Virar West,0,decreased,-250.14,-172.0256959339149
2026-07-16,Global City Virar West,0,flat,-28.550000000000004,-96.4415937127916
2026-07-16,Global City Virar West,0,increased,1645.73,1107.8451288561591
2026-07-16,Goregaon,1,decreased,-260.2100000000001,-250.6052756377465
2026-07-16,Goregaon,1,flat,-109.77999999999993,-198.0185272241232
2026-07-16,Goregaon,1,increased,2577.67,2553.0449189886335
2026-07-16,Goregaon West S.V. Road,1,decreased,-313.39,-303.798573477646
2026-07-16,Goregaon West S.V. Road,1,flat,169.77000000000015,30.431789701572324
2026-07-16,Goregaon West S.V. Road,1,increased,1348.62,1317.0022940933259
2026-07-16,Govandi,0,decreased,-54.86,-27.452323220717997
2026-07-16,Govandi,0,flat,-4.979999999999986,-69.0946139265876
2026-07-16,Govandi,0,increased,2481.93,2389.5772412742635
2026-07-16,Gujrat Colony Kothrud,0,decreased,-157.39000000000004,-78.55247612716451
2026-07-16,Gujrat Colony Kothrud,0,flat,37.11999999999996,-79.0089910581499
2026-07-16,Gujrat Colony Kothrud,0,increased,290.8299999999999,300.3496619669076
2026-07-16,Gulab Nagar Pune,0,decreased,-22.759999999999998,-21.591431978477367
2026-07-16,Gulab Nagar Pune,0,flat,64.06000000000007,-93.8686147973542
2026-07-16,Gulab Nagar Pune,0,increased,479.71999999999997,446.8289945995235
2026-07-16,Hari Om Nagar,0,decreased,-327.74999999999994,-241.59738903707085
2026-07-16,Hari Om Nagar,0,flat,51.36000000000007,211.16914117828188
2026-07-16,Hari Om Nagar,0,increased,1199.9800000000002,1103.5292039856172
2026-07-16,Hiltron Ulhasnagar,0,decreased,-387.9299999999999,-334.35541897415794
2026-07-16,Hiltron Ulhasnagar,0,flat,1.4299999999999145,-213.30926071418517
2026-07-16,Hiltron Ulhasnagar,0,increased,1040.23,1099.1949235482318
2026-07-16,Hiranandani Thane,0,decreased,-399.40999999999985,-247.80465447112533
2026-07-16,Hiranandani Thane,0,flat,-352.1499999999999,-564.0167383792752
2026-07-16,Hiranandani Thane,0,increased,2243.2799999999997,2133.285818865155
2026-07-16,IC Colony Borivali,0,decreased,-345.61,-342.49119031611235
2026-07-16,IC Colony Borivali,0,flat,-2.109999999999829,-305.3011906082575
2026-07-16,IC Colony Borivali,0,increased,2826.27,2767.4935861985095
2026-07-16,JB Nagar,0,decreased,-215.14999999999995,-228.20146573184553
2026-07-16,JB Nagar,0,flat,10.25999999999992,-21.658699487674667
2026-07-16,JB Nagar,0,increased,3720.0600000000004,3462.1948391510896
2026-07-16,JJ Hospital,0,decreased,-227.87999999999997,-221.05836632770345
2026-07-16,JJ Hospital,0,flat,-103.25000000000004,-92.89297742055743
2026-07-16,JJ Hospital,0,increased,2369.78,2321.0224896004556
2026-07-16,Jagruti Nagar Ghatkopar,0,decreased,-219.76000000000002,-206.42900826506093
2026-07-16,Jagruti Nagar Ghatkopar,0,flat,-50.169999999999995,-6.899958438765372
2026-07-16,Jagruti Nagar Ghatkopar,0,increased,712.0600000000001,714.5312689059607
2026-07-16,Jail Road Nashik,0,decreased,-84.1,-90.1852300936398
2026-07-16,Jail Road Nashik,0,flat,41.48000000000005,40.633156312337206
2026-07-16,Jail Road Nashik,0,increased,378.94,350.0185351695375
2026-07-16,Jay VIjay Nagar Nalasopara East,0,decreased,-97.11000000000001,-99.87772112720823
2026-07-16,Jay VIjay Nagar Nalasopara East,0,flat,-80.11999999999995,-145.46561912288868
2026-07-16,Jay VIjay Nagar Nalasopara East,0,increased,497.9,485.51305163721486
2026-07-16,Kalamboli,0,decreased,-83.86999999999999,-83.86934017966055
2026-07-16,Kalamboli,0,flat,68.05000000000001,112.60536202736752
2026-07-16,Kalamboli,0,increased,1176.44,1248.4805868569817
2026-07-16,Kalher Bhiwandi,0,decreased,-207.15999999999988,-198.01686592177361
2026-07-16,Kalher Bhiwandi,0,flat,-14.810000000000073,-90.44556389833683
2026-07-16,Kalher Bhiwandi,0,increased,3245.26,1958.7676915091934
2026-07-16,Kalina,0,decreased,-152.21,-151.4359432536839
2026-07-16,Kalina,0,flat,29.479999999999997,-140.78600950355593
2026-07-16,Kalina,0,increased,1229.17,1235.893416226449
2026-07-16,Kalwa,0,decreased,-442.4299999999999,-506.37041497279284
2026-07-16,Kalwa,0,flat,-112.33000000000031,-564.9852372126303
2026-07-16,Kalwa,0,increased,3638.96,3730.7310257126387
2026-07-16,Kalyan,0,decreased,-213.43,-144.27015199463358
2026-07-16,Kalyan,0,flat,395.74,169.19868693058956
2026-07-16,Kalyan,0,increased,1406.97,1284.3989561304325
2026-07-16,Kalyan - DB Chowk,0,decreased,-328.88,-329.21622782923305
2026-07-16,Kalyan - DB Chowk,0,flat,-22.43999999999997,-3.829530271883037
2026-07-16,Kalyan - DB Chowk,0,increased,842.98,757.0934854649803
2026-07-16,Kalyan East-Tisgaon Naka,0,decreased,-135.72000000000008,-148.73599166607838
2026-07-16,Kalyan East-Tisgaon Naka,0,flat,52.19,-27.76536352046251
2026-07-16,Kalyan East-Tisgaon Naka,0,increased,1104.72,1058.8607437543083
2026-07-16,Kalyan West Club Road,0,decreased,-121.14999999999992,-119.97578676604627
2026-07-16,Kalyan West Club Road,0,flat,-23.04,15.455568879881133
2026-07-16,Kalyan West Club Road,0,increased,993.85,1029.6491391438383
2026-07-16,Kamotha,0,decreased,-72.8,-57.67717957560365
2026-07-16,Kamotha,0,flat,157.40999999999988,-196.09156496704574
2026-07-16,Kamotha,0,increased,2466.2200000000003,2438.5095245359694
2026-07-16,Kamothe - Sector 36,0,decreased,-89.65999999999998,-67.64083848185315
2026-07-16,Kamothe - Sector 36,0,flat,-141.01000000000016,233.83765233636584
2026-07-16,Kamothe - Sector 36,0,increased,1331.6799999999998,1121.7532080552987
2026-07-16,Kandivali East,0,decreased,-65.18999999999998,-70.0177439333985
2026-07-16,Kandivali East,0,flat,33.309999999999995,-10.942967091680313
2026-07-16,Kandivali East,0,increased,1228.83,1170.8847459526137
2026-07-16,Kandivali West,0,decreased,-466.93999999999994,-282.805075445314
2026-07-16,Kandivali West,0,flat,89.10000000000005,154.23796297993914
2026-07-16,Kandivali West,0,increased,1438.46,1390.1594288163774
2026-07-16,Kasarvadavali Thane,0,decreased,-111.53000000000002,-83.87584715800037
2026-07-16,Kasarvadavali Thane,0,flat,21.60000000000001,61.467066977918854
2026-07-16,Kasarvadavali Thane,0,increased,1453.75,1445.0015269458404
2026-07-16,Katrap Badlapur East,0,decreased,-99.69,-94.23758753976881
2026-07-16,Katrap Badlapur East,0,flat,34.269999999999996,6.583793476996171
2026-07-16,Katrap Badlapur East,0,increased,954.47,960.430201227301
2026-07-16,Khadki Pune,0,decreased,-73.22,-55.93545399945627
2026-07-16,Khadki Pune,0,flat,-108.65000000000018,-148.92595649552183
2026-07-16,Khadki Pune,0,increased,1018.2600000000001,1018.3159416366509
2026-07-16,Khanda Colony,1,decreased,-125.57999999999993,-112.93371844170397
2026-07-16,Khanda Colony,1,flat,-66.94000000000003,-41.688794292496446
2026-07-16,Khanda Colony,1,increased,1126.94,1068.1635082840698
2026-07-16,Khar West,1,decreased,-234.83999999999997,-227.58051113923028
2026-07-16,Khar West,1,flat,1133.86,635.7717844504024
2026-07-16,Khar West,1,increased,1431.3000000000002,1494.8948458677817
2026-07-16,Kharghar,0,decreased,-212.03000000000003,-230.06803893293693
2026-07-16,Kharghar,0,flat,-45.75999999999989,-91.67291548314017
2026-07-16,Kharghar,0,increased,2352.69,2327.394313284073
2026-07-16,Kharghar Sector 12,0,decreased,-238.45999999999992,-206.0096467857036
2026-07-16,Kharghar Sector 12,0,flat,-82.12000000000012,249.18711122940388
2026-07-16,Kharghar Sector 12,0,increased,698.8400000000001,687.0443242911065
2026-07-16,Khopat,0,decreased,-381.19000000000005,-451.14185379506665
2026-07-16,Khopat,0,flat,-35.679999999999936,31.73113422717914
2026-07-16,Khopat,0,increased,1797.96,1832.098149379762
2026-07-16,Khutwad Nagar Nashik,0,decreased,-27.009999999999984,-21.591586049574087
2026-07-16,Khutwad Nagar Nashik,0,flat,-67.27999999999997,-70.17939047342543
2026-07-16,Khutwad Nagar Nashik,0,increased,319.12,294.214919771454
2026-07-16,Kolsheth,0,decreased,-287.4099999999999,-313.41627446358075
2026-07-16,Kolsheth,0,flat,26.290000000000017,60.106238896317265
2026-07-16,Kolsheth,0,increased,3037.32,2953.5206415303805
2026-07-16,Kopar Khairane,0,decreased,-326.24999999999994,-332.6800662712541
2026-07-16,Kopar Khairane,0,flat,-62.430000000000206,-174.59256762865695
2026-07-16,Kopar Khairane,0,increased,2940.33,2874.8478319994497
2026-07-16,Kopari Thane,0,decreased,-443.15999999999997,-422.5958674987596
2026-07-16,Kopari Thane,0,flat,-820.1200000000003,-878.1597477757168
2026-07-16,Kopari Thane,0,increased,1061.99,1049.3890493263164
2026-07-16,Koper Khairane - Sector 7,0,decreased,-44.42999999999999,-22.258286409800018
2026-07-16,Koper Khairane - Sector 7,0,flat,88.88999999999997,138.83231116157492
2026-07-16,Koper Khairane - Sector 7,0,increased,1354.15,1337.5468495047585
2026-07-16,Kulgaon Badlapur West,0,decreased,-293.5299999999999,-284.681086243123
2026-07-16,Kulgaon Badlapur West,0,flat,-48.169999999999966,-27.580938738189634
2026-07-16,Kulgaon Badlapur West,0,increased,1486.3600000000001,1442.9787386054777
2026-07-16,Kurla,0,decreased,-205.04,-193.39695156764537
2026-07-16,Kurla,0,flat,-173.0399999999999,-4.617360542445944
2026-07-16,Kurla,0,increased,1835.0700000000002,1489.4932631239385
2026-07-16,Kurla West,0,decreased,-67.72000000000003,-61.29070352550596
2026-07-16,Kurla West,0,flat,-41.91000000000014,-170.8641473851812
2026-07-16,Kurla West,0,increased,1940.45,1924.469304055057
2026-07-16,Lower Parel - SJ Marg,0,decreased,-597.45,-594.530778007763
2026-07-16,Lower Parel - SJ Marg,0,flat,42.72000000000004,184.67389394668132
2026-07-16,Lower Parel - SJ Marg,0,increased,1375.78,1360.70274315864
2026-07-16,Mahakali,0,decreased,-289.56999999999994,-344.3951431741757
2026-07-16,Mahakali,0,flat,83.40000000000015,-17.320513212986462
2026-07-16,Mahakali,0,increased,2402.9100000000003,2223.4686485049706
2026-07-16,Mahavir Pride Dombivali,0,decreased,-171.86,-173.4240794122811
2026-07-16,Mahavir Pride Dombivali,0,flat,-546.1500000000001,-61.23991029863481
2026-07-16,Mahavir Pride Dombivali,0,increased,1719.5700000000002,1639.6577748213435
2026-07-16,Mahim West,0,decreased,-156.41,-165.26878500579198
2026-07-16,Mahim West,0,flat,-33.37000000000004,-141.14035065629923
2026-07-16,Mahim West,0,increased,1602.26,1672.3568715402112
2026-07-16,Malad,0,decreased,-333.03999999999996,-290.0012032544399
2026-07-16,Malad,0,flat,67.54999999999994,67.83759709005669
2026-07-16,Malad,0,increased,2726.55,2701.1990511604613
2026-07-16,Malad Liberty Garden,0,decreased,-166.01,-171.79293902298636
2026-07-16,Malad Liberty Garden,0,flat,-30.919999999999924,-121.37126520175505
2026-07-16,Malad Liberty Garden,0,increased,1558.5400000000002,1614.151226208904
2026-07-16,Malwani,0,decreased,-161.34000000000003,-146.96736274274775
2026-07-16,Malwani,0,flat,81.67,129.94232633392127
2026-07-16,Malwani,0,increased,1126.3899999999999,1145.905371488764
2026-07-16,Marol,0,decreased,-84.88999999999999,-69.09082660918223
2026-07-16,Marol,0,flat,-133.20000000000005,8.871324721520814
2026-07-16,Marol,0,increased,2246.4300000000003,2348.8360387808575
2026-07-16,Mharal Ulhasnagar,0,decreased,-71.58,-57.34640779815928
2026-07-16,Mharal Ulhasnagar,0,flat,17.05000000000001,-50.78224445484659
2026-07-16,Mharal Ulhasnagar,0,increased,1222.4,1182.3746339368377
2026-07-16,Mhasrul Nashik,0,decreased,-170.75,-117.8809180921419
2026-07-16,Mhasrul Nashik,0,flat,-113.04999999999994,-176.66251341048363
2026-07-16,Mhasrul Nashik,0,increased,909.72,836.458012950266
2026-07-16,Mira Road,0,decreased,-208.72999999999996,-135.27621081424505
2026-07-16,Mira Road,0,flat,80.19000000000011,110.8574270222797
2026-07-16,Mira Road,0,increased,1202.2800000000002,1122.663348817928
2026-07-16,Mira Road - GCC Club Road,0,decreased,-38.86,-35.774227984351086
2026-07-16,Mira Road - GCC Club Road,0,flat,-263.38999999999993,-260.9389367732804
2026-07-16,Mira Road - GCC Club Road,0,increased,251.68,221.3882550571736
2026-07-16,Mira Road Jangid Complex,0,decreased,-212.80999999999995,-232.74922939625495
2026-07-16,Mira Road Jangid Complex,0,flat,-172.79,-282.3406393247162
2026-07-16,Mira Road Jangid Complex,0,increased,1546.2099999999998,1135.202164612454
2026-07-16,Mohan Nagar Kandivali,0,decreased,-832.5999999999999,-745.6061948096535
2026-07-16,Mohan Nagar Kandivali,0,flat,-142.18,-281.9269208817368
2026-07-16,Mohan Nagar Kandivali,0,increased,799.7400000000001,862.218301312837
2026-07-16,Mulund East,0,decreased,-347.4000000000001,-366.73047283496265
2026-07-16,Mulund East,0,flat,-68.38000000000002,-38.990201942261635
2026-07-16,Mulund East,0,increased,2934.35,2757.2704594430907
2026-07-16,Mulund Panch Rasta,0,decreased,-40.63,-39.46628399412629
2026-07-16,Mulund Panch Rasta,0,flat,86.19999999999999,-102.9063916922489
2026-07-16,Mulund Panch Rasta,0,increased,955.64,951.2746546710877
2026-07-16,Mulund West,0,decreased,-337.77,-299.70946123818794
2026-07-16,Mulund West,0,flat,-218.35999999999996,-61.70692906821615
2026-07-16,Mulund West,0,increased,1758.3,1718.506432431874
2026-07-16,Mulund West-Sarvodaya Nagar,0,decreased,-89.58999999999999,-63.40088450762606
2026-07-16,Mulund West-Sarvodaya Nagar,0,flat,488.85999999999996,-1874.0498100632221
2026-07-16,Mulund West-Sarvodaya Nagar,0,increased,2216.42,2158.6832190245877
2026-07-16,Mundhwa Pune,0,decreased,-400.05,-471.256216392962
2026-07-16,Mundhwa Pune,0,flat,33.640000000000015,-22.282158718674022
2026-07-16,Mundhwa Pune,0,increased,462.32000000000005,488.9880611533677
2026-07-16,NIBM Kondwa,0,decreased,-336.2499999999998,-307.64181234706496
2026-07-16,NIBM Kondwa,0,flat,353.99999999999994,-105.77612551595905
2026-07-16,NIBM Kondwa,0,increased,1295.33,1300.9449148752144
2026-07-16,Nahur West,0,decreased,-129.1,-122.3610118181482
2026-07-16,Nahur West,0,flat,226.69000000000005,153.93141970270457
2026-07-16,Nahur West,0,increased,1540.8600000000001,1507.742256098036
2026-07-16,Nalasopara - Yashwant Nagar,0,decreased,-43.01,-43.005147984351076
2026-07-16,Nalasopara - Yashwant Nagar,0,flat,-19.599999999999977,23.981076782875107
2026-07-16,Nalasopara - Yashwant Nagar,0,increased,522.7999999999998,500.7421541092893
2026-07-16,Nalasopara West,0,decreased,-74.45,-73.3129437117656
2026-07-16,Nalasopara West,0,flat,-48.22999999999979,-5.748998607075102
2026-07-16,Nalasopara West,0,increased,623.1100000000001,580.1510095310725
2026-07-16,Narhe Pune,0,decreased,-124.29000000000008,-127.78837117262773
2026-07-16,Narhe Pune,0,flat,-21.2800000000001,-174.35183144654866
2026-07-16,Narhe Pune,0,increased,791.28,772.097121259163
2026-07-16,Naupada,0,decreased,-197.59999999999997,-178.2263574336464
2026-07-16,Naupada,0,flat,169.1099999999999,137.9914967606564
2026-07-16,Naupada,0,increased,1933.04,1917.6326614318034
2026-07-16,Navare Nagar Ambernath,0,decreased,-309.14,-282.70798075854447
2026-07-16,Navare Nagar Ambernath,0,flat,223.89999999999978,-170.14724180060932
2026-07-16,Navare Nagar Ambernath,0,increased,446.5700000000001,430.53152573097145
2026-07-16,Navi Peth Pune,0,decreased,-48.06999999999999,-48.27713070980786
2026-07-16,Navi Peth Pune,0,flat,-110.09999999999995,-2.0416861571853904
2026-07-16,Navi Peth Pune,0,increased,1149.61,1058.2362206267455
2026-07-16,Navjeevan Mumbai Central,0,decreased,-102.44,-103.01850745926018
2026-07-16,Navjeevan Mumbai Central,0,flat,-78.64999999999998,-35.77265774842259
2026-07-16,Navjeevan Mumbai Central,0,increased,2101.65,2133.146128123288
2026-07-16,Nerul East,0,decreased,-93.36999999999998,-91.53399666359533
2026-07-16,Nerul East,0,flat,979.4700000000004,128.91160416322103
2026-07-16,Nerul East,0,increased,1275.76,1193.1503918856447
2026-07-16,Nerul West,0,decreased,-168.59999999999997,-169.4769609899725
2026-07-16,Nerul West,0,flat,-182.43000000000006,535.0688801836441
2026-07-16,Nerul West,0,increased,1306.75,1268.8870167869493
2026-07-16,New Panvel,0,decreased,-240.87999999999994,-245.01430139087967
2026-07-16,New Panvel,0,flat,188.52,-165.08643309814366
2026-07-16,New Panvel,0,increased,1288.49,1250.1390259548946
2026-07-16,Old Panvel,0,decreased,-67.83999999999996,-66.97254669015909
2026-07-16,Old Panvel,0,flat,-416.26,-442.84108444050804
2026-07-16,Old Panvel,0,increased,1021.5600000000001,1009.216045527334
2026-07-16,Palegaon Ambernath,0,decreased,-236.31,-213.58852168010742
2026-07-16,Palegaon Ambernath,0,flat,28.81999999999993,88.79232370952604
2026-07-16,Palegaon Ambernath,0,increased,535.8299999999999,543.4177566138917
2026-07-16,Panchpakhadi,0,decreased,-34.17999999999995,1.236533722911723
2026-07-16,Panchpakhadi,0,flat,-150.3200000000001,-21.448088086380707
2026-07-16,Panchpakhadi,0,increased,1180.4599999999998,1222.7562150537226
2026-07-16,Pantnagar,0,decreased,-48.249999999999986,-35.246686409800006
2026-07-16,Pantnagar,0,flat,-18.61000000000001,-53.93845832321654
2026-07-16,Pantnagar,0,increased,1396.1,1392.6315572145168
2026-07-16,Panvel - Uran Naka,0,decreased,-324.28999999999996,-341.9613956453805
2026-07-16,Panvel - Uran Naka,0,flat,-9.529999999999951,-371.6891276217554
2026-07-16,Panvel - Uran Naka,0,increased,901.2,853.8918028362203
2026-07-16,Phadke Road - Dombivali,0,decreased,-115.24999999999997,-123.9022518473588
2026-07-16,Phadke Road - Dombivali,0,flat,-18.600000000000108,-28.868453994770363
2026-07-16,Phadke Road - Dombivali,0,increased,1244.73,1143.0799548121095
2026-07-16,Pimple Gurav,0,decreased,-76.96000000000001,-76.99964209661306
2026-07-16,Pimple Gurav,0,flat,-16.429999999999964,-34.93216194479762
2026-07-16,Pimple Gurav,0,increased,588.7699999999999,571.6371468430723
2026-07-16,Prabhadevi,0,decreased,-511.3799999999999,-407.0888370579398
2026-07-16,Prabhadevi,0,flat,-132.29000000000005,-264.4894568279521
2026-07-16,Prabhadevi,0,increased,2164.84,2162.853550898818
2026-07-16,Pragati Nagar Nalasopara East,0,decreased,-333.62,-347.8875952638159
2026-07-16,Pragati Nagar Nalasopara East,0,flat,-221.30999999999995,-158.70511654366817
2026-07-16,Pragati Nagar Nalasopara East,0,increased,658.22,534.2863781309061
2026-07-16,Rajawadi,0,decreased,-114.29000000000005,-89.19024132412085
2026-07-16,Rajawadi,0,flat,-20.589999999999975,36.89127896750497
2026-07-16,Rajawadi,0,increased,1579.13,1646.8967847828135
2026-07-16,Roadpali Kalamboli,0,decreased,-216.31,-212.61272187140773
2026-07-16,Roadpali Kalamboli,0,flat,-1708.62,-328.13304632176516
2026-07-16,Roadpali Kalamboli,0,increased,1250.77,1177.4072433930244
2026-07-16,Rupee Nagar Pune,0,decreased,-163.08999999999995,-77.13093382696745
2026-07-16,Rupee Nagar Pune,0,flat,18.53999999999997,-59.540557000174445
2026-07-16,Rupee Nagar Pune,0,increased,532.9899999999999,496.4331814020548
2026-07-16,Saibaba Nagar,0,decreased,-41.22,-41.743772769562895
2026-07-16,Saibaba Nagar,0,flat,99.68999999999994,41.74127090651625
2026-07-16,Saibaba Nagar,0,increased,2169.3500000000004,2191.8873465780903
2026-07-16,Sakinaka - Pipeline Road,0,decreased,-269.93000000000006,-260.85174799371987
2026-07-16,Sakinaka - Pipeline Road,0,flat,-46.43000000000002,27.196377049245072
2026-07-16,Sakinaka - Pipeline Road,0,increased,787.87,680.6992882373631
2026-07-16,Sanpada,1,decreased,-201.95,-175.98212972010978
2026-07-16,Sanpada,1,flat,-34.95000000000007,-151.8556239984035
2026-07-16,Sanpada,1,increased,2117.8199999999997,2095.1855204168237
2026-07-16,Santa Cruz SV Road,0,decreased,-184.52999999999997,-197.9066500032742
2026-07-16,Santa Cruz SV Road,0,flat,-45.479999999999976,-156.09992509078074
2026-07-16,Santa Cruz SV Road,0,increased,1012.95,1019.6790424768528
2026-07-16,"Santoshi Mata Road, Kalyan West",0,decreased,-139.66000000000003,-114.12796785129453
2026-07-16,"Santoshi Mata Road, Kalyan West",0,flat,90.39000000000006,879.7470527143322
2026-07-16,"Santoshi Mata Road, Kalyan West",0,increased,2389.460000000001,2067.913107751587
2026-07-16,Sasane Nagar Pune,1,decreased,-34.78999999999999,-33.21329369329406
2026-07-16,Sasane Nagar Pune,1,flat,-21.900000000000055,-66.24298791505194
2026-07-16,Sasane Nagar Pune,1,increased,513.5799999999999,486.02137718924456
2026-07-16,Seawoods,0,decreased,-151.41000000000003,-131.94467228663177
2026-07-16,Seawoods,0,flat,-126.84000000000009,-200.93710511859962
2026-07-16,Seawoods,0,increased,1373.2800000000002,1385.3123591108774
2026-07-16,Sector 3 - New Panvel,0,decreased,-30.359999999999978,-21.498130744949457
2026-07-16,Sector 3 - New Panvel,0,flat,-131.65000000000003,-14.165598152310029
2026-07-16,Sector 3 - New Panvel,0,increased,932.0400000000001,865.0921942605379
2026-07-16,Shanti Nagar Mira Road,0,decreased,-108.92999999999996,-98.8825089864265
2026-07-16,Shanti Nagar Mira Road,0,flat,180.62,177.63472366153923
2026-07-16,Shanti Nagar Mira Road,0,increased,508.41,465.6300576882677
2026-07-16,Shirgaon Badlapur,0,decreased,-518.88,-489.7813140664938
2026-07-16,Shirgaon Badlapur,0,flat,-192.7400000000001,-90.77875574055521
2026-07-16,Shirgaon Badlapur,0,increased,1153.6299999999999,1121.3317091908607
2026-07-16,Shivaji Nagar Pune,0,decreased,-226.32,-303.3106546396787
2026-07-16,Shivaji Nagar Pune,0,flat,97.11999999999986,-230.69925968968076
2026-07-16,Shivaji Nagar Pune,0,increased,1064.39,1023.8744104276813
2026-07-16,Shreenagar,0,decreased,-419.93,-2029.0429240353415
2026-07-16,Shreenagar,0,flat,-334.9000000000001,-312.7236852994645
2026-07-16,Shreenagar,0,increased,3442.04,3649.92625475747
2026-07-16,Shriprastha Nalasopara West,0,decreased,-271.64000000000004,-230.94489823556097
2026-07-16,Shriprastha Nalasopara West,0,flat,34.130000000000024,198.0023537923626
2026-07-16,Shriprastha Nalasopara West,0,increased,649.97,650.0919553129785
2026-07-16,Sion Koliwada,0,decreased,-364.72999999999996,-368.9499681965696
2026-07-16,Sion Koliwada,0,flat,-31.170000000000034,-81.02153962280249
2026-07-16,Sion Koliwada,0,increased,1669.21,1635.5234527933917
2026-07-16,Thakur Complex,0,decreased,-104.56,-111.11356891292726
2026-07-16,Thakur Complex,0,flat,29.04,-25.260957082372972
2026-07-16,Thakur Complex,0,increased,1214.44,1229.704299746578
2026-07-16,Thergaon,0,decreased,-33.199999999999974,-28.75450932552796
2026-07-16,Thergaon,0,flat,86.62999999999997,107.52483808725913
2026-07-16,Thergaon,0,increased,805.3599999999999,766.0973391617161
2026-07-16,Tilak Road Pune,0,decreased,-64.78999999999998,-72.231828517316
2026-07-16,Tilak Road Pune,0,flat,-230.4100000000002,-252.7525655650148
2026-07-16,Tilak Road Pune,0,increased,1012.2399999999998,855.4054632609648
2026-07-16,Tilaknagar,0,decreased,-131.7,-117.6293088188759
2026-07-16,Tilaknagar,0,flat,74.90999999999991,23.642737666891772
2026-07-16,Tilaknagar,0,increased,1764.7600000000002,1710.5242247592616
2026-07-16,Titwala,0,decreased,-217.5,-233.48451296682234
2026-07-16,Titwala,0,flat,-130.8699999999999,-331.7083971039547
2026-07-16,Titwala,0,increased,1597.73,1614.4669386296396
2026-07-16,Trimurti Chowk Nashik,0,decreased,-32.43,-20.455412380952374
2026-07-16,Trimurti Chowk Nashik,0,flat,-47.04000000000001,-29.456223994915042
2026-07-16,Trimurti Chowk Nashik,0,increased,335.8399999999999,240.10387747365257
2026-07-16,Ulhas Nagar - Shahad,0,decreased,-211.15,-208.07670068244607
2026-07-16,Ulhas Nagar - Shahad,0,flat,35.78,60.98886555007188
2026-07-16,Ulhas Nagar - Shahad,0,increased,844.58,816.4955572787967
2026-07-16,Ulhas Nagar - Shreeram Chowk,0,decreased,-510.0400000000001,-472.0834833249721
2026-07-16,Ulhas Nagar - Shreeram Chowk,0,flat,27.949999999999967,11.991131533520738
2026-07-16,Ulhas Nagar - Shreeram Chowk,0,increased,680.3,670.8275033374694
2026-07-16,Ulhasnagar,0,decreased,-161.39,-133.89527219408617
2026-07-16,Ulhasnagar,0,flat,97.82000000000005,-38.829708647731486
2026-07-16,Ulhasnagar,0,increased,1381.75,1377.1703431256487
2026-07-16,Ulhasnagar - Humlog Circle,0,decreased,-203.64999999999998,-197.59919375721472
2026-07-16,Ulhasnagar - Humlog Circle,0,flat,40.3299999999999,107.33683036415894
2026-07-16,Ulhasnagar - Humlog Circle,0,increased,1103.29,1118.1517387911927
2026-07-16,Ulhasnagar - Khemani Chowk,0,decreased,-134.76,-108.42390850707439
2026-07-16,Ulhasnagar - Khemani Chowk,0,flat,-27.99000000000003,-59.460105526531436
2026-07-16,Ulhasnagar - Khemani Chowk,0,increased,741.8299999999999,662.2538890181971
2026-07-16,Ulhasnagar Sector 4,0,decreased,-163.85999999999999,-186.48666387783229
2026-07-16,Ulhasnagar Sector 4,0,flat,9.649999999999935,-58.455515342125736
2026-07-16,Ulhasnagar Sector 4,0,increased,1138.1000000000001,1175.921735511514
2026-07-16,Ulwe-Navi Mumbai,0,decreased,-66.43999999999998,-66.44047998503551
2026-07-16,Ulwe-Navi Mumbai,0,flat,14.049999999999923,121.02677306922918
2026-07-16,Ulwe-Navi Mumbai,0,increased,1646.65,1635.2613069733613
2026-07-16,Vakola,0,decreased,-330.94,-326.79508591305944
2026-07-16,Vakola,0,flat,290.3300000000001,58.101232352956416
2026-07-16,Vakola,0,increased,1014.77,1009.7344723795388
2026-07-16,Vasai West - Station Road,0,decreased,-365.6499999999999,-363.71675953635713
2026-07-16,Vasai West - Station Road,0,flat,-36.86999999999995,16.189057267688682
2026-07-16,Vasai West - Station Road,0,increased,1832.4899999999998,1789.2130549323551
2026-07-16,Vashi,0,decreased,-473.98999999999995,-451.70907513035
2026-07-16,Vashi,0,flat,-79.0799999999998,11.11171392609661
2026-07-16,Vashi,0,increased,2925.99,2823.04355894159
2026-07-16,Vashi Sector 11,0,decreased,-307.40000000000003,-281.1410286987263
2026-07-16,Vashi Sector 11,0,flat,-47.809999999999974,-59.942430509674026
2026-07-16,Vashi Sector 11,0,increased,1515.0700000000002,1445.9610357855536
2026-07-16,Veenanagar,0,decreased,-216.7199999999999,-221.07243410252545
2026-07-16,Veenanagar,0,flat,-8.340000000000117,-54.579885484140235
2026-07-16,Veenanagar,0,increased,1684.37,1664.8697588337468
2026-07-16,Versova - Yari Road,0,decreased,-114.70999999999998,-139.3437926762984
2026-07-16,Versova - Yari Road,0,flat,-10.64,-85.58867931100987
2026-07-16,Versova - Yari Road,0,increased,1175.71,1222.2677112707113
2026-07-16,Versova Andheri,0,decreased,-237.18000000000004,-311.7192973851771
2026-07-16,Versova Andheri,0,flat,979.1800000000002,844.1040597705488
2026-07-16,Versova Andheri,0,increased,3782.49,3462.5382540883834
2026-07-16,Vijay Nagari - Thane,0,decreased,-492.37,-492.8039362020417
2026-07-16,Vijay Nagari - Thane,0,flat,-53.41000000000003,171.0606223741359
2026-07-16,Vijay Nagari - Thane,0,increased,2636.53,2464.6182932104775
2026-07-16,Vikhroli,0,decreased,-423.21,-378.64331835379613
2026-07-16,Vikhroli,0,flat,-43.66000000000018,161.13731213740704
2026-07-16,Vikhroli,0,increased,3715.23,3641.946807365215
2026-07-16,Vikhroli Kannamwar,0,decreased,-616.68,-590.7907037818334
2026-07-16,Vikhroli Kannamwar,0,flat,-137.59000000000003,-280.00982433599495
2026-07-16,Vikhroli Kannamwar,0,increased,1625.16,1419.1282223893584
2026-07-16,Vile Parle,0,decreased,-18.699999999999992,-13.01992418155714
2026-07-16,Vile Parle,0,flat,-34.86000000000004,-195.8657561992833
2026-07-16,Vile Parle,0,increased,714.6799999999998,689.7989179149932
2026-07-16,Virar East,0,decreased,-289.2600000000001,-273.1132062764562
2026-07-16,Virar East,0,flat,-105.24000000000002,-38.69073428470745
2026-07-16,Virar East,0,increased,1553.54,1503.2301716171767
2026-07-16,Virar West,0,decreased,-107.26999999999994,-102.11281113110965
2026-07-16,Virar West,0,flat,-79.52999999999997,3.875585962342093
2026-07-16,Virar West,0,increased,1741.1299999999999,1598.738989240275
2026-07-16,Wadgaon Budruk Pune,0,decreased,-8.439999999999998,-8.409928803266673
2026-07-16,Wadgaon Budruk Pune,0,flat,67.03000000000011,167.9523564904206
2026-07-16,Wadgaon Budruk Pune,0,increased,608.4599999999999,645.6006355156243
2026-07-16,Wadgaon Sheri,0,decreased,-414.2100000000005,-496.2753614964347
2026-07-16,Wadgaon Sheri,0,flat,-126.1700000000001,-147.75438161740624
2026-07-16,Wadgaon Sheri,0,increased,1098.13,1049.2896575078505
2026-07-16,Wadgaon Sheri-Old Mundhwa Rd,0,decreased,-55.459999999999994,-54.94426851686466
2026-07-16,Wadgaon Sheri-Old Mundhwa Rd,0,flat,-504.0799999999993,-2185.4887408465306
2026-07-16,Wadgaon Sheri-Old Mundhwa Rd,0,increased,670.1299999999999,574.1703426287886
2026-07-16,Wanawadi Pune,0,decreased,-34.48000000000002,-34.76629135598097
2026-07-16,Wanawadi Pune,0,flat,-17.63999999999998,18.93121644016561
2026-07-16,Wanawadi Pune,0,increased,771.87,759.1596372568819
2026-07-16,Warje Pune,0,decreased,-94.65999999999997,-152.664221622838
2026-07-16,Warje Pune,0,flat,-44.359999999999964,-211.87576135782564
2026-07-16,Warje Pune,0,increased,512.69,497.2438986669406
2026-07-16,Wayale Nagar,0,decreased,-42.70000000000004,-38.2752846960268
2026-07-16,Wayale Nagar,0,flat,-4.779999999999971,81.52775091200168
2026-07-16,Wayale Nagar,0,increased,1586.34,1056.1418696454514
2026-07-16,Yashodhan,0,decreased,-251.83999999999997,-255.1126552053422
2026-07-16,Yashodhan,0,flat,-12.930000000000021,-1069.3933294745589
2026-07-16,Yashodhan,0,increased,2989.2599999999998,2848.349052133311
2026-07-16,Yogi Nagar,0,decreased,-65.70999999999998,-57.21892297900804
2026-07-16,Yogi Nagar,0,flat,4.469999999999999,-82.89290148114226
2026-07-16,Yogi Nagar,0,increased,1423.3200000000002,1383.4742900025221
2026-07-16,Yogidham Kalyan,0,decreased,-81.78499999999998,-135.70340236527608
2026-07-16,Yogidham Kalyan,0,flat,-441.15450000000004,-440.2367691662648
2026-07-16,Yogidham Kalyan,0,increased,502.0400000000001,525.7244054167501
2026-07-17,7 Rasta Byculla,0,decreased,-475.24999999999994,-471.2362532111521
2026-07-17,7 Rasta Byculla,0,flat,2.3700000000001005,-95.4290451745263
2026-07-17,7 Rasta Byculla,0,increased,1140.1200000000001,1134.7221754658472
2026-07-17,Airoli,0,decreased,-470.97999999999996,-470.694139508115
2026-07-17,Airoli,0,flat,-10.780000000000314,-223.56822937157867
2026-07-17,Airoli,0,increased,3448.0400000000004,3205.367574706146
2026-07-17,Airoli Sector - 3,0,decreased,-378.64,-371.16114798444346
2026-07-17,Airoli Sector - 3,0,flat,-0.920000000000325,-96.81884664767993
2026-07-17,Airoli Sector - 3,0,increased,1929.3899999999999,1838.7580488333895
2026-07-17,Ambegaon Pune,0,decreased,-46.349999999999994,-46.286943104546026
2026-07-17,Ambegaon Pune,0,flat,13.580000000000037,-330.15609138252654
2026-07-17,Ambegaon Pune,0,increased,683.7200000000001,621.3845967825655
2026-07-17,Ambernath East,0,decreased,-315.21999999999997,-315.19371596870224
2026-07-17,Ambernath East,0,flat,-134.82999999999996,-38.07906624967765
2026-07-17,Ambernath East,0,increased,1261.4599999999998,1295.8754273782527
2026-07-17,Ambernath West,0,decreased,-114.53999999999996,-90.86377323442645
2026-07-17,Ambernath West,0,flat,-119.43000000000009,-44.52005613911811
2026-07-17,Ambernath West,0,increased,1308.0500000000002,1253.8130309887822
2026-07-17,Ashokvan Dahisar,0,decreased,-302.1,-288.3644064810448
2026-07-17,Ashokvan Dahisar,0,flat,28.55999999999985,134.29609482302197
2026-07-17,Ashokvan Dahisar,0,increased,1658.9599999999998,1679.4786524131762
2026-07-17,Badlapur - Belavali,0,decreased,-210.72999999999996,-215.27294181688083
2026-07-17,Badlapur - Belavali,0,flat,-100.39,-37.981683379735365
2026-07-17,Badlapur - Belavali,0,increased,644.87,637.2130818260897
2026-07-17,Badlapur East,0,decreased,-2.009999999999998,-2.005147984351076
2026-07-17,Badlapur East,0,flat,2.070000000000107,46.04094120751881
2026-07-17,Badlapur East,0,increased,322.22,300.5518843692269
2026-07-17,Bandra,1,decreased,-259.0799999999999,-238.77051587978002
2026-07-17,Bandra,1,flat,-2630.26,-2681.297332204564
2026-07-17,Bandra,1,increased,3306.82,2480.238422098489
2026-07-17,Bhandup West,0,decreased,-161.54999999999995,-163.13712473066593
2026-07-17,Bhandup West,0,flat,-576.8,-239.51005769675032
2026-07-17,Bhandup West,0,increased,1591.29,1527.4502719014704
2026-07-17,Bhayandar,0,decreased,-430.10999999999996,-336.7629111786105
2026-07-17,Bhayandar,0,flat,-48.870000000000125,93.75062433781277
2026-07-17,Bhayandar,0,increased,1917.59,1962.9381581977268
2026-07-17,Bhayander 60 Feet Road,0,decreased,-401.3599999999999,-400.0223861368142
2026-07-17,Bhayander 60 Feet Road,0,flat,-242.99999999999997,53.07020743509093
2026-07-17,Bhayander 60 Feet Road,0,increased,976.4900000000001,873.3140900773427
2026-07-17,Bhekrainagar Pune,0,decreased,-246.61999999999998,-239.76265447469103
2026-07-17,Bhekrainagar Pune,0,flat,0.05000000000000071,-89.11804115186877
2026-07-17,Bhekrainagar Pune,0,increased,595.4599999999999,632.1554228028245
2026-07-17,Bhiwandi - Shivaji Chowk,0,decreased,-144.55999999999992,-170.20856929875953
2026-07-17,Bhiwandi - Shivaji Chowk,0,flat,10.150000000000016,41.48983096353916
2026-07-17,Bhiwandi - Shivaji Chowk,0,increased,478.49000000000007,434.71661867430316
2026-07-17,Bhiwandi Dhamankar Naka,1,decreased,-434.68,-409.4690139255624
2026-07-17,Bhiwandi Dhamankar Naka,1,flat,-19.939999999999884,188.09433766547306
2026-07-17,Bhiwandi Dhamankar Naka,1,increased,1814.74,2081.609053434443
2026-07-17,Bibwewadi Pune,0,decreased,-45.44999999999999,-49.70825243889281
2026-07-17,Bibwewadi Pune,0,flat,-165.60999999999984,-2323.2899185037636
2026-07-17,Bibwewadi Pune,0,increased,1387.25,1375.1302462402734
2026-07-17,Bytco Point Nashik,0,decreased,-189.90999999999997,-210.83640172546274
2026-07-17,Bytco Point Nashik,0,flat,12.790000000000092,69.85984457051593
2026-07-17,Bytco Point Nashik,0,increased,746.7200000000001,550.7293242708034
2026-07-17,CST Bora Bazaar,0,decreased,-241.48,-242.50398170638644
2026-07-17,CST Bora Bazaar,0,flat,-6.590000000000053,37.21689307567889
2026-07-17,CST Bora Bazaar,0,increased,1546.64,1401.9117124386853
2026-07-17,Chandivali,0,decreased,-130.73,-137.01196023183812
2026-07-17,Chandivali,0,flat,-98.90000000000002,-108.97705778842689
2026-07-17,Chandivali,0,increased,1155.43,1131.5946215672934
2026-07-17,Charkop,0,decreased,-57.42,-59.38317076572162
2026-07-17,Charkop,0,flat,31.52000000000004,72.66572247651419
2026-07-17,Charkop,0,increased,1884.0,1804.353530256221
2026-07-17,Chembur,0,decreased,-244.57000000000002,-270.67479928359467
2026-07-17,Chembur,0,flat,-55.719999999999914,-34.346644030817856
2026-07-17,Chembur,0,increased,3514.13,3572.0733753973786
2026-07-17,Chinchwad,1,decreased,-326.22,-321.43820145339805
2026-07-17,Chinchwad,1,flat,-134.36999999999983,-94.28708504027358
2026-07-17,Chinchwad,1,increased,1041.3500000000001,747.4493849757865
2026-07-17,Chinchwad - Gandhi Peth,1,decreased,-184.38,-190.74300392548653
2026-07-17,Chinchwad - Gandhi Peth,1,flat,-103.87999999999981,46.73639179642886
2026-07-17,Chinchwad - Gandhi Peth,1,increased,562.4900000000001,449.5505315064093
2026-07-17,Cidco Nashik,0,decreased,-123.45999999999998,-114.68888300774238
2026-07-17,Cidco Nashik,0,flat,-29.489999999999952,-117.86560637097674
2026-07-17,Cidco Nashik,0,increased,480.51000000000005,462.39989404334614
2026-07-17,Colaba,1,decreased,-207.54999999999995,-107.40300044103024
2026-07-17,Colaba,1,flat,-7.6899999999999515,-13.246126349420592
2026-07-17,Colaba,1,increased,980.2700000000001,868.9419578822049
2026-07-17,Dadar East,0,decreased,-128.49,-137.43289102729503
2026-07-17,Dadar East,0,flat,38.42999999999992,23.46926791771037
2026-07-17,Dadar East,0,increased,854.8,832.9549164467535
2026-07-17,Dahisar,0,decreased,-210.25999999999993,-146.781334823352
2026-07-17,Dahisar,0,flat,-47.8300000000001,-30.74547601037368
2026-07-17,Dahisar,0,increased,1130.0400000000002,1239.4651790526395
2026-07-17,Dattnagar,0,decreased,-59.079999999999984,-58.71376547259193
2026-07-17,Dattnagar,0,flat,-55.46000000000001,200.33634138103588
2026-07-17,Dattnagar,0,increased,1274.4900000000002,999.028353267411
2026-07-17,Dhanakwadi,0,decreased,-350.86,-326.6169727215423
2026-07-17,Dhanakwadi,0,flat,-174.27000000000004,-207.22755648918675
2026-07-17,Dhanakwadi,0,increased,1326.8700000000001,1311.8402636581327
2026-07-17,Dhanori Pune,0,decreased,-27.279999999999987,-17.20102204160071
2026-07-17,Dhanori Pune,0,flat,-17.65999999999996,-93.81884075304234
2026-07-17,Dhanori Pune,0,increased,614.22,554.3646518588349
2026-07-17,Dhayari Pune,0,decreased,-96.71999999999998,-96.59822310846123
2026-07-17,Dhayari Pune,0,flat,167.92000000000002,41.96175426897053
2026-07-17,Dhayari Pune,0,increased,1163.2,1127.9240227444516
2026-07-17,Dighi Pune,1,decreased,27.700000000000017,-54.761754362237056
2026-07-17,Dighi Pune,1,flat,-65.63999999999984,-50.23164481172532
2026-07-17,Dighi Pune,1,increased,470.4800000000001,442.3658542171393
2026-07-17,Dombivali,0,decreased,-225.82,-232.7881332339215
2026-07-17,Dombivali,0,flat,-60.06000000000003,-199.9686864564839
2026-07-17,Dombivali,0,increased,1377.2499999999998,1307.1489081493364
2026-07-17,Dombivali - Navpada,0,decreased,-219.48000000000005,-118.04897803925246
2026-07-17,Dombivali - Navpada,0,flat,41.600000000000065,-165.15667049164918
2026-07-17,Dombivali - Navpada,0,increased,1175.13,1071.7780815014648
2026-07-17,Dombivali - Reti Bunder,0,decreased,-277.05899999999997,-265.59040387792004
2026-07-17,Dombivali - Reti Bunder,0,flat,25.546900000000022,-27.684017056240712
2026-07-17,Dombivali - Reti Bunder,0,increased,470.17830000000004,374.3942847275323
2026-07-17,Dombivli West,0,decreased,-248.6799999999999,-246.57287079904538
2026-07-17,Dombivli West,0,flat,-87.21000000000005,-123.06024488727545
2026-07-17,Dombivli West,0,increased,1549.34,1543.394152882933
2026-07-17,Evershine Nagar,0,decreased,-121.88000000000002,-122.57399181459164
2026-07-17,Evershine Nagar,0,flat,141.72000000000037,90.5284501145709
2026-07-17,Evershine Nagar,0,increased,1012.3800000000001,1148.111067463549
2026-07-17,Fam Society - Koperkhairne,0,decreased,-346.01000000000005,-303.83652731286594
2026-07-17,Fam Society - Koperkhairne,0,flat,185.52,-57.821958077462334
2026-07-17,Fam Society - Koperkhairne,0,increased,2238.48,2127.0087682008375
2026-07-17,Fursungi Pune,0,decreased,-272.2199999999999,-166.4593792987203
2026-07-17,Fursungi Pune,0,flat,-23.909999999999997,-61.00578892889148
2026-07-17,Fursungi Pune,0,increased,1229.3400000000001,1274.747358742064
2026-07-17,Ghansoli,0,decreased,-258.19,-259.9389576949836
2026-07-17,Ghansoli,0,flat,-44.73000000000004,-288.1501374167714
2026-07-17,Ghansoli,0,increased,2546.6400000000003,2378.1897363433004
2026-07-17,Ghatkopar East,0,decreased,-669.3799999999999,-715.7108885486197
2026-07-17,Ghatkopar East,0,flat,163.5799999999998,176.33857608701948
2026-07-17,Ghatkopar East,0,increased,1636.07,1567.5687597263607
2026-07-17,Ghatkopar West,0,decreased,-207.98999999999992,-229.97344491622016
2026-07-17,Ghatkopar West,0,flat,-42.7699999999998,-148.99129851474729
2026-07-17,Ghatkopar West,0,increased,2002.8100000000002,2044.9736467666532
2026-07-17,Ghodapdeo - Byculla,0,decreased,-140.69999999999996,-147.78429506444576
2026-07-17,Ghodapdeo - Byculla,0,flat,-32.270000000000024,-2.798749829608953
2026-07-17,Ghodapdeo - Byculla,0,increased,1094.6699999999998,1122.040809565154
2026-07-17,Global City Virar West,0,decreased,-193.77999999999997,-140.206759898644
2026-07-17,Global City Virar West,0,flat,38.19999999999996,154.67202014751987
2026-07-17,Global City Virar West,0,increased,777.9699999999999,771.6709833653789
2026-07-17,Goregaon,1,decreased,-235.13000000000005,-196.679993358249
2026-07-17,Goregaon,1,flat,50.140000000000086,-230.80577812980837
2026-07-17,Goregaon,1,increased,3382.2900000000004,3334.2106147466516
2026-07-17,Goregaon West S.V. Road,1,decreased,-212.76999999999995,-206.80476719732926
2026-07-17,Goregaon West S.V. Road,1,flat,-117.1600000000001,-39.84272548010327
2026-07-17,Goregaon West S.V. Road,1,increased,1621.63,1534.9714972501554
2026-07-17,Govandi,0,decreased,-278.67999999999995,-352.52509068135964
2026-07-17,Govandi,0,flat,151.75999999999982,46.07059902316217
2026-07-17,Govandi,0,increased,3285.1300000000006,3264.0681140361926
2026-07-17,Gujrat Colony Kothrud,0,decreased,-95.14999999999992,-201.8549990603449
2026-07-17,Gujrat Colony Kothrud,0,flat,-68.74000000000433,-4391.324526387089
2026-07-17,Gujrat Colony Kothrud,0,increased,420.53000000000003,432.7636316050529
2026-07-17,Gulab Nagar Pune,0,decreased,-82.66000000000001,-82.59007116893092
2026-07-17,Gulab Nagar Pune,0,flat,-256.9899999999999,-120.34090876942388
2026-07-17,Gulab Nagar Pune,0,increased,987.31,927.7940487574247
2026-07-17,Hari Om Nagar,0,decreased,-43.380000000000024,-44.61246729529179
2026-07-17,Hari Om Nagar,0,flat,-1.9600000000000328,-88.37527837892821
2026-07-17,Hari Om Nagar,0,increased,881.5,849.8053194910559
2026-07-17,Hiltron Ulhasnagar,0,decreased,-150.04999999999993,-146.8406514565732
2026-07-17,Hiltron Ulhasnagar,0,flat,-7.629999999999939,22.07015328219466
2026-07-17,Hiltron Ulhasnagar,0,increased,530.52,540.825408954551
2026-07-17,Hiranandani Thane,0,decreased,-166.92999999999998,-157.1107249732128
2026-07-17,Hiranandani Thane,0,flat,-89.14000000000033,130.18785961204503
2026-07-17,Hiranandani Thane,0,increased,2173.1000000000004,2632.5818218750474
2026-07-17,IC Colony Borivali,0,decreased,-143.86999999999992,-148.20485256514877
2026-07-17,IC Colony Borivali,0,flat,110.61000000000014,-153.67517943376592
2026-07-17,IC Colony Borivali,0,increased,2645.4900000000002,2627.188579557412
2026-07-17,JB Nagar,0,decreased,-318.6499999999999,-277.79022895146596
2026-07-17,JB Nagar,0,flat,106.64999999999964,138.52668792280724
2026-07-17,JB Nagar,0,increased,3139.3,2905.8721046237015
2026-07-17,JJ Hospital,0,decreased,-196.43999999999994,-206.52513902213445
2026-07-17,JJ Hospital,0,flat,255.5200000000001,7.398350401446507
2026-07-17,JJ Hospital,0,increased,2811.5,2651.4729925358038
2026-07-17,Jagruti Nagar Ghatkopar,0,decreased,-65.63000000000002,-62.95286691919673
2026-07-17,Jagruti Nagar Ghatkopar,0,flat,33.1700000000001,-144.15198771727154
2026-07-17,Jagruti Nagar Ghatkopar,0,increased,807.41,776.3713155944079
2026-07-17,Jail Road Nashik,0,decreased,-181.04000000000002,-176.49761193580377
2026-07-17,Jail Road Nashik,0,flat,40.29000000000002,-197.35498417602182
2026-07-17,Jail Road Nashik,0,increased,408.01,449.9379916900679
2026-07-17,Jay VIjay Nagar Nalasopara East,0,decreased,-76.66999999999997,-79.63616935132848
2026-07-17,Jay VIjay Nagar Nalasopara East,0,flat,-77.51000000000013,-334.7616656661807
2026-07-17,Jay VIjay Nagar Nalasopara East,0,increased,713.6600000000001,700.3156945962869
2026-07-17,Kalamboli,0,decreased,-304.5600000000001,-290.8621158460968
2026-07-17,Kalamboli,0,flat,-127.35000000000007,-248.06393997293455
2026-07-17,Kalamboli,0,increased,1930.16,1081.216223028403
2026-07-17,Kalher Bhiwandi,0,decreased,-291.39,-292.6083268809304
2026-07-17,Kalher Bhiwandi,0,flat,95.3400000000001,-1436.7396612060068
2026-07-17,Kalher Bhiwandi,0,increased,1801.7,1562.7568116477921
2026-07-17,Kalina,0,decreased,-68.75,-68.69580110574566
2026-07-17,Kalina,0,flat,-88.62999999999992,-17.960994018187975
2026-07-17,Kalina,0,increased,1195.18,1187.198572776848
2026-07-17,Kalwa,0,decreased,-195.75000000000003,-188.35689705615113
2026-07-17,Kalwa,0,flat,2291.7900000000004,103.46519393406967
2026-07-17,Kalwa,0,increased,3289.0699999999997,3334.236116129976
2026-07-17,Kalyan,0,decreased,-95.97999999999999,-77.08271027412452
2026-07-17,Kalyan,0,flat,93.75999999999999,160.91662099147413
2026-07-17,Kalyan,0,increased,807.2400000000001,775.6590733781265
2026-07-17,Kalyan - DB Chowk,0,decreased,-244.11,-196.30050548655296
2026-07-17,Kalyan - DB Chowk,0,flat,-87.4599999999999,-253.06473285230143
2026-07-17,Kalyan - DB Chowk,0,increased,489.89000000000004,470.4020608790681
2026-07-17,Kalyan East-Tisgaon Naka,0,decreased,-172.73000000000002,-136.75928178613415
2026-07-17,Kalyan East-Tisgaon Naka,0,flat,-36.869999999999976,-48.47378086862065
2026-07-17,Kalyan East-Tisgaon Naka,0,increased,1018.56,1005.0614876551462
2026-07-17,Kalyan West Club Road,0,decreased,-568.28,-575.7212982120413
2026-07-17,Kalyan West Club Road,0,flat,2.7599999999998914,17.734746070612992
2026-07-17,Kalyan West Club Road,0,increased,886.1500000000001,810.9330523575488
2026-07-17,Kamotha,0,decreased,-215.4000000000001,-223.63959547857718
2026-07-17,Kamotha,0,flat,0.8800000000000168,156.39394991229042
2026-07-17,Kamotha,0,increased,4059.97,2645.90403084228
2026-07-17,Kamothe - Sector 36,0,decreased,-162.5,-211.7222873381273
2026-07-17,Kamothe - Sector 36,0,flat,33.410000000000224,283.9621601127494
2026-07-17,Kamothe - Sector 36,0,increased,893.72,859.8955694484677
2026-07-17,Kandivali East,0,decreased,-94.80999999999997,-93.22828432018494
2026-07-17,Kandivali East,0,flat,191.75,-3.0868923853449814
2026-07-17,Kandivali East,0,increased,1142.31,1108.2405536576096
2026-07-17,Kandivali West,0,decreased,-183.01,-182.98527040600757
2026-07-17,Kandivali West,0,flat,24.789999999999996,17.247958486518566
2026-07-17,Kandivali West,0,increased,860.48,868.7212643117626
2026-07-17,Kasarvadavali Thane,0,decreased,-214.77999999999992,-151.8611302666002
2026-07-17,Kasarvadavali Thane,0,flat,-63.40000000000009,-80.47412904692041
2026-07-17,Kasarvadavali Thane,0,increased,1087.19,1073.8804536669961
2026-07-17,Katrap Badlapur East,0,decreased,-121.83999999999992,-170.42053744375772
2026-07-17,Katrap Badlapur East,0,flat,125.8299999999999,-26.982981549229407
2026-07-17,Katrap Badlapur East,0,increased,401.34,356.50443550495584
2026-07-17,Khadki Pune,0,decreased,-52.459999999999994,-44.93715881169176
2026-07-17,Khadki Pune,0,flat,-332.6699999999999,-607.8719725820182
2026-07-17,Khadki Pune,0,increased,888.08,834.1434812403537
2026-07-17,Khanda Colony,1,decreased,-173.83,-155.69131318229256
2026-07-17,Khanda Colony,1,flat,-14.080000000000028,-18.643031055322655
2026-07-17,Khanda Colony,1,increased,1666.66,1575.6615366772462
2026-07-17,Khar West,1,decreased,-2.029999999999994,-66.13238145305324
2026-07-17,Khar West,1,flat,-829.3399999999991,-783.1906798155442
2026-07-17,Khar West,1,increased,1077.92,1046.488629501196
2026-07-17,Kharghar,0,decreased,-107.04999999999995,-97.99799953325162
2026-07-17,Kharghar,0,flat,-184.52000000000055,-3.0932263521759253
2026-07-17,Kharghar,0,increased,3076.59,3070.2220893184935
2026-07-17,Kharghar Sector 12,0,decreased,-145.04,-136.5893794270249
2026-07-17,Kharghar Sector 12,0,flat,-112.13999999999996,-294.30547279162903
2026-07-17,Kharghar Sector 12,0,increased,1743.9800000000002,1693.3279418554082
2026-07-17,Khopat,0,decreased,-72.58999999999999,-53.09285306932895
2026-07-17,Khopat,0,flat,401.85,-40.337382072835936
2026-07-17,Khopat,0,increased,2871.07,2742.8436423135818
2026-07-17,Khutwad Nagar Nashik,0,decreased,-85.43999999999997,-78.72637960971822
2026-07-17,Khutwad Nagar Nashik,0,flat,29.230000000000008,-41.714009420296996
2026-07-17,Khutwad Nagar Nashik,0,increased,322.59999999999997,267.0663996186647
2026-07-17,Kolsheth,0,decreased,-823.5400000000002,428.0006799685549
2026-07-17,Kolsheth,0,flat,-68.80999999999992,-427.4663192015664
2026-07-17,Kolsheth,0,increased,3782.5,3586.0975509944883
2026-07-17,Kopar Khairane,0,decreased,-243.46,-238.4202845011299
2026-07-17,Kopar Khairane,0,flat,-100.40000000000006,-129.21455282524337
2026-07-17,Kopar Khairane,0,increased,2509.9,2354.1294968592283
2026-07-17,Kopari Thane,0,decreased,-158.15999999999997,-146.29806463490476
2026-07-17,Kopari Thane,0,flat,-956.4600000000002,-1276.2495297333157
2026-07-17,Kopari Thane,0,increased,1133.8500000000001,1090.424535248774
2026-07-17,Koper Khairane - Sector 7,0,decreased,-445.05000000000007,-681.9647784076316
2026-07-17,Koper Khairane - Sector 7,0,flat,59.44999999999998,60.49087346413157
2026-07-17,Koper Khairane - Sector 7,0,increased,1218.3700000000001,1208.9800998402143
2026-07-17,Kulgaon Badlapur West,0,decreased,-206.57999999999998,-178.17034805526887
2026-07-17,Kulgaon Badlapur West,0,flat,-23.060000000000038,-159.7844421005358
2026-07-17,Kulgaon Badlapur West,0,increased,969.94,928.3356321384957
2026-07-17,Kurla,0,decreased,-442.55000000000007,-444.93667581019037
2026-07-17,Kurla,0,flat,-2.3100000000000165,-42.35194405729409
2026-07-17,Kurla,0,increased,1750.3600000000001,1677.6721953537008
2026-07-17,Kurla West,0,decreased,-367.1399999999999,-403.60975267943184
2026-07-17,Kurla West,0,flat,50.959999999999944,13.47302149002628
2026-07-17,Kurla West,0,increased,1372.58,1306.6764525917913
2026-07-17,Lower Parel - SJ Marg,0,decreased,-260.93,-260.32548635978446
2026-07-17,Lower Parel - SJ Marg,0,flat,-58.349999999999994,5.424238722687328
2026-07-17,Lower Parel - SJ Marg,0,increased,681.11,623.9245975127201
2026-07-17,Mahakali,0,decreased,-365.12,-369.88965107260475
2026-07-17,Mahakali,0,flat,-120.71000000000001,-247.4545784964953
2026-07-17,Mahakali,0,increased,2016.18,1936.5790371635653
2026-07-17,Mahavir Pride Dombivali,0,decreased,-262.7499999999999,-267.2231344322456
2026-07-17,Mahavir Pride Dombivali,0,flat,-10.749999999999895,-257.01094078796274
2026-07-17,Mahavir Pride Dombivali,0,increased,1111.2900000000002,1099.6785627163495
2026-07-17,Mahim West,0,decreased,-124.40999999999997,-78.54287015453946
2026-07-17,Mahim West,0,flat,-790.2600000000008,-665.0732111472038
2026-07-17,Mahim West,0,increased,1542.58,1435.6400966787105
2026-07-17,Malad,0,decreased,-270.22999999999996,-279.6281239404127
2026-07-17,Malad,0,flat,-373.11000000000035,-412.36066130107923
2026-07-17,Malad,0,increased,1992.53,1969.5428935058167
2026-07-17,Malad Liberty Garden,0,decreased,-157.01,-119.92573477971786
2026-07-17,Malad Liberty Garden,0,flat,-116.69999999999999,-109.2956089887809
2026-07-17,Malad Liberty Garden,0,increased,1891.88,1851.045363221325
2026-07-17,Malwani,0,decreased,-71.67999999999999,-80.39293273773632
2026-07-17,Malwani,0,flat,133.12,77.51931884129975
2026-07-17,Malwani,0,increased,1288.39,1259.6666847892957
2026-07-17,Marol,0,decreased,-40.27999999999998,-5.632088556694043
2026-07-17,Marol,0,flat,-31.359999999999975,-112.28572220533613
2026-07-17,Marol,0,increased,2376.23,2274.019143775809
2026-07-17,Mharal Ulhasnagar,0,decreased,-239.67999999999998,-210.21584676903694
2026-07-17,Mharal Ulhasnagar,0,flat,341.33000000000004,-166.57874266781707
2026-07-17,Mharal Ulhasnagar,0,increased,1296.6000000000001,1247.8860724505546
2026-07-17,Mhasrul Nashik,0,decreased,-204.55,-155.28861131586137
2026-07-17,Mhasrul Nashik,0,flat,-2172.7099999999996,-442.9081782142875
2026-07-17,Mhasrul Nashik,0,increased,449.34999999999997,434.3852091304484
2026-07-17,Mira Road,0,decreased,-144.85999999999999,-154.57910241414606
2026-07-17,Mira Road,0,flat,10.859999999999971,22.57543056697841
2026-07-17,Mira Road,0,increased,1583.8500000000001,1497.8176047228148
2026-07-17,Mira Road - GCC Club Road,0,decreased,-162.31000000000006,-161.86542363277348
2026-07-17,Mira Road - GCC Club Road,0,flat,-331.2400000000001,-413.0261045183932
2026-07-17,Mira Road - GCC Club Road,0,increased,573.72,566.9112609368099
2026-07-17,Mira Road Jangid Complex,0,decreased,-129.53000000000003,-174.31459525685716
2026-07-17,Mira Road Jangid Complex,0,flat,-99.12999999999977,-143.40927701604065
2026-07-17,Mira Road Jangid Complex,0,increased,916.9699999999999,935.1346403787735
2026-07-17,Mohan Nagar Kandivali,0,decreased,-29.189999999999998,-25.04210313196544
2026-07-17,Mohan Nagar Kandivali,0,flat,368.2799999999999,84.17252498836166
2026-07-17,Mohan Nagar Kandivali,0,increased,585.2199999999999,353.46489841840986
2026-07-17,Mulund East,0,decreased,-362.99999999999994,-333.6715449875349
2026-07-17,Mulund East,0,flat,-313.86000000000007,-345.28481310849804
2026-07-17,Mulund East,0,increased,4382.27,4347.153552360802
2026-07-17,Mulund Panch Rasta,0,decreased,-60.74000000000001,-55.0566139084654
2026-07-17,Mulund Panch Rasta,0,flat,-209.95000000000007,-135.83036129591864
2026-07-17,Mulund Panch Rasta,0,increased,1038.53,1233.3922922363918
2026-07-17,Mulund West,0,decreased,-387.90999999999985,-415.59655658272953
2026-07-17,Mulund West,0,flat,-146.33999999999983,183.36640780168653
2026-07-17,Mulund West,0,increased,3357.57,3373.999010507892
2026-07-17,Mulund West-Sarvodaya Nagar,0,decreased,-100.97999999999999,-36.43526451419061
2026-07-17,Mulund West-Sarvodaya Nagar,0,flat,-7385.06,-6989.281853927332
2026-07-17,Mulund West-Sarvodaya Nagar,0,increased,2248.3900000000003,2243.0556145207142
2026-07-17,Mundhwa Pune,0,decreased,-122.47999999999999,-92.25562637845206
2026-07-17,Mundhwa Pune,0,flat,-56.24000000000016,-186.95582006351123
2026-07-17,Mundhwa Pune,0,increased,1255.4900000000002,1274.4928577291255
2026-07-17,NIBM Kondwa,0,decreased,-118.75,-149.7172611667327
2026-07-17,NIBM Kondwa,0,flat,255.29000000000005,-154.92536953488738
2026-07-17,NIBM Kondwa,0,increased,1552.91,1453.5219965210315
2026-07-17,Nahur West,0,decreased,-132.79,-122.75469470780841
2026-07-17,Nahur West,0,flat,888.3100000000001,-306.5415811184032
2026-07-17,Nahur West,0,increased,1271.5400000000002,1237.3714004383603
2026-07-17,Nalasopara - Yashwant Nagar,0,decreased,-80.24000000000002,-65.42465144314602
2026-07-17,Nalasopara - Yashwant Nagar,0,flat,3.970000000000013,-185.25976893453287
2026-07-17,Nalasopara - Yashwant Nagar,0,increased,547.72,508.66457612553626
2026-07-17,Nalasopara West,0,decreased,-120.46,-94.07835876654846
2026-07-17,Nalasopara West,0,flat,-139.22999999999996,94.44292173919828
2026-07-17,Nalasopara West,0,increased,845.7099999999999,835.699161448421
2026-07-17,Narhe Pune,0,decreased,-331.99,-320.46252386411743
2026-07-17,Narhe Pune,0,flat,-13.150000000000002,-30.05258664296505
2026-07-17,Narhe Pune,0,increased,1223.8300000000002,1175.9807176433094
2026-07-17,Naupada,0,decreased,-111.31000000000002,-113.7196139469701
2026-07-17,Naupada,0,flat,-130.1799999999999,-194.29849071503483
2026-07-17,Naupada,0,increased,2715.34,2475.0074892448283
2026-07-17,Navare Nagar Ambernath,0,decreased,-59.84999999999995,-66.72336028226027
2026-07-17,Navare Nagar Ambernath,0,flat,-175.73999999999998,-90.9034751429546
2026-07-17,Navare Nagar Ambernath,0,increased,1187.74,1093.0522859848418
2026-07-17,Navi Peth Pune,0,decreased,-51.719999999999985,-51.685076787617746
2026-07-17,Navi Peth Pune,0,flat,-15.609999999999978,684.141672832005
2026-07-17,Navi Peth Pune,0,increased,1649.53,1461.7397059609325
2026-07-17,Navjeevan Mumbai Central,0,decreased,-444.58,-443.62866513649436
2026-07-17,Navjeevan Mumbai Central,0,flat,-222.83,-319.68238680859037
2026-07-17,Navjeevan Mumbai Central,0,increased,2200.13,2173.0977977388543
2026-07-17,Nerul East,0,decreased,-471.78999999999996,-503.2837313521887
2026-07-17,Nerul East,0,flat,74.71000000000001,-61.854100887371715
2026-07-17,Nerul East,0,increased,2235.4500000000003,2131.4732122904934
2026-07-17,Nerul West,0,decreased,-147.6,-153.03371832775167
2026-07-17,Nerul West,0,flat,-47.270000000000074,-178.00963167748102
2026-07-17,Nerul West,0,increased,1424.83,1453.7421955747855
2026-07-17,New Panvel,0,decreased,-381.11999999999995,-445.94461917091206
2026-07-17,New Panvel,0,flat,-125.65,-297.3712484626902
2026-07-17,New Panvel,0,increased,1485.52,1430.4132228949288
2026-07-17,Old Panvel,0,decreased,-42.400000000000006,-11.559220008421825
2026-07-17,Old Panvel,0,flat,-183.01999999999992,-223.75440829344495
2026-07-17,Old Panvel,0,increased,1127.35,1096.3131827192935
2026-07-17,Palegaon Ambernath,0,decreased,-185.07999999999998,-156.23659409143343
2026-07-17,Palegaon Ambernath,0,flat,275.83000000000004,-70.34715734779428
2026-07-17,Palegaon Ambernath,0,increased,665.51,626.5682870765451
2026-07-17,Panchpakhadi,0,decreased,-186.46000000000004,-215.55704772271739
2026-07-17,Panchpakhadi,0,flat,105.96000000000029,-24.438721318145518
2026-07-17,Panchpakhadi,0,increased,914.99,880.2548092500637
2026-07-17,Pantnagar,0,decreased,-301.4,-132.2413910963873
2026-07-17,Pantnagar,0,flat,304.6500000000001,-250.39525279481919
2026-07-17,Pantnagar,0,increased,1267.04,1248.614038696924
2026-07-17,Panvel - Uran Naka,0,decreased,-138.59000000000003,-147.25078677826735
2026-07-17,Panvel - Uran Naka,0,flat,-145.94999999999996,-70.74586140087713
2026-07-17,Panvel - Uran Naka,0,increased,801.19,762.1482465849776
2026-07-17,Phadke Road - Dombivali,0,decreased,-73.58000000000001,-76.7718598939394
2026-07-17,Phadke Road - Dombivali,0,flat,41.64999999999997,295.48334709982
2026-07-17,Phadke Road - Dombivali,0,increased,846.1700000000001,805.1896051255692
2026-07-17,Pimple Gurav,0,decreased,-57.010000000000005,-73.09277872610141
2026-07-17,Pimple Gurav,0,flat,-134.82,53.064018789943404
2026-07-17,Pimple Gurav,0,increased,414.28,338.6906392820772
2026-07-17,Prabhadevi,0,decreased,-172.96999999999994,-131.52432106227914
2026-07-17,Prabhadevi,0,flat,262.47,10.56721286839632
2026-07-17,Prabhadevi,0,increased,2375.09,2281.062300370904
2026-07-17,Pragati Nagar Nalasopara East,0,decreased,-408.42999999999995,-411.99872558866093
2026-07-17,Pragati Nagar Nalasopara East,0,flat,-133.68000000000006,131.047320647376
2026-07-17,Pragati Nagar Nalasopara East,0,increased,569.3499999999999,545.2050181447336
2026-07-17,Rajawadi,0,decreased,-92.82,-96.23034013848874
2026-07-17,Rajawadi,0,flat,-76.21999999999987,135.10789014276713
2026-07-17,Rajawadi,0,increased,1559.48,1278.1158257343154
2026-07-17,Roadpali Kalamboli,0,decreased,-173.86,-167.937665425795
2026-07-17,Roadpali Kalamboli,0,flat,-33.32000000000012,-113.37763372565792
2026-07-17,Roadpali Kalamboli,0,increased,652.65,645.5523150818469
2026-07-17,Rupee Nagar Pune,0,decreased,-21.529999999999994,-17.1407217605749
2026-07-17,Rupee Nagar Pune,0,flat,24.610000000000007,8.039270335525611
2026-07-17,Rupee Nagar Pune,0,increased,317.54999999999995,280.972183410697
2026-07-17,Saibaba Nagar,0,decreased,-289.4500000000001,-128.09957565481773
2026-07-17,Saibaba Nagar,0,flat,-42.460000000000036,-50.71403768542686
2026-07-17,Saibaba Nagar,0,increased,1581.06,1643.3805858147923
2026-07-17,Sakinaka - Pipeline Road,0,decreased,-149.70000000000002,-105.49350538169764
2026-07-17,Sakinaka - Pipeline Road,0,flat,-50.18000000000003,42.28167688493239
2026-07-17,Sakinaka - Pipeline Road,0,increased,1212.9800000000002,956.8125996512093
2026-07-17,Sanpada,1,decreased,-213.63,-205.46102643962718
2026-07-17,Sanpada,1,flat,36.93999999999989,-261.01760707396113
2026-07-17,Sanpada,1,increased,2452.9900000000002,2455.9682254940503
2026-07-17,Santa Cruz SV Road,0,decreased,-230.09999999999997,-211.2244880952013
2026-07-17,Santa Cruz SV Road,0,flat,-113.06999999999972,-274.4758412479479
2026-07-17,Santa Cruz SV Road,0,increased,988.65,982.0727258672765
2026-07-17,"Santoshi Mata Road, Kalyan West",0,decreased,-79.04999999999998,-78.94857652806465
2026-07-17,"Santoshi Mata Road, Kalyan West",0,flat,3.279999999999907,177.12229809309258
2026-07-17,"Santoshi Mata Road, Kalyan West",0,increased,782.78,780.4399338583349
2026-07-17,Sasane Nagar Pune,1,decreased,-36.16,-33.089008542922805
2026-07-17,Sasane Nagar Pune,1,flat,32.93999999999993,-78.61044800115651
2026-07-17,Sasane Nagar Pune,1,increased,619.38,751.1644198530013
2026-07-17,Seawoods,0,decreased,-201.00000000000003,-164.26547170628083
2026-07-17,Seawoods,0,flat,66.88999999999999,-221.75954440913182
2026-07-17,Seawoods,0,increased,1743.21,1750.666143179755
2026-07-17,Sector 3 - New Panvel,0,decreased,-113.91,-95.61342175314466
2026-07-17,Sector 3 - New Panvel,0,flat,-130.75000000000006,-125.03190270104308
2026-07-17,Sector 3 - New Panvel,0,increased,740.6000000000001,763.0948514908612
2026-07-17,Shanti Nagar Mira Road,0,decreased,-114.6,-105.16055867821066
2026-07-17,Shanti Nagar Mira Road,0,flat,-61.420000000000016,40.691469763659285
2026-07-17,Shanti Nagar Mira Road,0,increased,560.03,577.4942056944304
2026-07-17,Shirgaon Badlapur,0,decreased,-231.95000000000002,-245.2316232644709
2026-07-17,Shirgaon Badlapur,0,flat,-28.420000000000023,-43.72514931962555
2026-07-17,Shirgaon Badlapur,0,increased,710.2199999999999,642.6742842430907
2026-07-17,Shivaji Nagar Pune,0,decreased,-78.32999999999998,-78.28956495162944
2026-07-17,Shivaji Nagar Pune,0,flat,-18.659999999999982,122.04865894312192
2026-07-17,Shivaji Nagar Pune,0,increased,1085.9,980.7303327696817
2026-07-17,Shreenagar,0,decreased,-516.9799999999999,-474.2191797845346
2026-07-17,Shreenagar,0,flat,149.9700000000001,-258.65445868891135
2026-07-17,Shreenagar,0,increased,2760.26,2553.400068691866
2026-07-17,Shriprastha Nalasopara West,0,decreased,-185.19,-172.77673820130389
2026-07-17,Shriprastha Nalasopara West,0,flat,-97.31999999999994,20.77100203650693
2026-07-17,Shriprastha Nalasopara West,0,increased,501.40000000000003,497.8691663584158
2026-07-17,Sion Koliwada,0,decreased,-362.43999999999994,-295.7259043132858
2026-07-17,Sion Koliwada,0,flat,-2312.4200000000005,-2737.9483019617282
2026-07-17,Sion Koliwada,0,increased,1618.8700000000001,1602.852286955221
2026-07-17,Thakur Complex,0,decreased,-84.41999999999999,-87.99767971250314
2026-07-17,Thakur Complex,0,flat,23.210000000000136,77.74759991005777
2026-07-17,Thakur Complex,0,increased,2023.5,1950.895855321753
2026-07-17,Thergaon,0,decreased,-595.15,-584.5672524373135
2026-07-17,Thergaon,0,flat,526.01,291.24982116164466
2026-07-17,Thergaon,0,increased,1297.28,1282.5676627676562
2026-07-17,Tilak Road Pune,0,decreased,-132.01000000000002,-125.29739334722814
2026-07-17,Tilak Road Pune,0,flat,-67.64999999999999,-122.49306682011675
2026-07-17,Tilak Road Pune,0,increased,843.16,894.8564377738145
2026-07-17,Tilaknagar,0,decreased,-103.62,-90.24302446740106
2026-07-17,Tilaknagar,0,flat,33.42999999999999,26.850081829816524
2026-07-17,Tilaknagar,0,increased,1897.0,1650.7132692555454
2026-07-17,Titwala,0,decreased,-227.29000000000002,-148.72741138588268
2026-07-17,Titwala,0,flat,-13.769999999999861,-120.696229756213
2026-07-17,Titwala,0,increased,1459.7199999999998,1319.3375848856376
2026-07-17,Trimurti Chowk Nashik,0,decreased,-23.02000000000004,-32.662449092888316
2026-07-17,Trimurti Chowk Nashik,0,flat,-92.31000000000004,-24.031258350081313
2026-07-17,Trimurti Chowk Nashik,0,increased,379.1200000000001,305.3230031754731
2026-07-17,Ulhas Nagar - Shahad,0,decreased,-314.4,-369.965658525555
2026-07-17,Ulhas Nagar - Shahad,0,flat,26.81000000000005,66.60294976679596
2026-07-17,Ulhas Nagar - Shahad,0,increased,566.75,597.6406879648669
2026-07-17,Ulhas Nagar - Shreeram Chowk,0,decreased,-427.80000000000007,-432.6306090820888
2026-07-17,Ulhas Nagar - Shreeram Chowk,0,flat,102.6600000000001,20.76696207453647
2026-07-17,Ulhas Nagar - Shreeram Chowk,0,increased,406.06,423.27949439821947
2026-07-17,Ulhasnagar,0,decreased,-358.1499999999999,-326.9433263956253
2026-07-17,Ulhasnagar,0,flat,-410.61,-362.11268728881265
2026-07-17,Ulhasnagar,0,increased,2379.58,2044.0333042072057
2026-07-17,Ulhasnagar - Humlog Circle,0,decreased,-256.16,-249.0542678449198
2026-07-17,Ulhasnagar - Humlog Circle,0,flat,-359.93000000000006,-107.0339606613132
2026-07-17,Ulhasnagar - Humlog Circle,0,increased,1070.9,1008.5068728308861
2026-07-17,Ulhasnagar - Khemani Chowk,0,decreased,-149.05999999999997,-141.5733726246828
2026-07-17,Ulhasnagar - Khemani Chowk,0,flat,-23.609999999999975,122.89330009125945
2026-07-17,Ulhasnagar - Khemani Chowk,0,increased,979.2100000000002,950.8016825880081
2026-07-17,Ulhasnagar Sector 4,0,decreased,-126.82999999999994,-126.76498191050905
2026-07-17,Ulhasnagar Sector 4,0,flat,-82.60999999999997,-73.02076747781041
2026-07-17,Ulhasnagar Sector 4,0,increased,909.1399999999999,989.3592486154805
2026-07-17,Ulwe-Navi Mumbai,0,decreased,-113.53,-120.62664693234228
2026-07-17,Ulwe-Navi Mumbai,0,flat,-121.42000000000002,-102.16624051022856
2026-07-17,Ulwe-Navi Mumbai,0,increased,1701.76,1713.7305221890747
2026-07-17,Vakola,0,decreased,-48.170000000000016,-46.25399351251143
2026-07-17,Vakola,0,flat,-55.84000000000006,-602.3892972104298
2026-07-17,Vakola,0,increased,1171.72,1111.8551829109765
2026-07-17,Vasai West - Station Road,0,decreased,-126.46000000000001,-166.32384480961008
2026-07-17,Vasai West - Station Road,0,flat,208.97000000000008,84.51607762995482
2026-07-17,Vasai West - Station Road,0,increased,1171.03,1136.4121037634613
2026-07-17,Vashi,0,decreased,-318.1100000000002,-327.590163111274
2026-07-17,Vashi,0,flat,-56.25000000000017,-40.757588456083205
2026-07-17,Vashi,0,increased,2424.46,2377.644680919532
2026-07-17,Vashi Sector 11,0,decreased,-35.85000000000001,-20.83167763567718
2026-07-17,Vashi Sector 11,0,flat,-156.1600000000003,77.50476953240951
2026-07-17,Vashi Sector 11,0,increased,1580.39,1504.4247096919466
2026-07-17,Veenanagar,0,decreased,-51.209999999999994,-41.12058673979438
2026-07-17,Veenanagar,0,flat,-87.85,93.31601976863743
2026-07-17,Veenanagar,0,increased,1239.9,1264.8031692891052
2026-07-17,Versova - Yari Road,0,decreased,-165.48999999999998,-194.74176309051057
2026-07-17,Versova - Yari Road,0,flat,-34.21000000000007,-20.434763673341116
2026-07-17,Versova - Yari Road,0,increased,1258.3100000000002,1585.7894419250604
2026-07-17,Versova Andheri,0,decreased,-236.91000000000003,-224.43845471243668
2026-07-17,Versova Andheri,0,flat,-23.23999999999998,197.65466463162403
2026-07-17,Versova Andheri,0,increased,3468.86,3262.574515972663
2026-07-17,Vijay Nagari - Thane,0,decreased,-139.56999999999996,-75.65245418453658
2026-07-17,Vijay Nagari - Thane,0,flat,-73.78000000000014,-422.3782986376259
2026-07-17,Vijay Nagari - Thane,0,increased,2365.81,2358.677865581128
2026-07-17,Vikhroli,0,decreased,-773.6999999999999,-746.9862247241962
2026-07-17,Vikhroli,0,flat,29.120000000000335,151.28395268101187
2026-07-17,Vikhroli,0,increased,2598.73,2507.362715911089
2026-07-17,Vikhroli Kannamwar,0,decreased,-273.66999999999996,-254.12981551484197
2026-07-17,Vikhroli Kannamwar,0,flat,-136.63,-319.3935579409143
2026-07-17,Vikhroli Kannamwar,0,increased,931.0400000000001,925.4873677164549
2026-07-17,Vile Parle,0,decreased,-61.06000000000001,-74.65556078174403
2026-07-17,Vile Parle,0,flat,-825.9300000000001,-1099.7672870461838
2026-07-17,Vile Parle,0,increased,880.8399999999999,884.6072468931648
2026-07-17,Virar East,0,decreased,-466.38000000000005,-438.80443980390027
2026-07-17,Virar East,0,flat,-145.02000000000007,-59.180522758836986
2026-07-17,Virar East,0,increased,1532.0200000000002,1442.4591603292672
2026-07-17,Virar West,0,decreased,-108.94999999999999,-57.94056907578312
2026-07-17,Virar West,0,flat,-31.899999999999874,-306.32005303072793
2026-07-17,Virar West,0,increased,1271.81,1127.4031355467623
2026-07-17,Wadgaon Budruk Pune,0,decreased,-128.20999999999998,-134.42414856238577
2026-07-17,Wadgaon Budruk Pune,0,flat,-57.58000000000003,-66.68417305256727
2026-07-17,Wadgaon Budruk Pune,0,increased,2113.590000000001,1526.3709231946139
2026-07-17,Wadgaon Sheri,0,decreased,-254.44,-252.95506594040995
2026-07-17,Wadgaon Sheri,0,flat,-44.45999999999996,39.292781230364085
2026-07-17,Wadgaon Sheri,0,increased,1183.9,1167.087726051759
2026-07-17,Wadgaon Sheri-Old Mundhwa Rd,0,decreased,-53.62000000000013,208.10543432604516
2026-07-17,Wadgaon Sheri-Old Mundhwa Rd,0,flat,-50.97999999999997,9.970365776176648
2026-07-17,Wadgaon Sheri-Old Mundhwa Rd,0,increased,793.13,682.8748964130143
2026-07-17,Wanawadi Pune,0,decreased,-9.629999999999981,-4.4945993394886585
2026-07-17,Wanawadi Pune,0,flat,1252.62,133.78656593447707
2026-07-17,Wanawadi Pune,0,increased,887.94,875.5681697094689
2026-07-17,Warje Pune,0,decreased,-219.74,-221.57487492127925
2026-07-17,Warje Pune,0,flat,23.350000000000033,-31.871977764718096
2026-07-17,Warje Pune,0,increased,506.12,489.78336588965993
2026-07-17,Wayale Nagar,0,decreased,-195.65999999999997,-191.0719254664888
2026-07-17,Wayale Nagar,0,flat,65.80000000000004,-157.33027535425126
2026-07-17,Wayale Nagar,0,increased,1240.85,1280.2420198611503
2026-07-17,Yashodhan,0,decreased,-710.6399999999999,-675.3308339969603
2026-07-17,Yashodhan,0,flat,-318.3000000000002,-381.6594516848755
2026-07-17,Yashodhan,0,increased,3012.46,2960.9556838977996
2026-07-17,Yogi Nagar,0,decreased,-13.949999999999989,-9.519065372474728
2026-07-17,Yogi Nagar,0,flat,9.180000000000007,27.997285896282015
2026-07-17,Yogi Nagar,0,increased,1223.72,1276.0700858144535
2026-07-17,Yogidham Kalyan,0,decreased,-134.725,-73.35643577250784
2026-07-17,Yogidham Kalyan,0,flat,-504.41520000000025,-551.5035340489549
2026-07-17,Yogidham Kalyan,0,increased,593.7551000000001,573.2851193921831
2026-07-18,7 Rasta Byculla,0,decreased,-50.30999999999996,-828.0985705194425
2026-07-18,7 Rasta Byculla,0,flat,-38.97,86.07792749498547
2026-07-18,7 Rasta Byculla,0,increased,1517.5100000000002,1519.7738158991542
2026-07-18,Airoli,0,decreased,-272.09,-218.2247577424824
2026-07-18,Airoli,0,flat,42.47999999999998,25.940256763174204
2026-07-18,Airoli,0,increased,2350.3099999999995,2086.241667758137
2026-07-18,Airoli Sector - 3,0,decreased,-302.74000000000007,-262.7362493959781
2026-07-18,Airoli Sector - 3,0,flat,-48.42000000000003,-441.85458340723164
2026-07-18,Airoli Sector - 3,0,increased,1970.72,1935.5044334956494
2026-07-18,Ambegaon Pune,0,decreased,-63.5,-78.82353518710508
2026-07-18,Ambegaon Pune,0,flat,41.90000000000004,-133.82207617172392
2026-07-18,Ambegaon Pune,0,increased,881.1300000000001,917.8286784026919
2026-07-18,Ambernath East,0,decreased,-108.0,-108.6502962593515
2026-07-18,Ambernath East,0,flat,-111.57000000000002,59.50260367883372
2026-07-18,Ambernath East,0,increased,946.9599999999999,916.8519901199348
2026-07-18,Ambernath West,0,decreased,-83.88000000000005,-40.67932998073997
2026-07-18,Ambernath West,0,flat,-8.290000000000067,-307.3308643556484
2026-07-18,Ambernath West,0,increased,937.43,862.4756436937278
2026-07-18,Ashokvan Dahisar,0,decreased,-180.32000000000005,-201.7536697893545
2026-07-18,Ashokvan Dahisar,0,flat,166.06999999999994,18.15444433920366
2026-07-18,Ashokvan Dahisar,0,increased,1057.79,1015.5856401349804
2026-07-18,Badlapur - Belavali,0,decreased,-179.85000000000005,-180.80386304267572
2026-07-18,Badlapur - Belavali,0,flat,-47.49999999999996,23.35587811665046
2026-07-18,Badlapur - Belavali,0,increased,1487.91,1199.2250305874447
2026-07-18,Badlapur East,0,decreased,-497.1499999999995,145.40861316019704
2026-07-18,Badlapur East,0,flat,-68.37000000000002,-98.7049432818312
2026-07-18,Badlapur East,0,increased,563.7400000000001,544.9753588095995
2026-07-18,Bandra,1,decreased,-126.61999999999995,-108.71084724243853
2026-07-18,Bandra,1,flat,95.35000000000001,-109.2187610448188
2026-07-18,Bandra,1,increased,2607.06,2521.7880029804983
2026-07-18,Bhandup West,0,decreased,-151.97999999999993,-138.3718121007641
2026-07-18,Bhandup West,0,flat,-141.75999999999996,-229.1542611479687
2026-07-18,Bhandup West,0,increased,2025.15,1979.4549776827976
2026-07-18,Bhayandar,0,decreased,-1222.4,-1217.6058021814304
2026-07-18,Bhayandar,0,flat,-88.93999999999991,-157.46024794720773
2026-07-18,Bhayandar,0,increased,1887.8,1989.306067473672
2026-07-18,Bhayander 60 Feet Road,0,decreased,-215.37999999999988,-199.66496239543255
2026-07-18,Bhayander 60 Feet Road,0,flat,55.69999999999996,-22.96969866873709
2026-07-18,Bhayander 60 Feet Road,0,increased,604.17,580.0990808459834
2026-07-18,Bhekrainagar Pune,0,decreased,-237.80999999999997,-139.4681980800396
2026-07-18,Bhekrainagar Pune,0,flat,-13.839999999999996,-63.358095785319975
2026-07-18,Bhekrainagar Pune,0,increased,1117.43,1032.1008740454222
2026-07-18,Bhiwandi - Shivaji Chowk,0,decreased,-142.82,-128.59189618926635
2026-07-18,Bhiwandi - Shivaji Chowk,0,flat,24.76000000000003,-84.29028998067918
2026-07-18,Bhiwandi - Shivaji Chowk,0,increased,284.12,220.80959344756116
2026-07-18,Bhiwandi Dhamankar Naka,1,decreased,-337.06,-308.63780846072984
2026-07-18,Bhiwandi Dhamankar Naka,1,flat,-66.92000000000003,-21.748255743047686
2026-07-18,Bhiwandi Dhamankar Naka,1,increased,2036.8600000000001,2008.7598239299352
2026-07-18,Bibwewadi Pune,0,decreased,-87.39999999999999,-88.51433604159155
2026-07-18,Bibwewadi Pune,0,flat,-995.179999999999,-1237.3295074953721
2026-07-18,Bibwewadi Pune,0,increased,1584.55,1481.4906449427208
2026-07-18,Bytco Point Nashik,0,decreased,-80.78,-80.46785190288739
2026-07-18,Bytco Point Nashik,0,flat,91.80000000000007,-17.39787868888928
2026-07-18,Bytco Point Nashik,0,increased,728.8000000000001,683.6563211172256
2026-07-18,CST Bora Bazaar,0,decreased,-204.59,-202.8672099869113
2026-07-18,CST Bora Bazaar,0,flat,-64.64999999999992,-15.7612645284528
2026-07-18,CST Bora Bazaar,0,increased,1727.19,1770.171535954821
2026-07-18,Chandivali,0,decreased,-54.579999999999984,-65.28017086828038
2026-07-18,Chandivali,0,flat,6.2899999999999725,-109.86377309864534
2026-07-18,Chandivali,0,increased,589.7900000000001,553.5123659201424
2026-07-18,Charkop,0,decreased,-145.75,-148.39420119838854
2026-07-18,Charkop,0,flat,71.00000000000006,-96.49091401988063
2026-07-18,Charkop,0,increased,2417.94,2489.2107785773123
2026-07-18,Chembur,0,decreased,-255.95999999999998,-240.15013389416941
2026-07-18,Chembur,0,flat,684.39,-96.1664624465769
2026-07-18,Chembur,0,increased,3029.16,2896.4886660131624
2026-07-18,Chinchwad,1,decreased,-120.84,-47.4419563434341
2026-07-18,Chinchwad,1,flat,16.770000000000067,104.13089087726757
2026-07-18,Chinchwad,1,increased,1607.34,1425.5293560214782
2026-07-18,Chinchwad - Gandhi Peth,1,decreased,-11.019999999999989,-11.824071919719945
2026-07-18,Chinchwad - Gandhi Peth,1,flat,-6.439999999999948,-211.42054466293007
2026-07-18,Chinchwad - Gandhi Peth,1,increased,172.95,157.20446966436276
2026-07-18,Cidco Nashik,0,decreased,-186.80999999999997,-183.8136947685657
2026-07-18,Cidco Nashik,0,flat,-28.240000000000016,0.5086144978321734
2026-07-18,Cidco Nashik,0,increased,532.64,582.882429217601
2026-07-18,Colaba,1,decreased,-49.76999999999998,-34.026853023255995
2026-07-18,Colaba,1,flat,51.93999999999997,48.453051353686675
2026-07-18,Colaba,1,increased,1221.1299999999999,1193.020245632267
2026-07-18,Dadar East,0,decreased,-38.730000000000004,-29.782482481559036
2026-07-18,Dadar East,0,flat,-2.0400000000000027,-37.293759845852634
2026-07-18,Dadar East,0,increased,695.62,719.5719854377131
2026-07-18,Dahisar,0,decreased,-337.05999999999995,-330.2166579054377
2026-07-18,Dahisar,0,flat,-49.58,65.90861741198124
2026-07-18,Dahisar,0,increased,1147.05,1282.0165031623503
2026-07-18,Dattnagar,0,decreased,-245.00999999999996,-251.54392297900804
2026-07-18,Dattnagar,0,flat,103.7300000000001,610.8539148622864
2026-07-18,Dattnagar,0,increased,929.11,905.1655403248923
2026-07-18,Dhanakwadi,0,decreased,-183.74000000000007,-177.85021570761498
2026-07-18,Dhanakwadi,0,flat,55.590000000000046,-131.7472245791001
2026-07-18,Dhanakwadi,0,increased,874.74,896.6273987585938
2026-07-18,Dhanori Pune,0,decreased,-112.85000000000004,-120.32466769670874
2026-07-18,Dhanori Pune,0,flat,462.9299999999999,-14.650550102555165
2026-07-18,Dhanori Pune,0,increased,1080.05,1087.9264254821378
2026-07-18,Dhayari Pune,0,decreased,-39.74000000000001,-39.74000000000004
2026-07-18,Dhayari Pune,0,flat,157.12000000000006,132.4649530619365
2026-07-18,Dhayari Pune,0,increased,729.67,675.3184105869608
2026-07-18,Dighi Pune,1,decreased,-35.300000000000004,-31.016516702076004
2026-07-18,Dighi Pune,1,flat,-103.63000000000002,-221.8760367221118
2026-07-18,Dighi Pune,1,increased,246.85000000000016,199.65731700718874
2026-07-18,Dombivali,0,decreased,-445.51999999999987,-436.2223065768047
2026-07-18,Dombivali,0,flat,-113.22000000000008,-425.08210795345445
2026-07-18,Dombivali,0,increased,1379.62,1376.3365990178095
2026-07-18,Dombivali - Navpada,0,decreased,-339.46999999999997,-308.8450172834269
2026-07-18,Dombivali - Navpada,0,flat,-78.95000000000002,-69.34756098584651
2026-07-18,Dombivali - Navpada,0,increased,735.8199999999999,693.4133955466705
2026-07-18,Dombivali - Reti Bunder,0,decreased,-17.0312,-17.025711941185634
2026-07-18,Dombivali - Reti Bunder,0,flat,-25.566499999999976,-2.1668554013205865
2026-07-18,Dombivali - Reti Bunder,0,increased,430.909,397.74336283084494
2026-07-18,Dombivli West,0,decreased,-267.1399999999999,-233.3672996777545
2026-07-18,Dombivli West,0,flat,-38.07999999999993,-185.77467723498836
2026-07-18,Dombivli West,0,increased,2159.61,2130.6342501785443
2026-07-18,Evershine Nagar,0,decreased,-125.01999999999998,-150.01062689318252
2026-07-18,Evershine Nagar,0,flat,19.689999999999902,-152.71361490498785
2026-07-18,Evershine Nagar,0,increased,646.75,621.6565927111494
2026-07-18,Fam Society - Koperkhairne,0,decreased,-131.85,-115.6990955707686
2026-07-18,Fam Society - Koperkhairne,0,flat,-60.55999999999988,-108.4362225908321
2026-07-18,Fam Society - Koperkhairne,0,increased,1453.8400000000001,1362.02554744881
2026-07-18,Fursungi Pune,0,decreased,-21.710000000000008,-112.97321244212459
2026-07-18,Fursungi Pune,0,flat,-42.44000000000007,-298.8977605327705
2026-07-18,Fursungi Pune,0,increased,1018.63,940.8609726876076
2026-07-18,Ghansoli,0,decreased,-226.04999999999995,-219.6860776130922
2026-07-18,Ghansoli,0,flat,-121.43000000000002,-118.52124738190535
2026-07-18,Ghansoli,0,increased,2755.73,2683.023640542831
2026-07-18,Ghatkopar East,0,decreased,-482.64999999999986,-473.6980626861311
2026-07-18,Ghatkopar East,0,flat,392.59,-2.7776691624756467
2026-07-18,Ghatkopar East,0,increased,1765.3600000000001,1798.810809463854
2026-07-18,Ghatkopar West,0,decreased,-113.03999999999996,-94.90467728665584
2026-07-18,Ghatkopar West,0,flat,-215.05999999999995,-288.36601509183294
2026-07-18,Ghatkopar West,0,increased,1147.0200000000002,1178.5528987444936
2026-07-18,Ghodapdeo - Byculla,0,decreased,-107.68999999999998,-99.5122853816128
2026-07-18,Ghodapdeo - Byculla,0,flat,0.08000000000000185,29.24740847657959
2026-07-18,Ghodapdeo - Byculla,0,increased,518.98,458.3738882258748
2026-07-18,Global City Virar West,0,decreased,-285.72,-263.60556543520556
2026-07-18,Global City Virar West,0,flat,28.459999999999997,-70.5713913722148
2026-07-18,Global City Virar West,0,increased,656.49,639.5844964295511
2026-07-18,Goregaon,1,decreased,-127.57,-106.20884557073957
2026-07-18,Goregaon,1,flat,25.690000000000076,-1409.8561741859298
2026-07-18,Goregaon,1,increased,2774.0600000000004,2811.0036084369917
2026-07-18,Goregaon West S.V. Road,1,decreased,-478.04999999999995,-367.3161299483445
2026-07-18,Goregaon West S.V. Road,1,flat,-59.38,-188.72360205071055
2026-07-18,Goregaon West S.V. Road,1,increased,1433.3600000000001,1250.7443055888837
2026-07-18,Govandi,0,decreased,-412.32000000000005,-403.76722173602957
2026-07-18,Govandi,0,flat,-94.84999999999991,-138.5092837611897
2026-07-18,Govandi,0,increased,3115.24,3042.5774770643357
2026-07-18,Gujrat Colony Kothrud,0,decreased,-1.2300000000000004,-1.2300000000000004
2026-07-18,Gujrat Colony Kothrud,0,flat,-656.0199999999991,-1521.4850596518088
2026-07-18,Gujrat Colony Kothrud,0,increased,279.46000000000004,248.31960592954024
2026-07-18,Gulab Nagar Pune,0,decreased,-167.20999999999998,-172.4512438124673
2026-07-18,Gulab Nagar Pune,0,flat,13.179999999999868,-92.10475958911292
2026-07-18,Gulab Nagar Pune,0,increased,909.24,879.0534873065097
2026-07-18,Hari Om Nagar,0,decreased,-130.25000000000003,-105.67329355268924
2026-07-18,Hari Om Nagar,0,flat,-38.49999999999992,-6.359065361744838
2026-07-18,Hari Om Nagar,0,increased,1302.57,1287.2012745911188
2026-07-18,Hiltron Ulhasnagar,0,decreased,-622.86,-622.8025439514055
2026-07-18,Hiltron Ulhasnagar,0,flat,60.43000000000003,-18.747114043084
2026-07-18,Hiltron Ulhasnagar,0,increased,721.49,757.6394578193596
2026-07-18,Hiranandani Thane,0,decreased,-176.19999999999993,-154.17749749050648
2026-07-18,Hiranandani Thane,0,flat,130.79000000000025,330.42928761217416
2026-07-18,Hiranandani Thane,0,increased,2164.9900000000002,2043.9250971956753
2026-07-18,IC Colony Borivali,0,decreased,-195.23000000000002,-142.14987294220114
2026-07-18,IC Colony Borivali,0,flat,18.060000000000034,-29.117590077198958
2026-07-18,IC Colony Borivali,0,increased,1888.95,1927.1324663763212
2026-07-18,JB Nagar,0,decreased,-381.11,-393.47951121692734
2026-07-18,JB Nagar,0,flat,6.990000000000517,-709.63867090126
2026-07-18,JB Nagar,0,increased,2906.96,2732.0698639252278
2026-07-18,JJ Hospital,0,decreased,-28.459999999999987,-30.196431978477314
2026-07-18,JJ Hospital,0,flat,-122.77999999999982,-128.44554816987974
2026-07-18,JJ Hospital,0,increased,2727.56,2758.911806885611
2026-07-18,Jagruti Nagar Ghatkopar,0,decreased,-38.08999999999999,-43.48714230769227
2026-07-18,Jagruti Nagar Ghatkopar,0,flat,-123.10999999999996,-153.66196186139314
2026-07-18,Jagruti Nagar Ghatkopar,0,increased,694.1899999999999,665.8011037962935
2026-07-18,Jail Road Nashik,0,decreased,-87.50999999999999,-67.79057291323574
2026-07-18,Jail Road Nashik,0,flat,-113.9199999999999,-245.13835783541762
2026-07-18,Jail Road Nashik,0,increased,637.25,510.23748053765826
2026-07-18,Jay VIjay Nagar Nalasopara East,0,decreased,-60.35000000000003,-72.4895375262155
2026-07-18,Jay VIjay Nagar Nalasopara East,0,flat,123.31,48.53174198475202
2026-07-18,Jay VIjay Nagar Nalasopara East,0,increased,594.6,625.9482679724247
2026-07-18,Kalamboli,0,decreased,-197.83000000000004,-183.61350282031646
2026-07-18,Kalamboli,0,flat,-8624.09,-1038.6650747256767
2026-07-18,Kalamboli,0,increased,1626.6900000000003,1649.6352842574004
2026-07-18,Kalher Bhiwandi,0,decreased,-312.71,-321.95867846368213
2026-07-18,Kalher Bhiwandi,0,flat,181.30000000000007,52.51776110205911
2026-07-18,Kalher Bhiwandi,0,increased,2142.5899999999997,1832.713363622266
2026-07-18,Kalina,0,decreased,-154.26,-139.659967639863
2026-07-18,Kalina,0,flat,78.5799999999999,-143.771173357063
2026-07-18,Kalina,0,increased,869.14,862.0819588541332
2026-07-18,Kalwa,0,decreased,-544.45,-545.2117714146974
2026-07-18,Kalwa,0,flat,-81.53999999999999,-62.57603172956051
2026-07-18,Kalwa,0,increased,3086.86,3173.7367816635747
2026-07-18,Kalyan,0,decreased,-52.71,-52.629462722724675
2026-07-18,Kalyan,0,flat,1.0199999999999143,72.63928785040275
2026-07-18,Kalyan,0,increased,1255.02,1246.2275587743143
2026-07-18,Kalyan - DB Chowk,0,decreased,-126.52000000000001,-105.2142481993717
2026-07-18,Kalyan - DB Chowk,0,flat,7.330000000000144,138.60993392686873
2026-07-18,Kalyan - DB Chowk,0,increased,861.0799999999999,818.3357736895825
2026-07-18,Kalyan East-Tisgaon Naka,0,decreased,-129.31000000000006,-85.24155413675001
2026-07-18,Kalyan East-Tisgaon Naka,0,flat,-14.080000000000126,-63.48461694934689
2026-07-18,Kalyan East-Tisgaon Naka,0,increased,993.62,1009.1873623886273
2026-07-18,Kalyan West Club Road,0,decreased,33.06999999999992,-24.81781315125425
2026-07-18,Kalyan West Club Road,0,flat,-63.72000000000004,182.947865732889
2026-07-18,Kalyan West Club Road,0,increased,763.12,752.8849336453151
2026-07-18,Kamotha,0,decreased,-386.0999999999999,-352.92897099540573
2026-07-18,Kamotha,0,flat,133.24999999999997,-31.87271512107898
2026-07-18,Kamotha,0,increased,2166.56,2123.7125216220056
2026-07-18,Kamothe - Sector 36,0,decreased,-261.43,-261.37133573859774
2026-07-18,Kamothe - Sector 36,0,flat,-67.61,-164.4931956024656
2026-07-18,Kamothe - Sector 36,0,increased,490.06,440.4523018433438
2026-07-18,Kandivali East,0,decreased,-129.97999999999996,-137.28789406036339
2026-07-18,Kandivali East,0,flat,-143.4100000000002,-545.5554552865734
2026-07-18,Kandivali East,0,increased,1249.75,1228.0810193991113
2026-07-18,Kandivali West,0,decreased,-67.05,-66.9597864098
2026-07-18,Kandivali West,0,flat,0.5800000000000001,7.440415670136502
2026-07-18,Kandivali West,0,increased,395.34999999999997,429.88365997556764
2026-07-18,Kasarvadavali Thane,0,decreased,-144.98999999999998,-79.83641088516755
2026-07-18,Kasarvadavali Thane,0,flat,168.49000000000004,-18.52573699061241
2026-07-18,Kasarvadavali Thane,0,increased,1556.42,1573.236533634397
2026-07-18,Katrap Badlapur East,0,decreased,-114.07,-109.55023480564344
2026-07-18,Katrap Badlapur East,0,flat,7.789999999999981,39.43949989627511
2026-07-18,Katrap Badlapur East,0,increased,257.03000000000003,254.59713435806026
2026-07-18,Khadki Pune,0,decreased,-28.389999999999993,-33.503943550447104
2026-07-18,Khadki Pune,0,flat,498.07000000000016,49.257565523954696
2026-07-18,Khadki Pune,0,increased,820.0799999999999,585.4556588510833
2026-07-18,Khanda Colony,1,decreased,-191.84000000000003,-163.03742427717626
2026-07-18,Khanda Colony,1,flat,-59.559999999999945,-117.19569906467056
2026-07-18,Khanda Colony,1,increased,895.3199999999999,843.1962032247525
2026-07-18,Khar West,1,decreased,-150.95999999999998,-155.84828406933713
2026-07-18,Khar West,1,flat,-67.65999999999994,4.088729578977329
2026-07-18,Khar West,1,increased,1362.02,1328.331965705464
2026-07-18,Kharghar,0,decreased,-128.22000000000003,-130.428849421125
2026-07-18,Kharghar,0,flat,-220.9900000000001,-274.0125896772298
2026-07-18,Kharghar,0,increased,2424.67,2264.561550822231
2026-07-18,Kharghar Sector 12,0,decreased,-280.65,-276.0254651684967
2026-07-18,Kharghar Sector 12,0,flat,-63.750000000000014,-119.92665630850242
2026-07-18,Kharghar Sector 12,0,increased,1236.3400000000001,1269.1926872589954
2026-07-18,Khopat,0,decreased,-188.23000000000002,-166.59140905835903
2026-07-18,Khopat,0,flat,-180.7199999999998,-71.69951252603481
2026-07-18,Khopat,0,increased,2453.03,2348.059073655703
2026-07-18,Khutwad Nagar Nashik,0,decreased,-162.14999999999998,-161.71682493415437
2026-07-18,Khutwad Nagar Nashik,0,flat,-25.21000000000004,-61.34968582363349
2026-07-18,Khutwad Nagar Nashik,0,increased,210.53,235.62261153757865
2026-07-18,Kolsheth,0,decreased,-71.60999999999999,-71.55739596705428
2026-07-18,Kolsheth,0,flat,109.18000000000023,-26.089284950834795
2026-07-18,Kolsheth,0,increased,3041.08,3051.153965291453
2026-07-18,Kopar Khairane,0,decreased,-352.32,-355.68147289404885
2026-07-18,Kopar Khairane,0,flat,-76.48000000000005,-141.29029197219884
2026-07-18,Kopar Khairane,0,increased,2033.13,1901.5086470956542
2026-07-18,Kopari Thane,0,decreased,-130.11000000000004,-140.5301882017328
2026-07-18,Kopari Thane,0,flat,-1004.4699999999998,-982.8217909871058
2026-07-18,Kopari Thane,0,increased,568.84,360.90720256917484
2026-07-18,Koper Khairane - Sector 7,0,decreased,-131.27,-146.4613626305787
2026-07-18,Koper Khairane - Sector 7,0,flat,19.589999999999975,-57.21023161950797
2026-07-18,Koper Khairane - Sector 7,0,increased,1421.74,1409.2427057996897
2026-07-18,Kulgaon Badlapur West,0,decreased,-269.53999999999996,-241.4652474011586
2026-07-18,Kulgaon Badlapur West,0,flat,-30.789999999999818,-89.05797178440315
2026-07-18,Kulgaon Badlapur West,0,increased,1673.3,1455.60749577251
2026-07-18,Kurla,0,decreased,-436.27,-363.2968418579987
2026-07-18,Kurla,0,flat,-19.380000000000074,52.387972521569424
2026-07-18,Kurla,0,increased,1388.85,1303.2923194993
2026-07-18,Kurla West,0,decreased,-417.0899999999999,-438.91492322008065
2026-07-18,Kurla West,0,flat,57.93000000000002,-83.61003232430488
2026-07-18,Kurla West,0,increased,1921.0800000000002,1935.3196798146678
2026-07-18,Lower Parel - SJ Marg,0,decreased,-121.97,-111.18413821283698
2026-07-18,Lower Parel - SJ Marg,0,flat,291.3699999999999,-5.075288462498797
2026-07-18,Lower Parel - SJ Marg,0,increased,738.08,740.6499763657665
2026-07-18,Mahakali,0,decreased,-266.93,-275.8103069842867
2026-07-18,Mahakali,0,flat,-149.06999999999996,73.91378042077109
2026-07-18,Mahakali,0,increased,2693.44,2538.7769116067784
2026-07-18,Mahavir Pride Dombivali,0,decreased,-346.7,-333.7105525301322
2026-07-18,Mahavir Pride Dombivali,0,flat,0.7400000000000695,-148.26836053921983
2026-07-18,Mahavir Pride Dombivali,0,increased,1821.45,1524.046735725363
2026-07-18,Mahim West,0,decreased,-177.69,-153.37961375677278
2026-07-18,Mahim West,0,flat,-11.039999999999997,51.020793989271496
2026-07-18,Mahim West,0,increased,1693.93,1214.8391385529374
2026-07-18,Malad,0,decreased,-184.42,-239.1333789360155
2026-07-18,Malad,0,flat,-3290.8000000000006,-3302.4504882347583
2026-07-18,Malad,0,increased,1962.78,1865.4657269098225
2026-07-18,Malad Liberty Garden,0,decreased,-139.78999999999996,-98.50903809626102
2026-07-18,Malad Liberty Garden,0,flat,-22.450000000000017,34.230760042742226
2026-07-18,Malad Liberty Garden,0,increased,1370.25,1274.371686379324
2026-07-18,Malwani,0,decreased,-80.88,-81.37908124891888
2026-07-18,Malwani,0,flat,6.059999999999988,-55.02161133067229
2026-07-18,Malwani,0,increased,1509.52,1539.4870846794154
2026-07-18,Marol,0,decreased,-391.64000000000004,-257.7633132647337
2026-07-18,Marol,0,flat,-137.6099999999999,99.85434460385291
2026-07-18,Marol,0,increased,2461.5600000000004,2517.0634509699735
2026-07-18,Mharal Ulhasnagar,0,decreased,-468.31999999999994,-458.5870320025892
2026-07-18,Mharal Ulhasnagar,0,flat,73.91000000000007,-40.57857334064108
2026-07-18,Mharal Ulhasnagar,0,increased,1422.98,1399.4200788481137
2026-07-18,Mhasrul Nashik,0,decreased,48.790000000000006,-24.56019895294024
2026-07-18,Mhasrul Nashik,0,flat,4.470000000000006,-43.514149814050846
2026-07-18,Mhasrul Nashik,0,increased,806.28,782.0721144898592
2026-07-18,Mira Road,0,decreased,-239.84,-303.70794452625296
2026-07-18,Mira Road,0,flat,-64.34999999999998,-62.09311459602809
2026-07-18,Mira Road,0,increased,1092.55,1031.8648651639678
2026-07-18,Mira Road - GCC Club Road,0,decreased,-18.67000000000001,-46.992775901276616
2026-07-18,Mira Road - GCC Club Road,0,flat,-236.29999999999995,-353.34375781550557
2026-07-18,Mira Road - GCC Club Road,0,increased,332.35,310.93047129676137
2026-07-18,Mira Road Jangid Complex,0,decreased,-184.83,-166.94325990774425
2026-07-18,Mira Road Jangid Complex,0,flat,1681.0300000000002,469.139331201905
2026-07-18,Mira Road Jangid Complex,0,increased,1133.05,1056.6772871807955
2026-07-18,Mohan Nagar Kandivali,0,decreased,-111.62999999999995,-106.38152577207418
2026-07-18,Mohan Nagar Kandivali,0,flat,262.42,77.7219187656477
2026-07-18,Mohan Nagar Kandivali,0,increased,936.9699999999999,845.235851080207
2026-07-18,Mulund East,0,decreased,-520.1999999999998,-412.56296759454466
2026-07-18,Mulund East,0,flat,234.029999999999,-185.13688660807532
2026-07-18,Mulund East,0,increased,3243.7500000000005,3281.7686615803977
2026-07-18,Mulund Panch Rasta,0,decreased,-150.12,-124.24154771464625
2026-07-18,Mulund Panch Rasta,0,flat,3.61999999999995,-98.68320675376961
2026-07-18,Mulund Panch Rasta,0,increased,672.6400000000001,734.1847900306565
2026-07-18,Mulund West,0,decreased,-186.42,-183.36860493794688
2026-07-18,Mulund West,0,flat,2.6700000000000212,42.48949108991444
2026-07-18,Mulund West,0,increased,2277.4700000000003,2061.0104193677707
2026-07-18,Mulund West-Sarvodaya Nagar,0,decreased,-94.9,-101.91291986338815
2026-07-18,Mulund West-Sarvodaya Nagar,0,flat,163.32,44.534507152557836
2026-07-18,Mulund West-Sarvodaya Nagar,0,increased,1751.97,1758.93171810251
2026-07-18,Mundhwa Pune,0,decreased,-25.71,-25.685236259313562
2026-07-18,Mundhwa Pune,0,flat,238.14999999999975,44.86044077070282
2026-07-18,Mundhwa Pune,0,increased,480.87999999999994,465.3200830176566
2026-07-18,NIBM Kondwa,0,decreased,-255.29999999999995,-315.95704858946743
2026-07-18,NIBM Kondwa,0,flat,-24.879999999999967,-242.96270217477795
2026-07-18,NIBM Kondwa,0,increased,1728.4100000000003,1639.027286863997
2026-07-18,Nahur West,0,decreased,-5.749999999999982,-31.386664030539375
2026-07-18,Nahur West,0,flat,101.28000000000003,159.2049113499773
2026-07-18,Nahur West,0,increased,1635.21,1581.463094845417
2026-07-18,Nalasopara - Yashwant Nagar,0,decreased,-112.53000000000003,-92.33561145756266
2026-07-18,Nalasopara - Yashwant Nagar,0,flat,51.65999999999998,137.33287071411667
2026-07-18,Nalasopara - Yashwant Nagar,0,increased,938.58,932.0324678179254
2026-07-18,Nalasopara West,0,decreased,-16.30000000000001,-11.45646395683454
2026-07-18,Nalasopara West,0,flat,-98.63000000000008,6.0537382856325195
2026-07-18,Nalasopara West,0,increased,789.42,791.1948031060003
2026-07-18,Narhe Pune,0,decreased,-52.38999999999998,-36.414044017093936
2026-07-18,Narhe Pune,0,flat,-53.56000000000003,-259.75092422645105
2026-07-18,Narhe Pune,0,increased,856.7500000000001,845.357932910109
2026-07-18,Naupada,0,decreased,-172.32999999999998,-189.75147572828868
2026-07-18,Naupada,0,flat,16.869999999999997,-351.7296396225894
2026-07-18,Naupada,0,increased,2134.1,2244.215040769955
2026-07-18,Navare Nagar Ambernath,0,decreased,-86.68,-101.68070880846182
2026-07-18,Navare Nagar Ambernath,0,flat,24.849999999999984,-266.8138616020803
2026-07-18,Navare Nagar Ambernath,0,increased,1075.03,1038.2381794840069
2026-07-18,Navi Peth Pune,0,decreased,-260.02,-186.60891912640264
2026-07-18,Navi Peth Pune,0,flat,-3.9199999999999307,-179.03272131121915
2026-07-18,Navi Peth Pune,0,increased,1035.67,947.9486732977853
2026-07-18,Navjeevan Mumbai Central,0,decreased,-103.07,-86.8205275664692
2026-07-18,Navjeevan Mumbai Central,0,flat,-89.09999999999994,123.7801590420282
2026-07-18,Navjeevan Mumbai Central,0,increased,1351.04,1446.7435959727102
2026-07-18,Nerul East,0,decreased,-123.53,-97.04909297246081
2026-07-18,Nerul East,0,flat,-3.7799999999998697,175.3760331256716
2026-07-18,Nerul East,0,increased,1741.43,1723.9460350251536
2026-07-18,Nerul West,0,decreased,-252.86,-184.79406302256945
2026-07-18,Nerul West,0,flat,3.129999999999878,84.99212606284753
2026-07-18,Nerul West,0,increased,1619.31,1541.0528165847247
2026-07-18,New Panvel,0,decreased,-608.79,-444.56650331206424
2026-07-18,New Panvel,0,flat,54.10999999999993,64.79253084493679
2026-07-18,New Panvel,0,increased,1827.2099999999998,1799.3353558936512
2026-07-18,Old Panvel,0,decreased,-12.990000000000066,-38.4891030104439
2026-07-18,Old Panvel,0,flat,130.21999999999997,-33.4614837682486
2026-07-18,Old Panvel,0,increased,2217.37,1987.6808798874456
2026-07-18,Palegaon Ambernath,0,decreased,-211.26,-247.65587687805169
2026-07-18,Palegaon Ambernath,0,flat,16.890000000000015,-125.21397591927459
2026-07-18,Palegaon Ambernath,0,increased,772.9599999999999,671.9314320569348
2026-07-18,Panchpakhadi,0,decreased,-50.89,-15.108357564340189
2026-07-18,Panchpakhadi,0,flat,-50.11999999999994,-53.65048532691855
2026-07-18,Panchpakhadi,0,increased,1688.1399999999999,1142.0633541699308
2026-07-18,Pantnagar,0,decreased,-171.87,-171.80760292488537
2026-07-18,Pantnagar,0,flat,-126.25999999999988,-117.55350900274462
2026-07-18,Pantnagar,0,increased,1110.3000000000002,1112.4454247998872
2026-07-18,Panvel - Uran Naka,0,decreased,-189.84999999999997,-183.79342491236443
2026-07-18,Panvel - Uran Naka,0,flat,-64.72999999999996,-143.25688827420962
2026-07-18,Panvel - Uran Naka,0,increased,783.1700000000001,760.4630478976111
2026-07-18,Phadke Road - Dombivali,0,decreased,-237.02,-222.2092157488558
2026-07-18,Phadke Road - Dombivali,0,flat,102.74999999999987,34.88638593808476
2026-07-18,Phadke Road - Dombivali,0,increased,1131.0700000000002,1095.4213230142125
2026-07-18,Pimple Gurav,0,decreased,-122.83999999999999,-124.35124437714009
2026-07-18,Pimple Gurav,0,flat,-91.28000000000029,-199.62394623822442
2026-07-18,Pimple Gurav,0,increased,1278.5900000000001,1287.2643017206024
2026-07-18,Prabhadevi,0,decreased,-168.22999999999996,-176.89632745031034
2026-07-18,Prabhadevi,0,flat,-152.92999999999992,63.06033750315281
2026-07-18,Prabhadevi,0,increased,1863.6800000000003,1719.0516463839047
2026-07-18,Pragati Nagar Nalasopara East,0,decreased,-119.38999999999993,-116.81391928035443
2026-07-18,Pragati Nagar Nalasopara East,0,flat,-111.13999999999984,-177.5754252791149
2026-07-18,Pragati Nagar Nalasopara East,0,increased,924.88,930.1386437050409
2026-07-18,Rajawadi,0,decreased,-273.77000000000004,-273.62352066940497
2026-07-18,Rajawadi,0,flat,-22.21000000000018,-178.45930184379705
2026-07-18,Rajawadi,0,increased,976.8000000000001,921.6493775025074
2026-07-18,Roadpali Kalamboli,0,decreased,-69.03000000000003,-113.92129013157896
2026-07-18,Roadpali Kalamboli,0,flat,-60.700000000000045,-124.71378742366042
2026-07-18,Roadpali Kalamboli,0,increased,483.80000000000007,475.9701448875832
2026-07-18,Rupee Nagar Pune,0,decreased,59.07,-18.151630703311096
2026-07-18,Rupee Nagar Pune,0,flat,-245.24999999999986,-593.3256494746616
2026-07-18,Rupee Nagar Pune,0,increased,422.31999999999994,440.89393864196677
2026-07-18,Saibaba Nagar,0,decreased,-34.41999999999997,-34.41029596870213
2026-07-18,Saibaba Nagar,0,flat,-50.7400000000001,-96.1068173097093
2026-07-18,Saibaba Nagar,0,increased,2378.81,2438.3799784055664
2026-07-18,Sakinaka - Pipeline Road,0,decreased,-53.790000000000006,-44.0755903766867
2026-07-18,Sakinaka - Pipeline Road,0,flat,-117.78000000000009,-96.079825247061
2026-07-18,Sakinaka - Pipeline Road,0,increased,444.61999999999995,408.84294443527165
2026-07-18,Sanpada,1,decreased,-452.92999999999995,-380.0799654921832
2026-07-18,Sanpada,1,flat,-19.48000000000011,-103.72635780458374
2026-07-18,Sanpada,1,increased,1781.3600000000001,1811.9322142118017
2026-07-18,Santa Cruz SV Road,0,decreased,-135.22000000000003,-130.57667124382118
2026-07-18,Santa Cruz SV Road,0,flat,-5.189999999999944,-60.152886976577925
2026-07-18,Santa Cruz SV Road,0,increased,1092.8600000000001,1095.9332222416508
2026-07-18,"Santoshi Mata Road, Kalyan West",0,decreased,-74.28999999999999,-48.7652130220159
2026-07-18,"Santoshi Mata Road, Kalyan West",0,flat,186.91000000000014,-132.94786905077854
2026-07-18,"Santoshi Mata Road, Kalyan West",0,increased,2243.930000000001,872.4465836485097
2026-07-18,Sasane Nagar Pune,1,decreased,-260.84000000000003,-439.1801866325248
2026-07-18,Sasane Nagar Pune,1,flat,70.94000000000011,59.411015652745185
2026-07-18,Sasane Nagar Pune,1,increased,755.5500000000001,745.0947942862023
2026-07-18,Seawoods,0,decreased,-103.68999999999997,-99.27820693418754
2026-07-18,Seawoods,0,flat,18.230000000000004,-478.11626038155606
2026-07-18,Seawoods,0,increased,1859.6299999999999,1792.2620523110077
2026-07-18,Sector 3 - New Panvel,0,decreased,-339.99999999999994,-359.65340062879466
2026-07-18,Sector 3 - New Panvel,0,flat,-579.3099999999993,-47.29516554744543
2026-07-18,Sector 3 - New Panvel,0,increased,876.18,872.1104280284034
2026-07-18,Shanti Nagar Mira Road,0,decreased,-223.43999999999994,-175.96774393331847
2026-07-18,Shanti Nagar Mira Road,0,flat,-177.20999999999975,-9.100008039839938
2026-07-18,Shanti Nagar Mira Road,0,increased,959.7500000000001,902.2169134784848
2026-07-18,Shirgaon Badlapur,0,decreased,-149.08999999999997,-126.10493334919623
2026-07-18,Shirgaon Badlapur,0,flat,-160.26999999999992,18.919465556625262
2026-07-18,Shirgaon Badlapur,0,increased,720.3100000000001,681.223171041154
2026-07-18,Shivaji Nagar Pune,0,decreased,-41.78999999999999,-41.7254610312824
2026-07-18,Shivaji Nagar Pune,0,flat,-192.67999999999998,-230.74070975744385
2026-07-18,Shivaji Nagar Pune,0,increased,1429.6000000000001,1434.36322686973
2026-07-18,Shreenagar,0,decreased,-299.8399999999999,-284.5995043270387
2026-07-18,Shreenagar,0,flat,-50.749999999999936,183.81881528725688
2026-07-18,Shreenagar,0,increased,3061.82,3151.859918983214
2026-07-18,Shriprastha Nalasopara West,0,decreased,-79.83999999999997,-132.3485587978319
2026-07-18,Shriprastha Nalasopara West,0,flat,2.7299999999999613,-98.48662553070278
2026-07-18,Shriprastha Nalasopara West,0,increased,321.82000000000005,276.8720989462719
2026-07-18,Sion Koliwada,0,decreased,-220.3599999999999,-105.90560517539517
2026-07-18,Sion Koliwada,0,flat,-350.45,-277.38776427988347
2026-07-18,Sion Koliwada,0,increased,1065.5600000000002,969.4961659734166
2026-07-18,Thakur Complex,0,decreased,-120.86000000000001,-120.72414977815495
2026-07-18,Thakur Complex,0,flat,38.63000000000006,-128.53715446370538
2026-07-18,Thakur Complex,0,increased,2216.7000000000003,1951.3209468531234
2026-07-18,Thergaon,0,decreased,-105.59999999999994,-99.3444245347005
2026-07-18,Thergaon,0,flat,10.149999999999961,802.6288266761256
2026-07-18,Thergaon,0,increased,614.86,534.276399897185
2026-07-18,Tilak Road Pune,0,decreased,-125.73000000000002,-179.54967972103827
2026-07-18,Tilak Road Pune,0,flat,150.23999999999995,914.3551990922962
2026-07-18,Tilak Road Pune,0,increased,786.74,749.7036269802971
2026-07-18,Tilaknagar,0,decreased,-247.38999999999996,-239.82772210728356
2026-07-18,Tilaknagar,0,flat,38.06999999999985,-14.620643078728804
2026-07-18,Tilaknagar,0,increased,1570.8999999999999,1513.5501322594162
2026-07-18,Titwala,0,decreased,-15.619999999999969,-218.37515298349564
2026-07-18,Titwala,0,flat,75.60000000000014,-241.65513345767812
2026-07-18,Titwala,0,increased,1390.0,1210.4689845963028
2026-07-18,Trimurti Chowk Nashik,0,decreased,-88.94000000000004,-72.07616064959407
2026-07-18,Trimurti Chowk Nashik,0,flat,-10.439999999999987,80.14811193865879
2026-07-18,Trimurti Chowk Nashik,0,increased,329.06,316.6896433084039
2026-07-18,Ulhas Nagar - Shahad,0,decreased,-205.74999999999986,-216.63762636566264
2026-07-18,Ulhas Nagar - Shahad,0,flat,-144.47,-52.68531309191272
2026-07-18,Ulhas Nagar - Shahad,0,increased,654.79,640.1758491261751
2026-07-18,Ulhas Nagar - Shreeram Chowk,0,decreased,-58.93999999999998,-72.30813099567565
2026-07-18,Ulhas Nagar - Shreeram Chowk,0,flat,-5.040000000000026,29.223568250845148
2026-07-18,Ulhas Nagar - Shreeram Chowk,0,increased,818.9000000000001,818.5569360569983
2026-07-18,Ulhasnagar,0,decreased,-180.65999999999997,-165.58689745333984
2026-07-18,Ulhasnagar,0,flat,-19.569999999999993,-79.40842285856185
2026-07-18,Ulhasnagar,0,increased,1663.13,1693.7414577246655
2026-07-18,Ulhasnagar - Humlog Circle,0,decreased,-209.39999999999998,-209.77995986357865
2026-07-18,Ulhasnagar - Humlog Circle,0,flat,41.22000000000003,36.775477083902445
2026-07-18,Ulhasnagar - Humlog Circle,0,increased,1090.83,1062.5169331156742
2026-07-18,Ulhasnagar - Khemani Chowk,0,decreased,-120.78000000000003,-98.28663273849978
2026-07-18,Ulhasnagar - Khemani Chowk,0,flat,-102.47999999999973,7.424534244569195
2026-07-18,Ulhasnagar - Khemani Chowk,0,increased,1249.67,1139.6606383233539
2026-07-18,Ulhasnagar Sector 4,0,decreased,-121.91999999999997,-121.73138676746625
2026-07-18,Ulhasnagar Sector 4,0,flat,-45.75999999999996,153.92852620946996
2026-07-18,Ulhasnagar Sector 4,0,increased,1029.8000000000002,1036.1449067051747
2026-07-18,Ulwe-Navi Mumbai,0,decreased,-36.200000000000095,-83.19891919322215
2026-07-18,Ulwe-Navi Mumbai,0,flat,67.22999999999995,107.12707700719332
2026-07-18,Ulwe-Navi Mumbai,0,increased,1891.45,1890.0726606125313
2026-07-18,Vakola,0,decreased,-198.69000000000005,-179.16820604334032
2026-07-18,Vakola,0,flat,-6.2500000000000995,-23.68236668037806
2026-07-18,Vakola,0,increased,1346.66,1355.844428567939
2026-07-18,Vasai West - Station Road,0,decreased,-124.88,-92.69104224453665
2026-07-18,Vasai West - Station Road,0,flat,-352.01000000000005,20.873422602242904
2026-07-18,Vasai West - Station Road,0,increased,787.71,725.814004834617
2026-07-18,Vashi,0,decreased,-290.50999999999993,-245.71774486675548
2026-07-18,Vashi,0,flat,-359.5300000000003,-324.378563820165
2026-07-18,Vashi,0,increased,1953.42,1859.3847886650601
2026-07-18,Vashi Sector 11,0,decreased,-84.2,-82.22247065879142
2026-07-18,Vashi Sector 11,0,flat,29.759999999999998,-113.85385828168904
2026-07-18,Vashi Sector 11,0,increased,1031.0500000000002,1025.8216577899507
2026-07-18,Veenanagar,0,decreased,-120.83999999999996,-128.84250867052012
2026-07-18,Veenanagar,0,flat,-53.83000000000003,-33.6250639760568
2026-07-18,Veenanagar,0,increased,1641.2099999999998,1745.802707805187
2026-07-18,Versova - Yari Road,0,decreased,-156.01,-137.72881755715576
2026-07-18,Versova - Yari Road,0,flat,7.220000000000212,-73.65348442156005
2026-07-18,Versova - Yari Road,0,increased,992.5600000000002,1002.5133988146832
2026-07-18,Versova Andheri,0,decreased,-231.43999999999997,-112.17874371846193
2026-07-18,Versova Andheri,0,flat,100.97999999999996,93.60903077654643
2026-07-18,Versova Andheri,0,increased,2349.3700000000003,2156.585943484713
2026-07-18,Vijay Nagari - Thane,0,decreased,-239.51000000000002,-160.98553122940916
2026-07-18,Vijay Nagari - Thane,0,flat,153.12000000000012,-81.41604820155663
2026-07-18,Vijay Nagari - Thane,0,increased,1666.51,1651.525245707104
2026-07-18,Vikhroli,0,decreased,-219.5899999999999,-197.8476478358957
2026-07-18,Vikhroli,0,flat,73.27000000000018,-340.20842449489544
2026-07-18,Vikhroli,0,increased,3006.19,2916.8019289082304
2026-07-18,Vikhroli Kannamwar,0,decreased,-226.45999999999998,-213.95638048667013
2026-07-18,Vikhroli Kannamwar,0,flat,-32.51000000000007,-4.579934806951293
2026-07-18,Vikhroli Kannamwar,0,increased,1510.59,1386.967168261341
2026-07-18,Vile Parle,0,decreased,-72.41999999999999,-68.68960502943172
2026-07-18,Vile Parle,0,flat,-24.980000000000175,-159.3178572938409
2026-07-18,Vile Parle,0,increased,1109.15,1093.9795321958854
2026-07-18,Virar East,0,decreased,-202.91999999999996,-173.91936315920475
2026-07-18,Virar East,0,flat,-53.56000000000013,-32.70117939235818
2026-07-18,Virar East,0,increased,1802.39,1736.2375630762954
2026-07-18,Virar West,0,decreased,-148.57999999999998,-152.91259047014503
2026-07-18,Virar West,0,flat,-220.0800000000001,-184.27210204690667
2026-07-18,Virar West,0,increased,1724.3700000000001,1709.8381988206509
2026-07-18,Wadgaon Budruk Pune,0,decreased,-34.31000000000001,-29.91387776069577
2026-07-18,Wadgaon Budruk Pune,0,flat,-44.149999999999984,28.901677210241225
2026-07-18,Wadgaon Budruk Pune,0,increased,820.7499999999997,773.7997746360355
2026-07-18,Wadgaon Sheri,0,decreased,-94.99000000000001,-148.7943969509089
2026-07-18,Wadgaon Sheri,0,flat,19.550000000000015,-49.39360668960915
2026-07-18,Wadgaon Sheri,0,increased,1101.89,1028.6704766938303
2026-07-18,Wadgaon Sheri-Old Mundhwa Rd,0,decreased,-112.15999999999994,-46.142223181503326
2026-07-18,Wadgaon Sheri-Old Mundhwa Rd,0,flat,24.76999999999996,33.27564051280415
2026-07-18,Wadgaon Sheri-Old Mundhwa Rd,0,increased,464.88,464.2667294805893
2026-07-18,Wanawadi Pune,0,decreased,-55.94999999999999,-89.01456537247475
2026-07-18,Wanawadi Pune,0,flat,-146.00000000000003,-145.0677178257519
2026-07-18,Wanawadi Pune,0,increased,1318.7700000000002,1348.3735905680016
2026-07-18,Warje Pune,0,decreased,-151.35,-157.03425760653334
2026-07-18,Warje Pune,0,flat,0.2200000000000113,-39.18029596066236
2026-07-18,Warje Pune,0,increased,488.10999999999996,404.95451137261455
2026-07-18,Wayale Nagar,0,decreased,-157.23000000000002,-127.1456472530027
2026-07-18,Wayale Nagar,0,flat,0.8400000000000531,-248.0495350151166
2026-07-18,Wayale Nagar,0,increased,1886.38,1341.732821761092
2026-07-18,Yashodhan,0,decreased,-397.3299999999999,-323.7398117606058
2026-07-18,Yashodhan,0,flat,19.88999999999992,-79.09028999315038
2026-07-18,Yashodhan,0,increased,2960.31,2756.0157364240154
2026-07-18,Yogi Nagar,0,decreased,-60.97000000000002,-37.71248029774821
2026-07-18,Yogi Nagar,0,flat,20.60999999999997,140.66300982675597
2026-07-18,Yogi Nagar,0,increased,1220.43,1141.0012857278832
2026-07-18,Yogidham Kalyan,0,decreased,-97.29350000000008,-63.41717683387989
2026-07-18,Yogidham Kalyan,0,flat,-280.1685999999999,-282.2748767826518
2026-07-18,Yogidham Kalyan,0,increased,508.9597,508.91945421081
2026-07-19,7 Rasta Byculla,0,decreased,-67.70999999999998,-67.63042576676372
2026-07-19,7 Rasta Byculla,0,flat,153.03000000000006,-24.66997306659524
2026-07-19,7 Rasta Byculla,0,increased,808.34,792.6184339187324
2026-07-19,Airoli,0,decreased,-610.1700000000001,-612.1120575134569
2026-07-19,Airoli,0,flat,-82.09000000000007,-120.11313963004827
2026-07-19,Airoli,0,increased,2375.33,2209.475380429555
2026-07-19,Airoli Sector - 3,0,decreased,-211.72,-235.2839985529922
2026-07-19,Airoli Sector - 3,0,flat,48.950000000000074,-11.487636769131829
2026-07-19,Airoli Sector - 3,0,increased,1805.39,1669.5068445814754
2026-07-19,Ambegaon Pune,0,decreased,-118.96000000000005,-89.28301755555819
2026-07-19,Ambegaon Pune,0,flat,-17.619999999999983,-67.60932515427248
2026-07-19,Ambegaon Pune,0,increased,508.81000000000006,521.9602591458405
2026-07-19,Ambernath East,0,decreased,-106.32,-102.85559535417059
2026-07-19,Ambernath East,0,flat,63.30000000000007,-157.53032245629691
2026-07-19,Ambernath East,0,increased,1140.29,1158.480773628651
2026-07-19,Ambernath West,0,decreased,-57.690000000000026,-51.02794246115445
2026-07-19,Ambernath West,0,flat,-11.340000000000057,-14.249652612941004
2026-07-19,Ambernath West,0,increased,997.0600000000001,1025.9210473541864
2026-07-19,Ashokvan Dahisar,0,decreased,-504.15,-472.8050575142375
2026-07-19,Ashokvan Dahisar,0,flat,-40.10000000000004,-216.21137789882965
2026-07-19,Ashokvan Dahisar,0,increased,1296.5100000000002,1290.630014103834
2026-07-19,Badlapur - Belavali,0,decreased,-658.4699999999999,-564.4872371558221
2026-07-19,Badlapur - Belavali,0,flat,-73.41,-151.0747872040169
2026-07-19,Badlapur - Belavali,0,increased,968.17,927.1629030690941
2026-07-19,Badlapur East,0,decreased,-33.9,-33.869928803266646
2026-07-19,Badlapur East,0,flat,77.11000000000001,144.18399351309682
2026-07-19,Badlapur East,0,increased,940.4900000000002,718.9732159425217
2026-07-19,Bandra,1,decreased,-256.86999999999995,-272.10280509283916
2026-07-19,Bandra,1,flat,35.550000000000075,-6.112621368154343
2026-07-19,Bandra,1,increased,2820.1600000000003,2388.7716232520806
2026-07-19,Bhandup West,0,decreased,-212.01,-220.36194579178897
2026-07-19,Bhandup West,0,flat,-149.14000000000001,329.6786952783658
2026-07-19,Bhandup West,0,increased,2163.5299999999997,2317.246134145192
2026-07-19,Bhayandar,0,decreased,-394.49,-383.6322670780518
2026-07-19,Bhayandar,0,flat,56.95000000000011,-45.6568638171933
2026-07-19,Bhayandar,0,increased,1844.95,1850.4079843033153
2026-07-19,Bhayander 60 Feet Road,0,decreased,-263.24,-259.3285904857513
2026-07-19,Bhayander 60 Feet Road,0,flat,46.97000000000009,39.837106230965034
2026-07-19,Bhayander 60 Feet Road,0,increased,650.6800000000001,638.5852014221688
2026-07-19,Bhekrainagar Pune,0,decreased,-45.78,-46.132432608630396
2026-07-19,Bhekrainagar Pune,0,flat,33.599999999999895,-45.94128033469931
2026-07-19,Bhekrainagar Pune,0,increased,654.87,645.375255737808
2026-07-19,Bhiwandi - Shivaji Chowk,0,decreased,-86.94999999999999,-92.02270582948367
2026-07-19,Bhiwandi - Shivaji Chowk,0,flat,-47.58999999999999,-14.065761224519742
2026-07-19,Bhiwandi - Shivaji Chowk,0,increased,513.95,472.04135500494294
2026-07-19,Bhiwandi Dhamankar Naka,1,decreased,-191.44999999999996,-53.04375571784408
2026-07-19,Bhiwandi Dhamankar Naka,1,flat,394.39,45.810859960359295
2026-07-19,Bhiwandi Dhamankar Naka,1,increased,1401.91,1289.2586911936532
2026-07-19,Bibwewadi Pune,0,decreased,-11.43,-11.425147984351078
2026-07-19,Bibwewadi Pune,0,flat,-4096.039999999996,-4726.075019846206
2026-07-19,Bibwewadi Pune,0,increased,410.52,423.29125856498706
2026-07-19,Bytco Point Nashik,0,decreased,-94.79999999999998,-96.05938750432938
2026-07-19,Bytco Point Nashik,0,flat,-24.019999999999932,-21.70183798170527
2026-07-19,Bytco Point Nashik,0,increased,774.95,790.6081682453432
2026-07-19,CST Bora Bazaar,0,decreased,-132.42,-119.58359739297391
2026-07-19,CST Bora Bazaar,0,flat,343.98999999999995,-385.5229402393961
2026-07-19,CST Bora Bazaar,0,increased,632.11,588.2886298568898
2026-07-19,Chandivali,0,decreased,-321.15999999999997,-260.3053915855743
2026-07-19,Chandivali,0,flat,-39.21,-114.78815042326883
2026-07-19,Chandivali,0,increased,853.96,869.8226432212871
2026-07-19,Charkop,0,decreased,-226.29999999999998,-236.60189706042755
2026-07-19,Charkop,0,flat,-94.74999999999994,-104.93385501076276
2026-07-19,Charkop,0,increased,2266.44,2268.8296639014384
2026-07-19,Chembur,0,decreased,-349.22999999999996,-268.0075164901341
2026-07-19,Chembur,0,flat,52.45000000000003,25.17611881725314
2026-07-19,Chembur,0,increased,3186.57,3270.179825866526
2026-07-19,Chinchwad,1,decreased,-140.74999999999997,-93.5372668753997
2026-07-19,Chinchwad,1,flat,67.51000000000002,-82.15044498731073
2026-07-19,Chinchwad,1,increased,816.8300000000002,555.7711077627939
2026-07-19,Chinchwad - Gandhi Peth,1,decreased,-180.85000000000008,-171.4576269218481
2026-07-19,Chinchwad - Gandhi Peth,1,flat,28.07000000000002,-31.40787168317091
2026-07-19,Chinchwad - Gandhi Peth,1,increased,255.20999999999998,257.831445736542
2026-07-19,Cidco Nashik,0,decreased,-117.31999999999998,-92.50352580169387
2026-07-19,Cidco Nashik,0,flat,-20.720000000000066,-17.130263956039506
2026-07-19,Cidco Nashik,0,increased,446.6600000000001,418.03724387041274
2026-07-19,Colaba,1,decreased,-29.99000000000002,-29.9313119614238
2026-07-19,Colaba,1,flat,-63.039999999999864,-73.22533641737782
2026-07-19,Colaba,1,increased,673.14,667.2767272909857
2026-07-19,Dadar East,0,decreased,-44.789999999999985,-45.50775107447703
2026-07-19,Dadar East,0,flat,90.21000000000008,-47.99071678979575
2026-07-19,Dadar East,0,increased,768.04,777.4403389046984
2026-07-19,Dahisar,0,decreased,-131.30999999999997,-117.5864915418629
2026-07-19,Dahisar,0,flat,-23.279999999999987,-168.04188672943616
2026-07-19,Dahisar,0,increased,1343.32,1293.4612515506285
2026-07-19,Dattnagar,0,decreased,-27.47,-50.50425353990657
2026-07-19,Dattnagar,0,flat,-126.90000000000009,-147.18775601270596
2026-07-19,Dattnagar,0,increased,1075.13,1041.7283602975285
2026-07-19,Dhanakwadi,0,decreased,-63.359999999999985,-64.47429368745985
2026-07-19,Dhanakwadi,0,flat,-70.32,-222.32485432853687
2026-07-19,Dhanakwadi,0,increased,1021.3000000000002,932.3601147705788
2026-07-19,Dhanori Pune,0,decreased,-47.279999999999994,-18.972291225780488
2026-07-19,Dhanori Pune,0,flat,12.61999999999998,81.5187113021146
2026-07-19,Dhanori Pune,0,increased,1008.5500000000001,982.8889330057717
2026-07-19,Dhayari Pune,0,decreased,-99.95999999999998,-101.83379101838698
2026-07-19,Dhayari Pune,0,flat,34.349999999999945,-2.422673359942337
2026-07-19,Dhayari Pune,0,increased,632.82,614.292057930192
2026-07-19,Dighi Pune,1,decreased,-70.26,-66.5645453841258
2026-07-19,Dighi Pune,1,flat,-32.72000000000003,-199.77552687621656
2026-07-19,Dighi Pune,1,increased,734.8199999999999,710.5856332266973
2026-07-19,Dombivali,0,decreased,-110.42999999999998,-91.4365947550368
2026-07-19,Dombivali,0,flat,11.050000000000018,84.89163852646762
2026-07-19,Dombivali,0,increased,1555.17,1546.7235990402485
2026-07-19,Dombivali - Navpada,0,decreased,-65.78999999999999,-83.38742785574665
2026-07-19,Dombivali - Navpada,0,flat,509.9300000000003,-129.17504513556372
2026-07-19,Dombivali - Navpada,0,increased,1044.0600000000002,1073.3954950573338
2026-07-19,Dombivali - Reti Bunder,0,decreased,-171.885,-152.37618741339574
2026-07-19,Dombivali - Reti Bunder,0,flat,-25.170299999999997,-59.675919558217736
2026-07-19,Dombivali - Reti Bunder,0,increased,778.6165,716.1389057970737
2026-07-19,Dombivli West,0,decreased,-75.48999999999998,-84.7644898055522
2026-07-19,Dombivli West,0,flat,24.879999999999974,-96.97281689052411
2026-07-19,Dombivli West,0,increased,2048.3500000000004,1663.5052784792101
2026-07-19,Evershine Nagar,0,decreased,-140.78,-140.74992880326667
2026-07-19,Evershine Nagar,0,flat,-9.80000000000005,53.87978727956374
2026-07-19,Evershine Nagar,0,increased,1078.0500000000002,991.122629934548
2026-07-19,Fam Society - Koperkhairne,0,decreased,-387.74,-377.9618022801825
2026-07-19,Fam Society - Koperkhairne,0,flat,200.07000000000005,-87.40907984089876
2026-07-19,Fam Society - Koperkhairne,0,increased,2155.6400000000003,1807.299091185451
2026-07-19,Fursungi Pune,0,decreased,-110.75000000000001,-104.15558679039025
2026-07-19,Fursungi Pune,0,flat,94.17000000000004,-93.06695251887581
2026-07-19,Fursungi Pune,0,increased,736.68,753.770990967521
2026-07-19,Ghansoli,0,decreased,-401.37999999999994,-352.6582931845145
2026-07-19,Ghansoli,0,flat,413.00999999999993,18.937815425865185
2026-07-19,Ghansoli,0,increased,2507.4900000000002,2484.8955713374958
2026-07-19,Ghatkopar East,0,decreased,-298.23999999999995,-308.66978980561066
2026-07-19,Ghatkopar East,0,flat,-59.75999999999996,36.274049835642295
2026-07-19,Ghatkopar East,0,increased,1086.1799999999998,1099.5998670509396
2026-07-19,Ghatkopar West,0,decreased,-96.01999999999995,-78.83201657946617
2026-07-19,Ghatkopar West,0,flat,-301.63999999999976,-304.53833580252353
2026-07-19,Ghatkopar West,0,increased,1144.54,1201.8230629305378
2026-07-19,Ghodapdeo - Byculla,0,decreased,-68.44999999999999,-72.11941683248996
2026-07-19,Ghodapdeo - Byculla,0,flat,-7.470000000000024,40.41921931540448
2026-07-19,Ghodapdeo - Byculla,0,increased,641.89,612.3595757279305
2026-07-19,Global City Virar West,0,decreased,-110.19999999999999,-112.78877451017348
2026-07-19,Global City Virar West,0,flat,-32.930000000000035,-81.66738994646457
2026-07-19,Global City Virar West,0,increased,662.44,579.3807618563665
2026-07-19,Goregaon,1,decreased,-226.28999999999982,-196.31323387258004
2026-07-19,Goregaon,1,flat,-771.5100000000002,-688.4977229286519
2026-07-19,Goregaon,1,increased,2145.2599999999998,2185.1760096225144
2026-07-19,Goregaon West S.V. Road,1,decreased,-323.31999999999994,-306.1084313774422
2026-07-19,Goregaon West S.V. Road,1,flat,-195.10999999999996,-550.8737669312081
2026-07-19,Goregaon West S.V. Road,1,increased,1374.5299999999997,1375.9506849031511
2026-07-19,Govandi,0,decreased,-787.6999999999999,-744.7991927341799
2026-07-19,Govandi,0,flat,-2.6899999999999267,-1069.7669001473976
2026-07-19,Govandi,0,increased,3781.77,3214.6707877200706
2026-07-19,Gujrat Colony Kothrud,0,decreased,-102.89000000000001,-102.32037634408604
2026-07-19,Gujrat Colony Kothrud,0,flat,21.300000000000054,-57.732476544266376
2026-07-19,Gujrat Colony Kothrud,0,increased,1294.21,1027.4893041459286
2026-07-19,Gulab Nagar Pune,0,decreased,-43.52,-34.42863805357099
2026-07-19,Gulab Nagar Pune,0,flat,-371.7399999999997,-32.75278253170696
2026-07-19,Gulab Nagar Pune,0,increased,746.3400000000003,857.5467025573804
2026-07-19,Hari Om Nagar,0,decreased,-166.40999999999997,-166.08013820892546
2026-07-19,Hari Om Nagar,0,flat,1.7900000000000125,-90.7994297693329
2026-07-19,Hari Om Nagar,0,increased,1608.59,1547.7698951027498
2026-07-19,Hiltron Ulhasnagar,0,decreased,-82.35999999999994,-67.8879918502914
2026-07-19,Hiltron Ulhasnagar,0,flat,-86.12000000000006,-136.28321772713156
2026-07-19,Hiltron Ulhasnagar,0,increased,392.89000000000004,355.99274187693715
2026-07-19,Hiranandani Thane,0,decreased,-263.24,-235.1789640047482
2026-07-19,Hiranandani Thane,0,flat,104.2700000000001,-363.002757809616
2026-07-19,Hiranandani Thane,0,increased,3331.71,3322.9698715996606
2026-07-19,IC Colony Borivali,0,decreased,-138.63999999999993,-133.05393466999496
2026-07-19,IC Colony Borivali,0,flat,-254.4199999999998,-168.42230760092426
2026-07-19,IC Colony Borivali,0,increased,2191.35,2015.6013703260235
2026-07-19,JB Nagar,0,decreased,-133.92,-149.28428297253004
2026-07-19,JB Nagar,0,flat,-8.219999999999978,-100.49069291928826
2026-07-19,JB Nagar,0,increased,1928.91,1928.51674316176
2026-07-19,JJ Hospital,0,decreased,-153.55999999999997,-158.64468352139795
2026-07-19,JJ Hospital,0,flat,-221.95000000000007,-169.22301941359484
2026-07-19,JJ Hospital,0,increased,2989.98,2971.58398198739
2026-07-19,Jagruti Nagar Ghatkopar,0,decreased,-162.72999999999985,-136.7164334661107
2026-07-19,Jagruti Nagar Ghatkopar,0,flat,-62.76999999999994,37.17554191329133
2026-07-19,Jagruti Nagar Ghatkopar,0,increased,752.93,728.195143424498
2026-07-19,Jail Road Nashik,0,decreased,-72.63999999999999,-62.417986755172976
2026-07-19,Jail Road Nashik,0,flat,-75.78999999999998,63.190026268539874
2026-07-19,Jail Road Nashik,0,increased,428.09999999999997,367.73452018503997
2026-07-19,Jay VIjay Nagar Nalasopara East,0,decreased,-63.639999999999986,-67.05557475806785
2026-07-19,Jay VIjay Nagar Nalasopara East,0,flat,113.67000000000004,16.18424803523535
2026-07-19,Jay VIjay Nagar Nalasopara East,0,increased,523.62,523.7666110156384
2026-07-19,Kalamboli,0,decreased,-689.6899999999998,-640.1874486142461
2026-07-19,Kalamboli,0,flat,-93.97999999999986,-93.36577078252415
2026-07-19,Kalamboli,0,increased,828.94,861.0919105071449
2026-07-19,Kalher Bhiwandi,0,decreased,-262.95,-234.4886322711945
2026-07-19,Kalher Bhiwandi,0,flat,54.12,-68.12154433382354
2026-07-19,Kalher Bhiwandi,0,increased,1548.5600000000002,1491.0700495887884
2026-07-19,Kalina,0,decreased,-299.5799999999999,-211.80283904904155
2026-07-19,Kalina,0,flat,-70.99000000000002,-144.79182459479628
2026-07-19,Kalina,0,increased,1179.67,1211.5484106544016
2026-07-19,Kalwa,0,decreased,-295.09000000000003,-303.7665578842725
2026-07-19,Kalwa,0,flat,-382.2400000000001,-23.40862458674713
2026-07-19,Kalwa,0,increased,3362.4700000000003,3319.7456059335514
2026-07-19,Kalyan,0,decreased,-128.02999999999997,-127.89194180252731
2026-07-19,Kalyan,0,flat,53.21000000000015,38.87553976109431
2026-07-19,Kalyan,0,increased,1173.0400000000002,1078.0433571719873
2026-07-19,Kalyan - DB Chowk,0,decreased,-100.10999999999997,-92.34096894676011
2026-07-19,Kalyan - DB Chowk,0,flat,-137.58999999999997,-95.88992712053752
2026-07-19,Kalyan - DB Chowk,0,increased,885.15,825.3960392486418
2026-07-19,Kalyan East-Tisgaon Naka,0,decreased,-119.03000000000002,-103.19002705905957
2026-07-19,Kalyan East-Tisgaon Naka,0,flat,-76.3299999999999,-99.80902466589073
2026-07-19,Kalyan East-Tisgaon Naka,0,increased,1254.03,1275.3240467909784
2026-07-19,Kalyan West Club Road,0,decreased,-73.32000000000002,-53.06071573859775
2026-07-19,Kalyan West Club Road,0,flat,-50.35000000000004,-108.29475053551766
2026-07-19,Kalyan West Club Road,0,increased,808.02,807.7897197960184
2026-07-19,Kamotha,0,decreased,-694.8500000000001,-582.5355993454405
2026-07-19,Kamotha,0,flat,272.4200000000001,-210.26916762270884
2026-07-19,Kamotha,0,increased,2390.8500000000004,2336.395977485655
2026-07-19,Kamothe - Sector 36,0,decreased,-80.31999999999994,-53.32603036236851
2026-07-19,Kamothe - Sector 36,0,flat,-44.560000000000024,85.40083126268013
2026-07-19,Kamothe - Sector 36,0,increased,1024.17,999.856298723325
2026-07-19,Kandivali East,0,decreased,-153.03999999999996,-154.57001574387795
2026-07-19,Kandivali East,0,flat,-123.39000000000016,-29.314502074255127
2026-07-19,Kandivali East,0,increased,912.8100000000001,883.4231343157037
2026-07-19,Kandivali West,0,decreased,-68.05,-67.96798459066034
2026-07-19,Kandivali West,0,flat,-3.580000000000009,-54.666916712645715
2026-07-19,Kandivali West,0,increased,762.0699999999999,664.094794713318
2026-07-19,Kasarvadavali Thane,0,decreased,-128.34999999999997,-77.47965096416445
2026-07-19,Kasarvadavali Thane,0,flat,-50.28999999999986,168.3148106893097
2026-07-19,Kasarvadavali Thane,0,increased,1073.9,1071.85369237599
2026-07-19,Katrap Badlapur East,0,decreased,-587.98,-583.791713894702
2026-07-19,Katrap Badlapur East,0,flat,-8.480000000000004,80.48949417687427
2026-07-19,Katrap Badlapur East,0,increased,414.73999999999995,407.03516752723414
2026-07-19,Khadki Pune,0,decreased,-92.35,-97.84620549156173
2026-07-19,Khadki Pune,0,flat,-66.58000000000001,-99.64162611159769
2026-07-19,Khadki Pune,0,increased,898.88,805.7658737599105
2026-07-19,Khanda Colony,1,decreased,-53.139999999999986,-26.522174874084243
2026-07-19,Khanda Colony,1,flat,254.52,94.70392250311515
2026-07-19,Khanda Colony,1,increased,1314.9600000000003,1347.7273322001747
2026-07-19,Khar West,1,decreased,-157.01,-110.57913170443138
2026-07-19,Khar West,1,flat,4.879999999999987,40.94418317213684
2026-07-19,Khar West,1,increased,880.12,878.4870853800662
2026-07-19,Kharghar,0,decreased,-144.72,-153.07144494723025
2026-07-19,Kharghar,0,flat,186.05000000000007,-11.431870218584946
2026-07-19,Kharghar,0,increased,2456.6400000000003,2450.3914702809984
2026-07-19,Kharghar Sector 12,0,decreased,-214.23999999999995,-219.51946097731982
2026-07-19,Kharghar Sector 12,0,flat,-28.63999999999982,-77.70884238822413
2026-07-19,Kharghar Sector 12,0,increased,1850.0900000000001,1852.373435077617
2026-07-19,Khopat,0,decreased,-197.85000000000008,-159.0123800279464
2026-07-19,Khopat,0,flat,232.23000000000005,-103.02545539580055
2026-07-19,Khopat,0,increased,1788.3899999999999,1747.3677477568729
2026-07-19,Khutwad Nagar Nashik,0,decreased,-143.2,-137.5075920210067
2026-07-19,Khutwad Nagar Nashik,0,flat,20.759999999999987,-10.468774913941356
2026-07-19,Khutwad Nagar Nashik,0,increased,194.79999999999998,193.6283719583635
2026-07-19,Kolsheth,0,decreased,-252.89999999999998,-978.9842197247025
2026-07-19,Kolsheth,0,flat,-175.3299999999998,-258.40830000319795
2026-07-19,Kolsheth,0,increased,3297.0499999999997,3247.745175216926
2026-07-19,Kopar Khairane,0,decreased,-87.86999999999999,-67.22691601232445
2026-07-19,Kopar Khairane,0,flat,71.72999999999998,7.389729737411972
2026-07-19,Kopar Khairane,0,increased,2145.55,2101.624450693407
2026-07-19,Kopari Thane,0,decreased,-549.1300000000001,-606.6520223798395
2026-07-19,Kopari Thane,0,flat,-449.32000000000005,-391.5989489878056
2026-07-19,Kopari Thane,0,increased,722.23,682.1713099762396
2026-07-19,Koper Khairane - Sector 7,0,decreased,-189.32999999999998,-182.78171915155394
2026-07-19,Koper Khairane - Sector 7,0,flat,194.01000000000008,-190.88602637341825
2026-07-19,Koper Khairane - Sector 7,0,increased,1021.5900000000001,1028.0868275900882
2026-07-19,Kulgaon Badlapur West,0,decreased,-176.82,-184.36524256459825
2026-07-19,Kulgaon Badlapur West,0,flat,22.19000000000007,105.32602790928851
2026-07-19,Kulgaon Badlapur West,0,increased,989.07,934.6206758446036
2026-07-19,Kurla,0,decreased,-299.71,-304.17524931261295
2026-07-19,Kurla,0,flat,-30.350000000000133,-63.83350113834291
2026-07-19,Kurla,0,increased,1551.9300000000003,1575.7024742823726
2026-07-19,Kurla West,0,decreased,-422.08,-432.13874585065537
2026-07-19,Kurla West,0,flat,-26.28,-4.121139657409451
2026-07-19,Kurla West,0,increased,1334.0000000000002,1336.0053170142573
2026-07-19,Lower Parel - SJ Marg,0,decreased,-23.939999999999955,-3.399599069478125
2026-07-19,Lower Parel - SJ Marg,0,flat,-5.04000000000001,96.7468802729721
2026-07-19,Lower Parel - SJ Marg,0,increased,294.1,305.9893175411978
2026-07-19,Mahakali,0,decreased,-206.81000000000006,-197.28766383639362
2026-07-19,Mahakali,0,flat,7.09999999999976,-239.51946825758858
2026-07-19,Mahakali,0,increased,2462.06,2405.0187275214075
2026-07-19,Mahavir Pride Dombivali,0,decreased,-205.66000000000005,-173.30564389298794
2026-07-19,Mahavir Pride Dombivali,0,flat,468.21000000000004,-391.3352953386157
2026-07-19,Mahavir Pride Dombivali,0,increased,1850.5800000000002,1766.4575891546078
2026-07-19,Mahim West,0,decreased,-97.44,-97.40992880326667
2026-07-19,Mahim West,0,flat,-18.60000000000005,35.78698398324735
2026-07-19,Mahim West,0,increased,835.32,752.573101559886
2026-07-19,Malad,0,decreased,-231.33,-107.07948982639351
2026-07-19,Malad,0,flat,37.349999999999994,-16.82477956938593
2026-07-19,Malad,0,increased,2197.04,2180.006239771061
2026-07-19,Malad Liberty Garden,0,decreased,-72.13,-82.53628282726152
2026-07-19,Malad Liberty Garden,0,flat,7.5299999999999585,-43.88605349434494
2026-07-19,Malad Liberty Garden,0,increased,1144.96,1133.3633218594496
2026-07-19,Malwani,0,decreased,-200.77,-203.23243727112737
2026-07-19,Malwani,0,flat,-84.44000000000008,-47.9259535257788
2026-07-19,Malwani,0,increased,1041.6399999999999,921.046732416435
2026-07-19,Marol,0,decreased,-172.38,-277.6117294512839
2026-07-19,Marol,0,flat,20.47000000000011,-106.06318342595756
2026-07-19,Marol,0,increased,2774.54,2735.12434020861
2026-07-19,Mharal Ulhasnagar,0,decreased,-273.98,-254.46399101003664
2026-07-19,Mharal Ulhasnagar,0,flat,25.860000000000053,0.12828776058176672
2026-07-19,Mharal Ulhasnagar,0,increased,972.68,934.5024289349215
2026-07-19,Mhasrul Nashik,0,decreased,-262.07000000000005,-307.1459791629237
2026-07-19,Mhasrul Nashik,0,flat,24.089999999999957,-1309.8582655129214
2026-07-19,Mhasrul Nashik,0,increased,607.1300000000001,551.6564576089119
2026-07-19,Mira Road,0,decreased,-52.78000000000001,-53.36718801205223
2026-07-19,Mira Road,0,flat,-17.440000000000037,-24.309250767740956
2026-07-19,Mira Road,0,increased,948.0300000000001,1007.1944581955771
2026-07-19,Mira Road - GCC Club Road,0,decreased,-148.29000000000002,-65.24299678672672
2026-07-19,Mira Road - GCC Club Road,0,flat,-773.6900000000002,-929.8458357033958
2026-07-19,Mira Road - GCC Club Road,0,increased,354.12,353.03255638405835
2026-07-19,Mira Road Jangid Complex,0,decreased,-87.67,-94.5202883253039
2026-07-19,Mira Road Jangid Complex,0,flat,61.840000000000074,221.98376551989224
2026-07-19,Mira Road Jangid Complex,0,increased,1361.18,1248.5420685222077
2026-07-19,Mohan Nagar Kandivali,0,decreased,-13.350000000000001,-13.34514798435108
2026-07-19,Mohan Nagar Kandivali,0,flat,48.26999999999999,9.286026359765355
2026-07-19,Mohan Nagar Kandivali,0,increased,570.7500000000001,524.9835504323358
2026-07-19,Mulund East,0,decreased,-132.45999999999992,-136.5619908400393
2026-07-19,Mulund East,0,flat,-270.5100000000002,-463.12041377776376
2026-07-19,Mulund East,0,increased,3371.98,3388.192348921419
2026-07-19,Mulund Panch Rasta,0,decreased,-76.76,-65.25528483336296
2026-07-19,Mulund Panch Rasta,0,flat,-71.20999999999995,-6.047217522537224
2026-07-19,Mulund Panch Rasta,0,increased,819.1,818.2553690589832
2026-07-19,Mulund West,0,decreased,-195.12999999999997,-173.8856482330894
2026-07-19,Mulund West,0,flat,86.41000000000001,60.70603290484116
2026-07-19,Mulund West,0,increased,2226.74,2241.2194267629284
2026-07-19,Mulund West-Sarvodaya Nagar,0,decreased,-308.51,-297.7673323616007
2026-07-19,Mulund West-Sarvodaya Nagar,0,flat,-133.60000000000002,-186.33423013308322
2026-07-19,Mulund West-Sarvodaya Nagar,0,increased,1587.19,1550.3694003913918
2026-07-19,Mundhwa Pune,0,decreased,-100.63000000000001,-99.61965707393436
2026-07-19,Mundhwa Pune,0,flat,18.599999999999877,108.68613318554746
2026-07-19,Mundhwa Pune,0,increased,711.3,633.9398438189698
2026-07-19,NIBM Kondwa,0,decreased,-361.7,-328.3936957766047
2026-07-19,NIBM Kondwa,0,flat,178.94999999999985,-136.41261893689855
2026-07-19,NIBM Kondwa,0,increased,1399.1599999999999,1371.4618492060345
2026-07-19,Nahur West,0,decreased,-77.39000000000004,-64.34046013513517
2026-07-19,Nahur West,0,flat,148.67999999999998,15.657925980890539
2026-07-19,Nahur West,0,increased,1560.0800000000002,1582.6683170161848
2026-07-19,Nalasopara - Yashwant Nagar,0,decreased,-118.13000000000005,-119.69470156189522
2026-07-19,Nalasopara - Yashwant Nagar,0,flat,119.61999999999992,-86.62814510116584
2026-07-19,Nalasopara - Yashwant Nagar,0,increased,842.5600000000001,834.3753420097944
2026-07-19,Nalasopara West,0,decreased,-137.13,-135.90614160065962
2026-07-19,Nalasopara West,0,flat,-37.49000000000001,-62.20337628071495
2026-07-19,Nalasopara West,0,increased,1154.78,1097.0405224794586
2026-07-19,Narhe Pune,0,decreased,-87.63999999999994,-47.76984153632507
2026-07-19,Narhe Pune,0,flat,31.12999999999997,-29.32698399053889
2026-07-19,Narhe Pune,0,increased,512.35,485.90884403942016
2026-07-19,Naupada,0,decreased,-132.21000000000004,-115.133005797866
2026-07-19,Naupada,0,flat,-63.11000000000003,-168.51458076613935
2026-07-19,Naupada,0,increased,1099.4,1091.1745747032378
2026-07-19,Navare Nagar Ambernath,0,decreased,-298.3299999999999,-312.75376698369394
2026-07-19,Navare Nagar Ambernath,0,flat,381.95,-61.49772559145608
2026-07-19,Navare Nagar Ambernath,0,increased,744.8900000000001,641.7031535212104
2026-07-19,Navi Peth Pune,0,decreased,-57.00999999999999,-56.9449818137105
2026-07-19,Navi Peth Pune,0,flat,-90.70999999999998,-143.15472734413225
2026-07-19,Navi Peth Pune,0,increased,1024.3400000000001,1065.7277286403973
2026-07-19,Navjeevan Mumbai Central,0,decreased,-201.62999999999994,-149.7616050100816
2026-07-19,Navjeevan Mumbai Central,0,flat,173.49999999999994,-130.02008253907337
2026-07-19,Navjeevan Mumbai Central,0,increased,1179.2,1178.8940571557093
2026-07-19,Nerul East,0,decreased,-387.90999999999985,-268.49532620803296
2026-07-19,Nerul East,0,flat,-76.21999999999998,-178.78890507006273
2026-07-19,Nerul East,0,increased,1674.92,1726.050177371097
2026-07-19,Nerul West,0,decreased,-192.25999999999996,-190.29697120545046
2026-07-19,Nerul West,0,flat,-49.269999999999996,-261.099600903279
2026-07-19,Nerul West,0,increased,1218.21,1270.9769473503914
2026-07-19,New Panvel,0,decreased,-180.15000000000003,-184.47871527588165
2026-07-19,New Panvel,0,flat,-115.18999999999993,677.8131501647547
2026-07-19,New Panvel,0,increased,1543.61,1434.434551298005
2026-07-19,Old Panvel,0,decreased,-92.58999999999995,-87.70741634246069
2026-07-19,Old Panvel,0,flat,56.939999999999976,-91.45297997479443
2026-07-19,Old Panvel,0,increased,1228.87,1053.0843628176324
2026-07-19,Palegaon Ambernath,0,decreased,-99.25999999999999,-98.93382513860337
2026-07-19,Palegaon Ambernath,0,flat,-15.71,-67.42264289558909
2026-07-19,Palegaon Ambernath,0,increased,386.3299999999999,391.22262289816854
2026-07-19,Panchpakhadi,0,decreased,-154.27000000000004,-112.3356005308651
2026-07-19,Panchpakhadi,0,flat,-6.1999999999999496,-22.89204477409713
2026-07-19,Panchpakhadi,0,increased,871.61,825.5691266561355
2026-07-19,Pantnagar,0,decreased,-142.2,-139.58891129614227
2026-07-19,Pantnagar,0,flat,-28.540000000000028,-111.47400931462546
2026-07-19,Pantnagar,0,increased,1322.3000000000002,1297.9778176830282
2026-07-19,Panvel - Uran Naka,0,decreased,-462.14,-470.0845545148094
2026-07-19,Panvel - Uran Naka,0,flat,111.06000000000003,-600.3125205277709
2026-07-19,Panvel - Uran Naka,0,increased,916.69,930.7031442914923
2026-07-19,Phadke Road - Dombivali,0,decreased,-128.86999999999995,-122.60627934369079
2026-07-19,Phadke Road - Dombivali,0,flat,25.63000000000002,56.349636190830594
2026-07-19,Phadke Road - Dombivali,0,increased,760.1500000000001,751.5524934254813
2026-07-19,Pimple Gurav,0,decreased,-25.50000000000001,-21.419018584288597
2026-07-19,Pimple Gurav,0,flat,-175.09000000000006,-445.20988923528176
2026-07-19,Pimple Gurav,0,increased,603.82,583.801156059295
2026-07-19,Prabhadevi,0,decreased,-204.81999999999996,-205.40797681607822
2026-07-19,Prabhadevi,0,flat,37.91,-85.76453638234852
2026-07-19,Prabhadevi,0,increased,1354.4,1349.6193515745429
2026-07-19,Pragati Nagar Nalasopara East,0,decreased,-683.33,-687.8095557276906
2026-07-19,Pragati Nagar Nalasopara East,0,flat,18.919999999999984,-115.30660076752204
2026-07-19,Pragati Nagar Nalasopara East,0,increased,856.7299999999999,876.2193499447397
2026-07-19,Rajawadi,0,decreased,-376.96000000000004,-383.49224327139945
2026-07-19,Rajawadi,0,flat,130.6899999999999,119.30352790913025
2026-07-19,Rajawadi,0,increased,1472.3500000000001,1444.218340380286
2026-07-19,Roadpali Kalamboli,0,decreased,-44.18999999999998,-39.72411838291857
2026-07-19,Roadpali Kalamboli,0,flat,13.179999999999982,56.492689003706104
2026-07-19,Roadpali Kalamboli,0,increased,781.03,786.0128703952875
2026-07-19,Rupee Nagar Pune,0,decreased,-115.94999999999997,-85.29614575479589
2026-07-19,Rupee Nagar Pune,0,flat,-171.88000000000005,-185.83298942175514
2026-07-19,Rupee Nagar Pune,0,increased,436.66,445.0153662074529
2026-07-19,Saibaba Nagar,0,decreased,-60.88000000000004,-49.43040000000009
2026-07-19,Saibaba Nagar,0,flat,-254.09000000000017,-56.83309715623102
2026-07-19,Saibaba Nagar,0,increased,800.39,836.1889975679126
2026-07-19,Sakinaka - Pipeline Road,0,decreased,-332.75,-242.9150144731047
2026-07-19,Sakinaka - Pipeline Road,0,flat,-741.1499999999997,-939.5455695941355
2026-07-19,Sakinaka - Pipeline Road,0,increased,641.13,598.235499632093
2026-07-19,Sanpada,1,decreased,-798.9100000000001,-716.9586404740892
2026-07-19,Sanpada,1,flat,-71.06000000000003,-171.91768816037455
2026-07-19,Sanpada,1,increased,2405.05,2267.4721230904465
2026-07-19,Santa Cruz SV Road,0,decreased,-993.9999999999998,-991.7086857515801
2026-07-19,Santa Cruz SV Road,0,flat,280.25999999999976,390.89148244507913
2026-07-19,Santa Cruz SV Road,0,increased,1084.5400000000002,1079.139507358679
2026-07-19,"Santoshi Mata Road, Kalyan West",0,decreased,-155.22,-125.381419310703
2026-07-19,"Santoshi Mata Road, Kalyan West",0,flat,-128.47000000000003,-125.94402736782247
2026-07-19,"Santoshi Mata Road, Kalyan West",0,increased,896.9900000000001,844.0029537494393
2026-07-19,Sasane Nagar Pune,1,decreased,-43.85,-43.84514798435105
2026-07-19,Sasane Nagar Pune,1,flat,-83.91000000000003,-110.52897485609053
2026-07-19,Sasane Nagar Pune,1,increased,633.3499999999999,634.527296168922
2026-07-19,Seawoods,0,decreased,-93.55999999999997,-140.71619349737094
2026-07-19,Seawoods,0,flat,-124.37000000000016,562.8605933379949
2026-07-19,Seawoods,0,increased,2027.71,2063.50539788176
2026-07-19,Sector 3 - New Panvel,0,decreased,-77.96999999999998,-68.6816116537404
2026-07-19,Sector 3 - New Panvel,0,flat,157.48000000000002,-140.78710158557172
2026-07-19,Sector 3 - New Panvel,0,increased,986.4799999999998,931.6543879801173
2026-07-19,Shanti Nagar Mira Road,0,decreased,-150.90999999999997,-146.17870174714147
2026-07-19,Shanti Nagar Mira Road,0,flat,62.180000000000035,-5.921796347702504
2026-07-19,Shanti Nagar Mira Road,0,increased,335.91,322.92620404648983
2026-07-19,Shirgaon Badlapur,0,decreased,-675.07,-651.8296804317564
2026-07-19,Shirgaon Badlapur,0,flat,63.960000000000065,427.0185524575459
2026-07-19,Shirgaon Badlapur,0,increased,911.28,786.6181788110149
2026-07-19,Shivaji Nagar Pune,0,decreased,-210.43000000000006,-207.23196907168835
2026-07-19,Shivaji Nagar Pune,0,flat,-0.5600000000000023,-20.372857744914327
2026-07-19,Shivaji Nagar Pune,0,increased,732.26,807.9929712213332
2026-07-19,Shreenagar,0,decreased,-413.6600000000001,-1801.8193493767058
2026-07-19,Shreenagar,0,flat,-206.4600000000004,75.4805589252812
2026-07-19,Shreenagar,0,increased,3467.41,2730.6668952760433
2026-07-19,Shriprastha Nalasopara West,0,decreased,-158.65999999999997,-117.78840676689363
2026-07-19,Shriprastha Nalasopara West,0,flat,-31.140000000000033,51.54354283856361
2026-07-19,Shriprastha Nalasopara West,0,increased,661.7500000000001,604.3221451430304
2026-07-19,Sion Koliwada,0,decreased,-228.67999999999998,-228.83760229507357
2026-07-19,Sion Koliwada,0,flat,-59.45999999999995,-93.16692357368852
2026-07-19,Sion Koliwada,0,increased,773.5500000000001,700.0349272527073
2026-07-19,Thakur Complex,0,decreased,-73.85,-71.54074683866928
2026-07-19,Thakur Complex,0,flat,507.9600000000001,4.802660437585764
2026-07-19,Thakur Complex,0,increased,1810.52,1813.7436666977853
2026-07-19,Thergaon,0,decreased,-211.16999999999993,-198.22765932756965
2026-07-19,Thergaon,0,flat,95.44000000000005,-39.10784122372473
2026-07-19,Thergaon,0,increased,710.85,664.044025135068
2026-07-19,Tilak Road Pune,0,decreased,-104.18999999999997,-104.0587855780462
2026-07-19,Tilak Road Pune,0,flat,-17.550000000000022,306.39512668084274
2026-07-19,Tilak Road Pune,0,increased,702.8900000000001,691.1611539658196
2026-07-19,Tilaknagar,0,decreased,-178.41000000000003,-153.81637624796412
2026-07-19,Tilaknagar,0,flat,11.149999999999935,-156.57876549729008
2026-07-19,Tilaknagar,0,increased,1784.23,1762.043761861566
2026-07-19,Titwala,0,decreased,-225.20000000000002,-176.57252393153146
2026-07-19,Titwala,0,flat,-257.41999999999985,-198.61587077626515
2026-07-19,Titwala,0,increased,1997.1500000000003,1800.3528110826155
2026-07-19,Trimurti Chowk Nashik,0,decreased,-145.83999999999997,-146.32285760653332
2026-07-19,Trimurti Chowk Nashik,0,flat,-118.90999999999997,31.515158057425303
2026-07-19,Trimurti Chowk Nashik,0,increased,225.93,214.39504525793387
2026-07-19,Ulhas Nagar - Shahad,0,decreased,-145.59999999999997,-123.84589819967599
2026-07-19,Ulhas Nagar - Shahad,0,flat,-12.42999999999996,74.51107736312255
2026-07-19,Ulhas Nagar - Shahad,0,increased,924.8000000000001,808.2837384128661
2026-07-19,Ulhas Nagar - Shreeram Chowk,0,decreased,-337.82000000000005,-332.62850166676736
2026-07-19,Ulhas Nagar - Shreeram Chowk,0,flat,-9.580000000000013,4.3031412833009535
2026-07-19,Ulhas Nagar - Shreeram Chowk,0,increased,485.2100000000001,504.4464481028571
2026-07-19,Ulhasnagar,0,decreased,-109.75000000000003,-102.1063636717692
2026-07-19,Ulhasnagar,0,flat,116.12000000000027,-54.29296621506586
2026-07-19,Ulhasnagar,0,increased,1530.76,1484.215246081598
2026-07-19,Ulhasnagar - Humlog Circle,0,decreased,-169.02,-170.39639162376335
2026-07-19,Ulhasnagar - Humlog Circle,0,flat,-45.29000000000001,-58.372967729536356
2026-07-19,Ulhasnagar - Humlog Circle,0,increased,802.71,759.1113976491481
2026-07-19,Ulhasnagar - Khemani Chowk,0,decreased,-161.24000000000004,-143.47783657521677
2026-07-19,Ulhasnagar - Khemani Chowk,0,flat,-23.140000000000065,5.171689659600862
2026-07-19,Ulhasnagar - Khemani Chowk,0,increased,1333.8799999999999,802.7814466850431
2026-07-19,Ulhasnagar Sector 4,0,decreased,-173.63,-168.61576966067256
2026-07-19,Ulhasnagar Sector 4,0,flat,44.22000000000007,-127.2738981372622
2026-07-19,Ulhasnagar Sector 4,0,increased,1209.71,1181.259983601398
2026-07-19,Ulwe-Navi Mumbai,0,decreased,-164.14000000000001,-105.86670646621197
2026-07-19,Ulwe-Navi Mumbai,0,flat,159.37,2.7304943696296764
2026-07-19,Ulwe-Navi Mumbai,0,increased,1123.15,1141.4893826842415
2026-07-19,Vakola,0,decreased,-67.13999999999999,-62.58444193415838
2026-07-19,Vakola,0,flat,60.8299999999999,82.62599232130648
2026-07-19,Vakola,0,increased,978.29,899.637235259688
2026-07-19,Vasai West - Station Road,0,decreased,-119.69000000000001,-112.74429848583151
2026-07-19,Vasai West - Station Road,0,flat,103.63999999999986,-33.99303303604534
2026-07-19,Vasai West - Station Road,0,increased,1157.69,1058.284768527965
2026-07-19,Vashi,0,decreased,-209.41000000000003,-171.8883887707059
2026-07-19,Vashi,0,flat,59.06000000000003,57.78824052944811
2026-07-19,Vashi,0,increased,2782.2599999999998,2456.376779377126
2026-07-19,Vashi Sector 11,0,decreased,-57.59999999999997,-58.60861385285192
2026-07-19,Vashi Sector 11,0,flat,9.060000000000027,28.794522528692752
2026-07-19,Vashi Sector 11,0,increased,1385.4,1421.9242150569412
2026-07-19,Veenanagar,0,decreased,-129.00000000000003,-112.896707629382
2026-07-19,Veenanagar,0,flat,-41.64000000000004,55.965590689715796
2026-07-19,Veenanagar,0,increased,1736.65,1774.7826084499734
2026-07-19,Versova - Yari Road,0,decreased,-89.19,-84.47397121605874
2026-07-19,Versova - Yari Road,0,flat,-434.3300000000002,-447.4982983304469
2026-07-19,Versova - Yari Road,0,increased,771.0600000000002,824.5456103033163
2026-07-19,Versova Andheri,0,decreased,-983.55,-390.6829954983443
2026-07-19,Versova Andheri,0,flat,-297.8299999999999,396.26575095181744
2026-07-19,Versova Andheri,0,increased,2129.68,2048.2627659436657
2026-07-19,Vijay Nagari - Thane,0,decreased,-217.87999999999997,-52.53630517457238
2026-07-19,Vijay Nagari - Thane,0,flat,280.61,321.2050087166476
2026-07-19,Vijay Nagari - Thane,0,increased,2085.7200000000003,2084.855678279044
2026-07-19,Vikhroli,0,decreased,-403.82999999999987,-425.1983468486567
2026-07-19,Vikhroli,0,flat,-98.77999999999989,-394.99544148468556
2026-07-19,Vikhroli,0,increased,4604.45,4493.603383337816
2026-07-19,Vikhroli Kannamwar,0,decreased,-514.86,-499.3840224705009
2026-07-19,Vikhroli Kannamwar,0,flat,-397.11999999999966,-85.6194916176159
2026-07-19,Vikhroli Kannamwar,0,increased,1433.43,1336.5821210980805
2026-07-19,Vile Parle,0,decreased,-26.929999999999986,-26.845597528288735
2026-07-19,Vile Parle,0,flat,-73.34000000000009,-208.05459357549287
2026-07-19,Vile Parle,0,increased,705.9200000000001,718.538857002088
2026-07-19,Virar East,0,decreased,-150.14,-156.3262839941263
2026-07-19,Virar East,0,flat,-266.09,-224.92046241703017
2026-07-19,Virar East,0,increased,1515.8999999999999,1396.2856605440402
2026-07-19,Virar West,0,decreased,-271.68000000000006,-260.5351765305394
2026-07-19,Virar West,0,flat,-51.06999999999994,103.35444838192151
2026-07-19,Virar West,0,increased,864.4900000000001,863.7128272603986
2026-07-19,Wadgaon Budruk Pune,0,decreased,-57.53,-61.205000000000005
2026-07-19,Wadgaon Budruk Pune,0,flat,137.83999999999986,-36.07451318343156
2026-07-19,Wadgaon Budruk Pune,0,increased,320.8,355.33224957268163
2026-07-19,Wadgaon Sheri,0,decreased,-190.06,-191.46160319683585
2026-07-19,Wadgaon Sheri,0,flat,-5722.979999999997,-1678.8164779059612
2026-07-19,Wadgaon Sheri,0,increased,971.19,951.7130972448261
2026-07-19,Wadgaon Sheri-Old Mundhwa Rd,0,decreased,-94.79000000000002,-44.65817438271605
2026-07-19,Wadgaon Sheri-Old Mundhwa Rd,0,flat,-2017.029999999997,-4065.0237366139777
2026-07-19,Wadgaon Sheri-Old Mundhwa Rd,0,increased,509.17,506.6781987091255
2026-07-19,Wanawadi Pune,0,decreased,-70.67999999999998,-70.51993998503553
2026-07-19,Wanawadi Pune,0,flat,-46.52999999999996,-738.0685882630229
2026-07-19,Wanawadi Pune,0,increased,347.87999999999994,352.17250055285473
2026-07-19,Warje Pune,0,decreased,-132.34000000000003,-132.90789681230802
2026-07-19,Warje Pune,0,flat,-70.46999999999997,-111.86691236494445
2026-07-19,Warje Pune,0,increased,537.3299999999999,574.1336703398784
2026-07-19,Wayale Nagar,0,decreased,-134.71999999999997,-126.92192354464899
2026-07-19,Wayale Nagar,0,flat,-100.47999999999998,-272.21449324829047
2026-07-19,Wayale Nagar,0,increased,999.13,1026.2086741572207
2026-07-19,Yashodhan,0,decreased,-444.58,-463.42032186028365
2026-07-19,Yashodhan,0,flat,123.86,-143.5485206746648
2026-07-19,Yashodhan,0,increased,2351.47,2335.262725368754
2026-07-19,Yogi Nagar,0,decreased,-110.88000000000005,-126.25930845493536
2026-07-19,Yogi Nagar,0,flat,-9.140000000000061,-42.865067829425755
2026-07-19,Yogi Nagar,0,increased,1275.5300000000002,1345.8203214050068
2026-07-19,Yogidham Kalyan,0,decreased,-132.41999999999996,-126.05234151678674
2026-07-19,Yogidham Kalyan,0,flat,-458.5876,-421.53048267994023
2026-07-19,Yogidham Kalyan,0,increased,559.1583,605.9855587050287
2026-07-20,7 Rasta Byculla,0,decreased,-119.35,-137.125210766794
2026-07-20,7 Rasta Byculla,0,flat,35.22999999999993,20.109607813716032
2026-07-20,7 Rasta Byculla,0,increased,1207.16,1177.5722494746594
2026-07-20,Airoli,0,decreased,-596.1200000000001,-534.8561109266469
2026-07-20,Airoli,0,flat,55.420000000000094,-31.233152839163033
2026-07-20,Airoli,0,increased,2341.0899999999997,2185.291401299422
2026-07-20,Airoli Sector - 3,0,decreased,-261.91999999999996,-466.4645475714166
2026-07-20,Airoli Sector - 3,0,flat,-228.90999999999997,-126.08451008041963
2026-07-20,Airoli Sector - 3,0,increased,1773.31,1748.3181703439052
2026-07-20,Ambegaon Pune,0,decreased,-133.54999999999995,-102.08982432262812
2026-07-20,Ambegaon Pune,0,flat,-71.08999999999993,-88.51007456004682
2026-07-20,Ambegaon Pune,0,increased,531.77,490.8958441245394
2026-07-20,Ambernath East,0,decreased,-188.63999999999993,-101.23920828427828
2026-07-20,Ambernath East,0,flat,83.77999999999997,112.78727295855728
2026-07-20,Ambernath East,0,increased,644.6400000000001,644.3826326270043
2026-07-20,Ambernath West,0,decreased,-13.369999999999997,-17.04014798435108
2026-07-20,Ambernath West,0,flat,16.630000000000052,-19.614627618293202
2026-07-20,Ambernath West,0,increased,924.1800000000001,798.2186064319823
2026-07-20,Ashokvan Dahisar,0,decreased,-336.09,-317.5815216620071
2026-07-20,Ashokvan Dahisar,0,flat,-66.0799999999999,-183.1366583403085
2026-07-20,Ashokvan Dahisar,0,increased,1665.3600000000001,1603.976612438355
2026-07-20,Badlapur - Belavali,0,decreased,-300.70000000000005,-270.0350751096265
2026-07-20,Badlapur - Belavali,0,flat,-63.89,115.55227422545578
2026-07-20,Badlapur - Belavali,0,increased,944.6100000000001,990.9834567080325
2026-07-20,Badlapur East,0,decreased,19.550000000000004,4.0637810305640585
2026-07-20,Badlapur East,0,flat,-51.140000000000015,0.5562966108590333
2026-07-20,Badlapur East,0,increased,398.72999999999996,378.35601742457743
2026-07-20,Bandra,1,decreased,-529.77,-532.2782441014016
2026-07-20,Bandra,1,flat,-31.089999999999982,-120.09333797432195
2026-07-20,Bandra,1,increased,3281.4,3204.722735422759
2026-07-20,Bhandup West,0,decreased,-263.67,-263.06060111605484
2026-07-20,Bhandup West,0,flat,-162.24999999999994,-339.55967643933684
2026-07-20,Bhandup West,0,increased,1663.8099999999997,1705.2373739549994
2026-07-20,Bhayandar,0,decreased,-162.75,-198.82302019693194
2026-07-20,Bhayandar,0,flat,124.16999999999993,58.412050414695585
2026-07-20,Bhayandar,0,increased,1456.7,1398.0961510009636
2026-07-20,Bhayander 60 Feet Road,0,decreased,-386.17999999999995,-383.02654802513706
2026-07-20,Bhayander 60 Feet Road,0,flat,23.10000000000001,42.509810337947144
2026-07-20,Bhayander 60 Feet Road,0,increased,1074.24,1032.1800702565006
2026-07-20,Bhekrainagar Pune,0,decreased,-193.82,-196.63175140207858
2026-07-20,Bhekrainagar Pune,0,flat,-43.15,-5.016595316746921
2026-07-20,Bhekrainagar Pune,0,increased,702.9200000000001,592.4647897547153
2026-07-20,Bhiwandi - Shivaji Chowk,0,decreased,-140.8,-118.25468852589344
2026-07-20,Bhiwandi - Shivaji Chowk,0,flat,-56.349999999999966,-57.30697698404121
2026-07-20,Bhiwandi - Shivaji Chowk,0,increased,366.71000000000004,336.21114069123513
2026-07-20,Bhiwandi Dhamankar Naka,1,decreased,-132.52999999999997,-130.04700308210215
2026-07-20,Bhiwandi Dhamankar Naka,1,flat,31.859999999999857,234.53205514251073
2026-07-20,Bhiwandi Dhamankar Naka,1,increased,2073.52,1999.2408568085964
2026-07-20,Bibwewadi Pune,0,decreased,-8.439999999999998,-8.409928803266673
2026-07-20,Bibwewadi Pune,0,flat,131.58999999999997,56.95496479301291
2026-07-20,Bibwewadi Pune,0,increased,1951.3600000000001,1967.01397387816
2026-07-20,Bytco Point Nashik,0,decreased,-372.47,-376.94778226518133
2026-07-20,Bytco Point Nashik,0,flat,-128.92999999999995,-60.70233304402427
2026-07-20,Bytco Point Nashik,0,increased,916.2700000000001,809.5262766368422
2026-07-20,CST Bora Bazaar,0,decreased,-214.42999999999998,-216.29568981146795
2026-07-20,CST Bora Bazaar,0,flat,30.459999999999987,74.89336281741087
2026-07-20,CST Bora Bazaar,0,increased,991.02,499.96375964490517
2026-07-20,Chandivali,0,decreased,-29.089999999999993,-35.175878318157146
2026-07-20,Chandivali,0,flat,-931.22,-909.9890406694674
2026-07-20,Chandivali,0,increased,769.6600000000001,759.7101380265848
2026-07-20,Charkop,0,decreased,-178.69999999999993,-109.5926745868143
2026-07-20,Charkop,0,flat,670.5399999999998,607.900132680085
2026-07-20,Charkop,0,increased,2089.77,2004.4280209284514
2026-07-20,Chembur,0,decreased,-48.62999999999998,-51.44676255496903
2026-07-20,Chembur,0,flat,-9.289999999999914,-140.45784737886467
2026-07-20,Chembur,0,increased,3501.67,3237.1811643895776
2026-07-20,Chinchwad,1,decreased,-98.56,-104.12469674343157
2026-07-20,Chinchwad,1,flat,-56.01000000000004,-79.51580895704869
2026-07-20,Chinchwad,1,increased,1081.2800000000002,488.4220493029449
2026-07-20,Chinchwad - Gandhi Peth,1,decreased,-8.439999999999998,-8.409928803266673
2026-07-20,Chinchwad - Gandhi Peth,1,flat,-9.570000000000018,-7.83418603029303
2026-07-20,Chinchwad - Gandhi Peth,1,increased,282.62,249.2110099684649
2026-07-20,Cidco Nashik,0,decreased,-51.51,-52.42903438822897
2026-07-20,Cidco Nashik,0,flat,35.71999999999999,-94.64348816561342
2026-07-20,Cidco Nashik,0,increased,603.26,547.7621803047617
2026-07-20,Colaba,1,decreased,-119.50999999999999,-99.244893964093
2026-07-20,Colaba,1,flat,-65.41,-96.31934834271465
2026-07-20,Colaba,1,increased,997.22,940.2457455626885
2026-07-20,Dadar East,0,decreased,-51.349999999999994,-55.304838266778745
2026-07-20,Dadar East,0,flat,24.830000000000048,107.59287469276956
2026-07-20,Dadar East,0,increased,1219.99,1260.8717611355637
2026-07-20,Dahisar,0,decreased,-334.8,-286.89662831193243
2026-07-20,Dahisar,0,flat,17.770000000000067,-163.79880472058707
2026-07-20,Dahisar,0,increased,1702.0,1609.860926581304
2026-07-20,Dattnagar,0,decreased,-29.369999999999987,-16.705083874808636
2026-07-20,Dattnagar,0,flat,-1.130000000000038,6.681822533647477
2026-07-20,Dattnagar,0,increased,1263.12,1160.768653532966
2026-07-20,Dhanakwadi,0,decreased,-200.48999999999995,-193.68324227738663
2026-07-20,Dhanakwadi,0,flat,-18.32999999999994,33.24099453612158
2026-07-20,Dhanakwadi,0,increased,1076.8200000000002,1080.96507609207
2026-07-20,Dhanori Pune,0,decreased,-16.879999999999995,-21.275007606533343
2026-07-20,Dhanori Pune,0,flat,38.37999999999999,-7.606624649277904
2026-07-20,Dhanori Pune,0,increased,774.36,732.1254558638894
2026-07-20,Dhayari Pune,0,decreased,-63.27000000000004,-58.62293320351385
2026-07-20,Dhayari Pune,0,flat,104.86000000000003,-77.1096972594626
2026-07-20,Dhayari Pune,0,increased,742.38,621.3599866875002
2026-07-20,Dighi Pune,1,decreased,-38.869999999999976,-34.36858290454475
2026-07-20,Dighi Pune,1,flat,-19.28,10.965669102458364
2026-07-20,Dighi Pune,1,increased,564.6000000000001,522.0608069142772
2026-07-20,Dombivali,0,decreased,-86.15999999999998,-93.61130076142952
2026-07-20,Dombivali,0,flat,-115.01000000000005,-115.77339936120613
2026-07-20,Dombivali,0,increased,1734.62,1532.1909672264253
2026-07-20,Dombivali - Navpada,0,decreased,-147.45999999999998,-115.41461563378044
2026-07-20,Dombivali - Navpada,0,flat,20.979999999999944,-80.8183014365033
2026-07-20,Dombivali - Navpada,0,increased,863.3100000000001,871.673267291109
2026-07-20,Dombivali - Reti Bunder,0,decreased,-309.18899999999996,-287.1925421274636
2026-07-20,Dombivali - Reti Bunder,0,flat,971.0376,85.29859795743307
2026-07-20,Dombivali - Reti Bunder,0,increased,626.5164,623.7602814462372
2026-07-20,Dombivli West,0,decreased,-588.4299999999998,-604.3472613159183
2026-07-20,Dombivli West,0,flat,133.90000000000003,-50.5847829518148
2026-07-20,Dombivli West,0,increased,3070.39,3004.861875808484
2026-07-20,Evershine Nagar,0,decreased,-125.87999999999998,-136.5392936235511
2026-07-20,Evershine Nagar,0,flat,29.79000000000006,-38.984398556419585
2026-07-20,Evershine Nagar,0,increased,552.71,578.1610560936402
2026-07-20,Fam Society - Koperkhairne,0,decreased,-169.77999999999997,-161.11630973841406
2026-07-20,Fam Society - Koperkhairne,0,flat,330.89000000000004,123.15551507383483
2026-07-20,Fam Society - Koperkhairne,0,increased,2510.69,2564.240373373183
2026-07-20,Fursungi Pune,0,decreased,-123.60000000000002,-142.61780487752748
2026-07-20,Fursungi Pune,0,flat,61.95,-501.1755906405289
2026-07-20,Fursungi Pune,0,increased,737.38,672.4286594152097
2026-07-20,Ghansoli,0,decreased,-174.33999999999997,-174.4034415343294
2026-07-20,Ghansoli,0,flat,121.45999999999971,-450.0639811816745
2026-07-20,Ghansoli,0,increased,2098.2400000000002,2129.0111399806888
2026-07-20,Ghatkopar East,0,decreased,-137.00999999999996,-136.02903522383315
2026-07-20,Ghatkopar East,0,flat,-777.3199999999998,-718.9694881970495
2026-07-20,Ghatkopar East,0,increased,1991.68,1761.6370530052684
2026-07-20,Ghatkopar West,0,decreased,-247.56000000000003,-208.96054637654305
2026-07-20,Ghatkopar West,0,flat,25.51999999999989,23.4886927780186
2026-07-20,Ghatkopar West,0,increased,2124.04,1517.126398838158
2026-07-20,Ghodapdeo - Byculla,0,decreased,-343.91999999999996,-353.93848496200724
2026-07-20,Ghodapdeo - Byculla,0,flat,-70.20999999999998,160.85870514993596
2026-07-20,Ghodapdeo - Byculla,0,increased,1133.95,1132.7993355404328
2026-07-20,Global City Virar West,0,decreased,-176.75,-170.22167075269184
2026-07-20,Global City Virar West,0,flat,-112.65999999999997,-100.22990998681801
2026-07-20,Global City Virar West,0,increased,771.4200000000001,758.4250984266697
2026-07-20,Goregaon,1,decreased,-390.59000000000003,-363.8932045514246
2026-07-20,Goregaon,1,flat,106.35999999999989,145.5051004368043
2026-07-20,Goregaon,1,increased,2193.04,2145.9547060282925
2026-07-20,Goregaon West S.V. Road,1,decreased,-240.2,-237.8415951440357
2026-07-20,Goregaon West S.V. Road,1,flat,405.65999999999997,140.3642759413807
2026-07-20,Goregaon West S.V. Road,1,increased,1878.7800000000002,1738.2642823064978
2026-07-20,Govandi,0,decreased,-244.60000000000002,-247.1624611723158
2026-07-20,Govandi,0,flat,-112.93999999999997,-183.0429866763406
2026-07-20,Govandi,0,increased,2019.06,2025.8463572052997
2026-07-20,Gujrat Colony Kothrud,0,decreased,-9.669999999999998,-9.639928803266674
2026-07-20,Gujrat Colony Kothrud,0,flat,-301.71,-299.98528891815613
2026-07-20,Gujrat Colony Kothrud,0,increased,384.3200000000001,312.8921213412533
2026-07-20,Gulab Nagar Pune,0,decreased,-27.069999999999993,-17.416502925687034
2026-07-20,Gulab Nagar Pune,0,flat,-55.06999999999999,-194.0375918533368
2026-07-20,Gulab Nagar Pune,0,increased,774.3399999999999,701.8196043258449
2026-07-20,Hari Om Nagar,0,decreased,-233.55,-252.13544867080523
2026-07-20,Hari Om Nagar,0,flat,-3.6699999999999875,-59.0660618661316
2026-07-20,Hari Om Nagar,0,increased,1692.6799999999998,1713.4560161228612
2026-07-20,Hiltron Ulhasnagar,0,decreased,-263.96000000000004,-234.6339043370814
2026-07-20,Hiltron Ulhasnagar,0,flat,-29.409999999999982,-3.463764406442154
2026-07-20,Hiltron Ulhasnagar,0,increased,639.84,643.0674580724719
2026-07-20,Hiranandani Thane,0,decreased,-201.45999999999992,-230.88798374924428
2026-07-20,Hiranandani Thane,0,flat,-99.48000000000012,-590.4889647633539
2026-07-20,Hiranandani Thane,0,increased,2687.2200000000003,2500.3856095041124
2026-07-20,IC Colony Borivali,0,decreased,-263.6499999999999,-251.96509550808642
2026-07-20,IC Colony Borivali,0,flat,1102.22,182.90545781026375
2026-07-20,IC Colony Borivali,0,increased,2379.66,2359.577627925175
2026-07-20,JB Nagar,0,decreased,-230.15,-233.87619467164475
2026-07-20,JB Nagar,0,flat,-901.4600000000003,-786.2698864069405
2026-07-20,JB Nagar,0,increased,3128.75,2889.5891356916245
2026-07-20,JJ Hospital,0,decreased,-181.82999999999998,-180.51770996542464
2026-07-20,JJ Hospital,0,flat,-63.08000000000001,119.31372896341836
2026-07-20,JJ Hospital,0,increased,2775.23,2805.546916820792
2026-07-20,Jagruti Nagar Ghatkopar,0,decreased,-17.379999999999995,-19.621590939866664
2026-07-20,Jagruti Nagar Ghatkopar,0,flat,0.8900000000000041,50.48324398287927
2026-07-20,Jagruti Nagar Ghatkopar,0,increased,517.56,510.1177810081581
2026-07-20,Jail Road Nashik,0,decreased,-67.39000000000003,-68.58846068276378
2026-07-20,Jail Road Nashik,0,flat,-49.24999999999996,-0.6973748755395164
2026-07-20,Jail Road Nashik,0,increased,604.69,545.5514550141115
2026-07-20,Jay VIjay Nagar Nalasopara East,0,decreased,-116.76000000000015,-93.73574444444465
2026-07-20,Jay VIjay Nagar Nalasopara East,0,flat,-64.75999999999995,-12.357782232396566
2026-07-20,Jay VIjay Nagar Nalasopara East,0,increased,665.7299999999999,623.1520893861583
2026-07-20,Kalamboli,0,decreased,-173.0300000000001,-181.89561334917624
2026-07-20,Kalamboli,0,flat,85.75000000000004,-56.63714410155628
2026-07-20,Kalamboli,0,increased,1074.73,1204.7596110369452
2026-07-20,Kalher Bhiwandi,0,decreased,-185.72,-171.68234942049367
2026-07-20,Kalher Bhiwandi,0,flat,1012.0999999999998,152.20438456924757
2026-07-20,Kalher Bhiwandi,0,increased,1130.25,1105.6849976173687
2026-07-20,Kalina,0,decreased,-306.40999999999997,-298.8593777634221
2026-07-20,Kalina,0,flat,53.81999999999996,3.2535423258610336
2026-07-20,Kalina,0,increased,1358.95,1359.5998507004256
2026-07-20,Kalwa,0,decreased,-235.15999999999997,-247.49241205049384
2026-07-20,Kalwa,0,flat,605.3700000000001,115.15751218047319
2026-07-20,Kalwa,0,increased,2693.2000000000003,2659.707585122022
2026-07-20,Kalyan,0,decreased,-139.63,-143.98667874188283
2026-07-20,Kalyan,0,flat,195.77999999999994,-155.18334129650628
2026-07-20,Kalyan,0,increased,1780.3300000000002,1724.4104310329917
2026-07-20,Kalyan - DB Chowk,0,decreased,-63.669999999999966,-60.543003836498436
2026-07-20,Kalyan - DB Chowk,0,flat,-4.529999999999966,38.34962870277247
2026-07-20,Kalyan - DB Chowk,0,increased,824.3,850.4027256329745
2026-07-20,Kalyan East-Tisgaon Naka,0,decreased,-33.359999999999985,-33.250378347204304
2026-07-20,Kalyan East-Tisgaon Naka,0,flat,-97.65999999999991,-128.81582235827955
2026-07-20,Kalyan East-Tisgaon Naka,0,increased,1258.78,1237.1761775957348
2026-07-20,Kalyan West Club Road,0,decreased,-352.72999999999996,-280.6777691994614
2026-07-20,Kalyan West Club Road,0,flat,284.3000000000003,100.04696695423783
2026-07-20,Kalyan West Club Road,0,increased,1063.42,1059.4778341320368
2026-07-20,Kamotha,0,decreased,-404.03,-377.76903923918553
2026-07-20,Kamotha,0,flat,-67.2100000000001,-376.4984315647904
2026-07-20,Kamotha,0,increased,1560.41,1500.2055950325007
2026-07-20,Kamothe - Sector 36,0,decreased,-14.899999999999984,5.9744715400697785
2026-07-20,Kamothe - Sector 36,0,flat,-124.11000000000003,-38.25380633975728
2026-07-20,Kamothe - Sector 36,0,increased,974.1599999999996,912.4043850113321
2026-07-20,Kandivali East,0,decreased,-205.88000000000005,-195.57586762835783
2026-07-20,Kandivali East,0,flat,-51.25000000000007,-296.8359641828214
2026-07-20,Kandivali East,0,increased,2273.8199999999997,2243.919191575712
2026-07-20,Kandivali West,0,decreased,-184.07000000000005,-190.1860008982793
2026-07-20,Kandivali West,0,flat,19.999999999999993,51.89675678259687
2026-07-20,Kandivali West,0,increased,667.79,672.9280877966632
2026-07-20,Kasarvadavali Thane,0,decreased,-209.71999999999997,-187.14778757006906
2026-07-20,Kasarvadavali Thane,0,flat,-87.61999999999995,-33.85883686904006
2026-07-20,Kasarvadavali Thane,0,increased,1512.58,1405.3754243375058
2026-07-20,Katrap Badlapur East,0,decreased,-142.92000000000004,-47.29687172657893
2026-07-20,Katrap Badlapur East,0,flat,-76.86000000000007,50.44709319801703
2026-07-20,Katrap Badlapur East,0,increased,576.3100000000002,560.2529819507547
2026-07-20,Khadki Pune,0,decreased,-20.76999999999999,-18.40364071162378
2026-07-20,Khadki Pune,0,flat,122.62999999999987,-246.17262824528234
2026-07-20,Khadki Pune,0,increased,683.86,771.4220324047283
2026-07-20,Khanda Colony,1,decreased,-124.72000000000004,-83.52375034414143
2026-07-20,Khanda Colony,1,flat,-12.240000000000002,25.272513099354967
2026-07-20,Khanda Colony,1,increased,1122.16,1076.3955962879604
2026-07-20,Khar West,1,decreased,-65.02999999999999,-64.85774722328644
2026-07-20,Khar West,1,flat,35.65999999999999,-141.93809751418
2026-07-20,Khar West,1,increased,1780.76,1726.0795441335033
2026-07-20,Kharghar,0,decreased,-111.23,-84.31712484791264
2026-07-20,Kharghar,0,flat,-33.96999999999992,-284.9025675606027
2026-07-20,Kharghar,0,increased,2193.51,2102.452266570467
2026-07-20,Kharghar Sector 12,0,decreased,-172.79000000000002,-198.77807560200284
2026-07-20,Kharghar Sector 12,0,flat,-214.8699999999999,-287.2000104887325
2026-07-20,Kharghar Sector 12,0,increased,801.08,822.7879391815653
2026-07-20,Khopat,0,decreased,-208.65999999999997,-205.29872718229092
2026-07-20,Khopat,0,flat,-87.91999999999993,-425.6335175256405
2026-07-20,Khopat,0,increased,3329.39,3049.890759510481
2026-07-20,Khutwad Nagar Nashik,0,decreased,-82.99,-87.24168713659998
2026-07-20,Khutwad Nagar Nashik,0,flat,121.60000000000005,96.87660381100198
2026-07-20,Khutwad Nagar Nashik,0,increased,222.39000000000004,241.28057110273525
2026-07-20,Kolsheth,0,decreased,-424.7199999999999,-358.768437671711
2026-07-20,Kolsheth,0,flat,-48.01000000000001,126.82700117732216
2026-07-20,Kolsheth,0,increased,3131.52,3135.3431006853216
2026-07-20,Kopar Khairane,0,decreased,-205.92999999999998,-186.86803940645905
2026-07-20,Kopar Khairane,0,flat,-111.47,36.53570268245629
2026-07-20,Kopar Khairane,0,increased,2751.3599999999997,2660.6418922012845
2026-07-20,Kopari Thane,0,decreased,-240.02999999999997,-259.5998365544894
2026-07-20,Kopari Thane,0,flat,-843.5900000000001,-1112.4867850458036
2026-07-20,Kopari Thane,0,increased,1363.09,1289.387299810334
2026-07-20,Koper Khairane - Sector 7,0,decreased,-54.809999999999995,-62.52759513809714
2026-07-20,Koper Khairane - Sector 7,0,flat,113.93000000000009,-122.92535253438868
2026-07-20,Koper Khairane - Sector 7,0,increased,1797.57,1753.6907527415308
2026-07-20,Kulgaon Badlapur West,0,decreased,-186.53999999999994,-127.12866149207414
2026-07-20,Kulgaon Badlapur West,0,flat,-44.49999999999999,22.12890986848378
2026-07-20,Kulgaon Badlapur West,0,increased,1053.76,1005.7170677452243
2026-07-20,Kurla,0,decreased,-292.86999999999995,-286.5810336843896
2026-07-20,Kurla,0,flat,-22.05000000000009,-48.38886402278014
2026-07-20,Kurla,0,increased,1224.6100000000001,1238.652751923471
2026-07-20,Kurla West,0,decreased,-400.91999999999996,-363.43175749288037
2026-07-20,Kurla West,0,flat,41.660000000000124,-58.509204370186495
2026-07-20,Kurla West,0,increased,2295.8900000000003,2243.7358086091876
2026-07-20,Lower Parel - SJ Marg,0,decreased,-86.11999999999998,-72.95478839523074
2026-07-20,Lower Parel - SJ Marg,0,flat,114.1,91.0458109336592
2026-07-20,Lower Parel - SJ Marg,0,increased,864.4300000000001,840.7876321722841
2026-07-20,Mahakali,0,decreased,-322.16999999999996,-274.99599229532896
2026-07-20,Mahakali,0,flat,-165.7800000000001,-248.40040378776678
2026-07-20,Mahakali,0,increased,2532.5099999999998,2396.7299884707872
2026-07-20,Mahavir Pride Dombivali,0,decreased,-221.42000000000002,-219.35750646575605
2026-07-20,Mahavir Pride Dombivali,0,flat,334.17000000000036,-1430.4265021873848
2026-07-20,Mahavir Pride Dombivali,0,increased,2584.69,2419.7500745387424
2026-07-20,Mahim West,0,decreased,-177.57999999999998,-178.0942298217489
2026-07-20,Mahim West,0,flat,30.820000000000018,-148.78739818611976
2026-07-20,Mahim West,0,increased,1691.18,1600.1949660618936
2026-07-20,Malad,0,decreased,-154.95999999999998,-140.20527706893247
2026-07-20,Malad,0,flat,68.2799999999999,-263.5607448538517
2026-07-20,Malad,0,increased,2886.63,2854.6890951126347
2026-07-20,Malad Liberty Garden,0,decreased,-45.56999999999998,-56.080695968702145
2026-07-20,Malad Liberty Garden,0,flat,-13.75000000000005,35.24086052387946
2026-07-20,Malad Liberty Garden,0,increased,1107.6000000000001,1052.9801797119744
2026-07-20,Malwani,0,decreased,-249.53999999999994,-245.3710905748552
2026-07-20,Malwani,0,flat,91.62999999999995,-65.98059453747494
2026-07-20,Malwani,0,increased,1697.78,1612.328430657442
2026-07-20,Marol,0,decreased,-1465.0899999999997,-1075.740350656118
2026-07-20,Marol,0,flat,-1419.7200000000005,-1188.8290032942716
2026-07-20,Marol,0,increased,3402.74,3300.2690430966013
2026-07-20,Mharal Ulhasnagar,0,decreased,-211.29999999999998,-211.29228976468866
2026-07-20,Mharal Ulhasnagar,0,flat,414.55,11.720376249590437
2026-07-20,Mharal Ulhasnagar,0,increased,1159.8600000000001,1075.1951214524272
2026-07-20,Mhasrul Nashik,0,decreased,-227.84,-195.4540545296983
2026-07-20,Mhasrul Nashik,0,flat,28.199999999999953,95.82981342746899
2026-07-20,Mhasrul Nashik,0,increased,517.21,456.11112049348185
2026-07-20,Mira Road,0,decreased,-303.0,-283.23774679696777
2026-07-20,Mira Road,0,flat,104.94000000000017,-15.260319941165335
2026-07-20,Mira Road,0,increased,1177.38,1133.6414941060805
2026-07-20,Mira Road - GCC Club Road,0,decreased,-119.82999999999998,-50.257377418859576
2026-07-20,Mira Road - GCC Club Road,0,flat,-358.9100000000001,-326.1554778977141
2026-07-20,Mira Road - GCC Club Road,0,increased,382.46000000000004,374.66181982323405
2026-07-20,Mira Road Jangid Complex,0,decreased,-137.03999999999996,-141.91891170432086
2026-07-20,Mira Road Jangid Complex,0,flat,232.97000000000006,-396.1890573433015
2026-07-20,Mira Road Jangid Complex,0,increased,1686.69,1760.305355763296
2026-07-20,Mohan Nagar Kandivali,0,decreased,-51.779999999999994,-41.982536199820196
2026-07-20,Mohan Nagar Kandivali,0,flat,-39.65,85.0486276269585
2026-07-20,Mohan Nagar Kandivali,0,increased,940.74,896.4454597448612
2026-07-20,Mulund East,0,decreased,-286.35,-222.44047728487493
2026-07-20,Mulund East,0,flat,-23.149999999999864,-124.10205070987749
2026-07-20,Mulund East,0,increased,3163.09,3081.2895561124305
2026-07-20,Mulund Panch Rasta,0,decreased,-36.009999999999984,-31.54897039856749
2026-07-20,Mulund Panch Rasta,0,flat,87.99999999999999,86.75120322448123
2026-07-20,Mulund Panch Rasta,0,increased,692.2800000000001,687.6858353201653
2026-07-20,Mulund West,0,decreased,-73.32,-77.19358537247474
2026-07-20,Mulund West,0,flat,-161.76000000000002,-134.12350988017522
2026-07-20,Mulund West,0,increased,2951.71,2874.203107348829
2026-07-20,Mulund West-Sarvodaya Nagar,0,decreased,-96.4,-89.5249350139404
2026-07-20,Mulund West-Sarvodaya Nagar,0,flat,-304.80000000000007,-245.45657063036862
2026-07-20,Mulund West-Sarvodaya Nagar,0,increased,2490.6400000000003,2455.7465120442503
2026-07-20,Mundhwa Pune,0,decreased,-83.90999999999998,-96.15565145290768
2026-07-20,Mundhwa Pune,0,flat,-42.82000000000001,-103.2666553168433
2026-07-20,Mundhwa Pune,0,increased,454.77,467.4461724282509
2026-07-20,NIBM Kondwa,0,decreased,-343.36,-360.6713564409403
2026-07-20,NIBM Kondwa,0,flat,-1735.6200000000001,-313.90415333765884
2026-07-20,NIBM Kondwa,0,increased,1943.61,1839.140074299395
2026-07-20,Nahur West,0,decreased,-115.8,-103.95768548726988
2026-07-20,Nahur West,0,flat,310.5500000000002,165.982046312339
2026-07-20,Nahur West,0,increased,2255.06,2267.3743098132272
2026-07-20,Nalasopara - Yashwant Nagar,0,decreased,-98.38999999999999,-59.91566205734282
2026-07-20,Nalasopara - Yashwant Nagar,0,flat,31.230000000000075,-3.0045668853525935
2026-07-20,Nalasopara - Yashwant Nagar,0,increased,745.4400000000002,712.7923284818849
2026-07-20,Nalasopara West,0,decreased,-86.16999999999994,-90.85230725362982
2026-07-20,Nalasopara West,0,flat,74.2700000000001,52.51830392246837
2026-07-20,Nalasopara West,0,increased,1060.34,1053.1518921392253
2026-07-20,Narhe Pune,0,decreased,-90.0299999999999,-91.58498213659992
2026-07-20,Narhe Pune,0,flat,-13.520000000000007,66.29362168035847
2026-07-20,Narhe Pune,0,increased,511.21999999999997,505.6964742303257
2026-07-20,Naupada,0,decreased,-119.83999999999993,-62.443647847514484
2026-07-20,Naupada,0,flat,168.21999999999997,-109.70809851453089
2026-07-20,Naupada,0,increased,2033.19,1941.1478095829837
2026-07-20,Navare Nagar Ambernath,0,decreased,-230.22999999999996,-153.23441232560845
2026-07-20,Navare Nagar Ambernath,0,flat,-18.079999999999828,-95.03141970137176
2026-07-20,Navare Nagar Ambernath,0,increased,993.6300000000001,751.7622695513984
2026-07-20,Navi Peth Pune,0,decreased,-78.05,-76.82614160065961
2026-07-20,Navi Peth Pune,0,flat,-9.689999999999987,-80.04364047683168
2026-07-20,Navi Peth Pune,0,increased,945.49,917.314194535245
2026-07-20,Navjeevan Mumbai Central,0,decreased,-173.20000000000002,-154.49621161434015
2026-07-20,Navjeevan Mumbai Central,0,flat,26.85000000000076,-161.1383105853718
2026-07-20,Navjeevan Mumbai Central,0,increased,1076.8700000000001,978.9926370524031
2026-07-20,Nerul East,0,decreased,-112.76999999999995,-103.55217733347052
2026-07-20,Nerul East,0,flat,-128.05000000000013,57.40089207563224
2026-07-20,Nerul East,0,increased,1416.67,1328.5924617606001
2026-07-20,Nerul West,0,decreased,-503.12,-483.7318631822909
2026-07-20,Nerul West,0,flat,-124.79000000000045,-152.28157516654574
2026-07-20,Nerul West,0,increased,1274.2699999999998,1342.8270172200632
2026-07-20,New Panvel,0,decreased,-49.979999999999976,-41.01966537247473
2026-07-20,New Panvel,0,flat,62.159999999999926,48.93952821055461
2026-07-20,New Panvel,0,increased,1678.4499999999998,1603.8992524963053
2026-07-20,Old Panvel,0,decreased,-121.30000000000003,-152.15144899062017
2026-07-20,Old Panvel,0,flat,-97.0499999999999,-52.05993912907785
2026-07-20,Old Panvel,0,increased,1401.61,1368.348802804528
2026-07-20,Palegaon Ambernath,0,decreased,-115.53000000000002,-113.72793349075538
2026-07-20,Palegaon Ambernath,0,flat,-95.77000000000004,-8.720870962728469
2026-07-20,Palegaon Ambernath,0,increased,639.5200000000001,634.845639474521
2026-07-20,Panchpakhadi,0,decreased,-307.7600000000001,-280.8621854650812
2026-07-20,Panchpakhadi,0,flat,54.460000000000136,-58.728169174887114
2026-07-20,Panchpakhadi,0,increased,1235.16,1162.9563068082455
2026-07-20,Pantnagar,0,decreased,-17.969999999999985,-13.538429329309253
2026-07-20,Pantnagar,0,flat,3.7299999999999844,-89.4346296744612
2026-07-20,Pantnagar,0,increased,857.84,1035.3001129644058
2026-07-20,Panvel - Uran Naka,0,decreased,-261.53999999999996,-165.34758610855656
2026-07-20,Panvel - Uran Naka,0,flat,83.26000000000002,98.08861915404901
2026-07-20,Panvel - Uran Naka,0,increased,1024.7900000000002,1019.6917503070844
2026-07-20,Phadke Road - Dombivali,0,decreased,-74.46,-67.4316654125791
2026-07-20,Phadke Road - Dombivali,0,flat,-156.06999999999988,-34.28223736073582
2026-07-20,Phadke Road - Dombivali,0,increased,1253.27,1193.1476250561434
2026-07-20,Pimple Gurav,0,decreased,-104.17000000000004,-102.37717676056342
2026-07-20,Pimple Gurav,0,flat,-74.83999999999992,-89.11545668726724
2026-07-20,Pimple Gurav,0,increased,430.3099999999999,413.51644547537086
2026-07-20,Prabhadevi,0,decreased,-154.55,-145.37787343006613
2026-07-20,Prabhadevi,0,flat,-29.66000000000016,1.1335370676504173
2026-07-20,Prabhadevi,0,increased,2175.67,2210.5160642364895
2026-07-20,Pragati Nagar Nalasopara East,0,decreased,-225.14,-213.64548803900743
2026-07-20,Pragati Nagar Nalasopara East,0,flat,348.34,69.40226133821838
2026-07-20,Pragati Nagar Nalasopara East,0,increased,477.62,457.4553341371537
2026-07-20,Rajawadi,0,decreased,-122.94,-147.3500169555172
2026-07-20,Rajawadi,0,flat,42.8,53.69859040170017
2026-07-20,Rajawadi,0,increased,2346.66,2332.7552184374254
2026-07-20,Roadpali Kalamboli,0,decreased,-180.20000000000005,-233.0211437674444
2026-07-20,Roadpali Kalamboli,0,flat,-60.36000000000011,-124.72988764048708
2026-07-20,Roadpali Kalamboli,0,increased,994.68,905.745584583301
2026-07-20,Rupee Nagar Pune,0,decreased,-38.709999999999994,-38.70973349911716
2026-07-20,Rupee Nagar Pune,0,flat,1.720000000000013,74.00253401085669
2026-07-20,Rupee Nagar Pune,0,increased,256.64,278.75768653746627
2026-07-20,Saibaba Nagar,0,decreased,-190.26999999999992,-247.45279496673078
2026-07-20,Saibaba Nagar,0,flat,20.5,-147.59480161145675
2026-07-20,Saibaba Nagar,0,increased,1453.8999999999999,1410.783024685293
2026-07-20,Sakinaka - Pipeline Road,0,decreased,-52.440000000000026,-56.05633573859771
2026-07-20,Sakinaka - Pipeline Road,0,flat,430.70000000000016,557.023507683208
2026-07-20,Sakinaka - Pipeline Road,0,increased,676.6600000000001,647.8062841730693
2026-07-20,Sanpada,1,decreased,-484.96000000000004,-291.0827173578872
2026-07-20,Sanpada,1,flat,-109.32999999999987,-363.05634218907966
2026-07-20,Sanpada,1,increased,1901.26,1802.2484815432401
2026-07-20,Santa Cruz SV Road,0,decreased,-531.3699999999999,-577.0931615223726
2026-07-20,Santa Cruz SV Road,0,flat,-105.12999999999997,-80.70188261929289
2026-07-20,Santa Cruz SV Road,0,increased,1351.0000000000002,1351.7110355317689
2026-07-20,"Santoshi Mata Road, Kalyan West",0,decreased,-83.45999999999998,-83.31784219719367
2026-07-20,"Santoshi Mata Road, Kalyan West",0,flat,101.66000000000003,24.118679908306472
2026-07-20,"Santoshi Mata Road, Kalyan West",0,increased,799.96,796.1485059271374
2026-07-20,Sasane Nagar Pune,1,decreased,-33.010000000000005,-31.458580500070465
2026-07-20,Sasane Nagar Pune,1,flat,124.69,37.5395383926195
2026-07-20,Sasane Nagar Pune,1,increased,621.93,625.0371876398178
2026-07-20,Seawoods,0,decreased,-34.25999999999999,-54.083297410863636
2026-07-20,Seawoods,0,flat,-168.5300000000001,-170.28717479919612
2026-07-20,Seawoods,0,increased,1926.4,1883.0700678474168
2026-07-20,Sector 3 - New Panvel,0,decreased,-109.85999999999996,1.6675801816681428
2026-07-20,Sector 3 - New Panvel,0,flat,23.88999999999993,-48.9244671897894
2026-07-20,Sector 3 - New Panvel,0,increased,1095.8100000000002,1152.9882235924197
2026-07-20,Shanti Nagar Mira Road,0,decreased,-154.00999999999993,-135.8732398398291
2026-07-20,Shanti Nagar Mira Road,0,flat,-136.50999999999988,-154.97679094801748
2026-07-20,Shanti Nagar Mira Road,0,increased,746.0200000000002,763.4582078777468
2026-07-20,Shirgaon Badlapur,0,decreased,-409.2600000000001,-378.6489906089648
2026-07-20,Shirgaon Badlapur,0,flat,22.56999999999995,-60.02159170437454
2026-07-20,Shirgaon Badlapur,0,increased,907.68,869.4011065829695
2026-07-20,Shivaji Nagar Pune,0,decreased,-128.07999999999998,-120.68124660257504
2026-07-20,Shivaji Nagar Pune,0,flat,42.61999999999995,-164.16901308630622
2026-07-20,Shivaji Nagar Pune,0,increased,1177.3,1162.424665451337
2026-07-20,Shreenagar,0,decreased,-591.8999999999999,-617.973037302927
2026-07-20,Shreenagar,0,flat,76.44000000000021,116.10313308527475
2026-07-20,Shreenagar,0,increased,2711.01,2722.1354489388696
2026-07-20,Shriprastha Nalasopara West,0,decreased,-8.439999999999998,-8.409928803266673
2026-07-20,Shriprastha Nalasopara West,0,flat,47.68000000000003,130.383478960819
2026-07-20,Shriprastha Nalasopara West,0,increased,597.49,635.0778781934946
2026-07-20,Sion Koliwada,0,decreased,-187.87,-183.23579222671896
2026-07-20,Sion Koliwada,0,flat,155.02000000000012,258.9421729310254
2026-07-20,Sion Koliwada,0,increased,1959.0500000000002,1845.9226604967714
2026-07-20,Thakur Complex,0,decreased,-82.78999999999998,-92.86542643329244
2026-07-20,Thakur Complex,0,flat,205.25999999999985,431.77128621639537
2026-07-20,Thakur Complex,0,increased,2133.0499999999997,2129.7957951800054
2026-07-20,Thergaon,0,decreased,-372.85,-371.14189106882594
2026-07-20,Thergaon,0,flat,-176.13,-184.45598779759086
2026-07-20,Thergaon,0,increased,876.74,812.8139457143212
2026-07-20,Tilak Road Pune,0,decreased,-74.79999999999998,-104.66596186234956
2026-07-20,Tilak Road Pune,0,flat,-247.96999999999989,-386.0223135284367
2026-07-20,Tilak Road Pune,0,increased,982.3400000000001,956.7813364844964
2026-07-20,Tilaknagar,0,decreased,-163.14,-100.47739687793866
2026-07-20,Tilaknagar,0,flat,-14.570000000000114,-106.05750492879287
2026-07-20,Tilaknagar,0,increased,1831.51,1287.4651606255547
2026-07-20,Titwala,0,decreased,-288.95,-275.93068351524425
2026-07-20,Titwala,0,flat,241.81000000000006,-67.25045733459768
2026-07-20,Titwala,0,increased,1381.87,1262.4186133080234
2026-07-20,Trimurti Chowk Nashik,0,decreased,-8.439999999999998,-2.007833107244018
2026-07-20,Trimurti Chowk Nashik,0,flat,-446.73,-339.01498516387846
2026-07-20,Trimurti Chowk Nashik,0,increased,292.70000000000005,257.27966354813793
2026-07-20,Ulhas Nagar - Shahad,0,decreased,-469.57000000000005,-457.552919887547
2026-07-20,Ulhas Nagar - Shahad,0,flat,21.19999999999999,-75.93669647271177
2026-07-20,Ulhas Nagar - Shahad,0,increased,785.8499999999999,739.1246825906784
2026-07-20,Ulhas Nagar - Shreeram Chowk,0,decreased,-205.74999999999997,-187.09731737953862
2026-07-20,Ulhas Nagar - Shreeram Chowk,0,flat,-15.200000000000012,-209.5516746107814
2026-07-20,Ulhas Nagar - Shreeram Chowk,0,increased,672.96,622.2554961182194
2026-07-20,Ulhasnagar,0,decreased,-294.16,-295.1793544398138
2026-07-20,Ulhasnagar,0,flat,-14.510000000000105,13.468110382042976
2026-07-20,Ulhasnagar,0,increased,2225.92,2270.4096625126385
2026-07-20,Ulhasnagar - Humlog Circle,0,decreased,-118.00999999999999,-97.91097128514821
2026-07-20,Ulhasnagar - Humlog Circle,0,flat,66.7000000000001,-13.25630928900291
2026-07-20,Ulhasnagar - Humlog Circle,0,increased,1087.8799999999999,993.4526937331926
2026-07-20,Ulhasnagar - Khemani Chowk,0,decreased,-219.06,-220.92364305405698
2026-07-20,Ulhasnagar - Khemani Chowk,0,flat,-43.300000000000026,-110.00144550927035
2026-07-20,Ulhasnagar - Khemani Chowk,0,increased,784.6000000000003,788.4584754334825
2026-07-20,Ulhasnagar Sector 4,0,decreased,-365.15,-365.35692358185827
2026-07-20,Ulhasnagar Sector 4,0,flat,57.46000000000003,-19.534968942502843
2026-07-20,Ulhasnagar Sector 4,0,increased,1093.91,1029.560825531675
2026-07-20,Ulwe-Navi Mumbai,0,decreased,-186.90999999999997,-172.78915449439594
2026-07-20,Ulwe-Navi Mumbai,0,flat,-65.35000000000008,-180.43318606208442
2026-07-20,Ulwe-Navi Mumbai,0,increased,1618.6200000000001,1487.6520551730475
2026-07-20,Vakola,0,decreased,-71.60999999999999,-62.71385842713298
2026-07-20,Vakola,0,flat,46.280000000000015,-319.541447245028
2026-07-20,Vakola,0,increased,771.8599999999999,686.5443896750367
2026-07-20,Vasai West - Station Road,0,decreased,-234.78,-221.92991653136926
2026-07-20,Vasai West - Station Road,0,flat,-46.10000000000002,-218.93894236275304
2026-07-20,Vasai West - Station Road,0,increased,1595.1499999999999,1532.5800282966409
2026-07-20,Vashi,0,decreased,-396.44,-317.6555741923045
2026-07-20,Vashi,0,flat,41.08000000000009,-205.1946672322471
2026-07-20,Vashi,0,increased,3057.4300000000003,3043.8000181501056
2026-07-20,Vashi Sector 11,0,decreased,-128.0,-137.2625689239552
2026-07-20,Vashi Sector 11,0,flat,164.50999999999976,-60.34645036074959
2026-07-20,Vashi Sector 11,0,increased,1739.53,1775.4472033229697
2026-07-20,Veenanagar,0,decreased,-132.07,-84.01448614378893
2026-07-20,Veenanagar,0,flat,61.29999999999996,-60.713301088023194
2026-07-20,Veenanagar,0,increased,1361.29,1344.6659968459053
2026-07-20,Versova - Yari Road,0,decreased,-482.66999999999996,-329.79671686526206
2026-07-20,Versova - Yari Road,0,flat,-21.840000000000032,22.608508526359742
2026-07-20,Versova - Yari Road,0,increased,1256.2500000000002,1295.4385741433057
2026-07-20,Versova Andheri,0,decreased,-269.20000000000005,-214.11031951825464
2026-07-20,Versova Andheri,0,flat,-1917.5100000000002,-1250.0571603513924
2026-07-20,Versova Andheri,0,increased,2376.59,2375.0480061374474
2026-07-20,Vijay Nagari - Thane,0,decreased,-331.31000000000006,-199.86963461488676
2026-07-20,Vijay Nagari - Thane,0,flat,-64.57999999999984,-248.71940033673278
2026-07-20,Vijay Nagari - Thane,0,increased,2559.04,2521.383490268617
2026-07-20,Vikhroli,0,decreased,-754.0399999999998,-783.3595351938026
2026-07-20,Vikhroli,0,flat,-222.00999999999954,-635.2293448800374
2026-07-20,Vikhroli,0,increased,3307.8800000000006,3196.836604314606
2026-07-20,Vikhroli Kannamwar,0,decreased,-332.63999999999993,-328.44826867183536
2026-07-20,Vikhroli Kannamwar,0,flat,17.01000000000007,22.38876021025259
2026-07-20,Vikhroli Kannamwar,0,increased,1472.33,1324.395975354894
2026-07-20,Vile Parle,0,decreased,-141.92999999999998,-143.8223099262211
2026-07-20,Vile Parle,0,flat,-64.1099999999999,-172.57211713401844
2026-07-20,Vile Parle,0,increased,1460.23,1444.3411431593065
2026-07-20,Virar East,0,decreased,-365.12000000000006,-416.4991274252057
2026-07-20,Virar East,0,flat,10.21999999999992,-41.12743746313235
2026-07-20,Virar East,0,increased,1733.64,1751.926212601922
2026-07-20,Virar West,0,decreased,-89.11,-91.34849033128268
2026-07-20,Virar West,0,flat,44.61999999999984,27.028964304386523
2026-07-20,Virar West,0,increased,958.16,923.6841301438305
2026-07-20,Wadgaon Budruk Pune,0,decreased,-22.379999999999995,-3.51339999999999
2026-07-20,Wadgaon Budruk Pune,0,flat,932.5999999999999,234.2220582950517
2026-07-20,Wadgaon Budruk Pune,0,increased,525.1899999999999,529.2561428803888
2026-07-20,Wadgaon Sheri,0,decreased,-182.76999999999998,-175.73374414439343
2026-07-20,Wadgaon Sheri,0,flat,-15.369999999999933,-332.49007068433775
2026-07-20,Wadgaon Sheri,0,increased,945.4800000000001,945.8486603939647
2026-07-20,Wadgaon Sheri-Old Mundhwa Rd,0,decreased,-12.859999999999996,-7.960807111111109
2026-07-20,Wadgaon Sheri-Old Mundhwa Rd,0,flat,-63.55000000000001,-98.51142792915712
2026-07-20,Wadgaon Sheri-Old Mundhwa Rd,0,increased,554.3100000000001,549.1960790703198
2026-07-20,Wanawadi Pune,0,decreased,-29.730000000000018,-37.70665616393765
2026-07-20,Wanawadi Pune,0,flat,-12.560000000000013,63.37629823850499
2026-07-20,Wanawadi Pune,0,increased,1190.25,1201.4668653040635
2026-07-20,Warje Pune,0,decreased,-43.050000000000026,-42.70699801056654
2026-07-20,Warje Pune,0,flat,-12.77000000000005,-234.9802404710576
2026-07-20,Warje Pune,0,increased,410.96999999999997,338.8539110937833
2026-07-20,Wayale Nagar,0,decreased,-259.36,-239.30154756081504
2026-07-20,Wayale Nagar,0,flat,-126.88999999999976,107.91277579955478
2026-07-20,Wayale Nagar,0,increased,1727.2499999999998,878.3154584703162
2026-07-20,Yashodhan,0,decreased,-250.96000000000004,-243.57334695458346
2026-07-20,Yashodhan,0,flat,1745.66,-273.118284534274
2026-07-20,Yashodhan,0,increased,3404.51,3308.8827456716967
2026-07-20,Yogi Nagar,0,decreased,-76.13999999999999,-70.42021256401878
2026-07-20,Yogi Nagar,0,flat,-10.15999999999988,-79.65691766445833
2026-07-20,Yogi Nagar,0,increased,1269.19,1357.7870728891548
2026-07-20,Yogidham Kalyan,0,decreased,-51.70999999999998,-113.22105000000005
2026-07-20,Yogidham Kalyan,0,flat,-416.8109999999999,-464.13340482454623
2026-07-20,Yogidham Kalyan,0,increased,499.0574,371.1960938740854
2026-07-21,7 Rasta Byculla,0,decreased,-147.32999999999996,-179.87620038537673
2026-07-21,7 Rasta Byculla,0,flat,-71.38000000000005,-675.1108635275779
2026-07-21,7 Rasta Byculla,0,increased,752.3,632.4948399866821
2026-07-21,Airoli,0,decreased,-393.40999999999997,-280.0779907009045
2026-07-21,Airoli,0,flat,-262.77000000000004,-414.8049090464482
2026-07-21,Airoli,0,increased,2149.62,2038.7547571510195
2026-07-21,Airoli Sector - 3,0,decreased,-161.90999999999997,-158.23553336098317
2026-07-21,Airoli Sector - 3,0,flat,-106.8800000000001,30.95296999535394
2026-07-21,Airoli Sector - 3,0,increased,2029.42,1936.6327473215895
2026-07-21,Ambegaon Pune,0,decreased,-20.740000000000002,-21.083403555555567
2026-07-21,Ambegaon Pune,0,flat,28.739999999999952,120.47394863635455
2026-07-21,Ambegaon Pune,0,increased,591.04,572.6951121630494
2026-07-21,Ambernath East,0,decreased,-281.12,-308.55371612903224
2026-07-21,Ambernath East,0,flat,64.55,84.44446683789505
2026-07-21,Ambernath East,0,increased,600.38,579.4398262372471
2026-07-21,Ambernath West,0,decreased,-151.36,-139.36081070761975
2026-07-21,Ambernath West,0,flat,58.98000000000006,185.94153373347163
2026-07-21,Ambernath West,0,increased,1568.89,1536.3218632363867
2026-07-21,Ashokvan Dahisar,0,decreased,-244.44,-264.2568570453437
2026-07-21,Ashokvan Dahisar,0,flat,-196.36999999999978,-243.8333515214947
2026-07-21,Ashokvan Dahisar,0,increased,1419.4099999999999,1304.6455152845563
2026-07-21,Badlapur - Belavali,0,decreased,-559.0200000000001,-513.7988434252277
2026-07-21,Badlapur - Belavali,0,flat,-15.959999999999972,-41.1090881499575
2026-07-21,Badlapur - Belavali,0,increased,1023.39,903.5129246258624
2026-07-21,Badlapur East,0,decreased,-28.369999999999987,-23.909507540007294
2026-07-21,Badlapur East,0,flat,69.08999999999989,5.30963946794412
2026-07-21,Badlapur East,0,increased,602.6899999999999,606.1856310249439
2026-07-21,Bandra,1,decreased,-48.400000000000006,-92.79850597623837
2026-07-21,Bandra,1,flat,377.14000000000016,822.3625033170157
2026-07-21,Bandra,1,increased,2340.13,2357.727236907058
2026-07-21,Bhandup West,0,decreased,-421.83000000000004,-422.5630254308812
2026-07-21,Bhandup West,0,flat,-190.43999999999986,-74.04250354260543
2026-07-21,Bhandup West,0,increased,2944.5,2625.319762451976
2026-07-21,Bhayandar,0,decreased,-432.69,-386.74543183071467
2026-07-21,Bhayandar,0,flat,-139.37000000000003,-50.51546107893314
2026-07-21,Bhayandar,0,increased,2084.54,2118.347556006557
2026-07-21,Bhayander 60 Feet Road,0,decreased,-217.04000000000002,-201.78379899090584
2026-07-21,Bhayander 60 Feet Road,0,flat,-69.45000000000005,-73.17248055786261
2026-07-21,Bhayander 60 Feet Road,0,increased,962.54,935.2184428299338
2026-07-21,Bhekrainagar Pune,0,decreased,-24.979999999999983,-28.260204297787332
2026-07-21,Bhekrainagar Pune,0,flat,-4.610000000000005,30.120006819939285
2026-07-21,Bhekrainagar Pune,0,increased,532.0,485.41422654024734
2026-07-21,Bhiwandi - Shivaji Chowk,0,decreased,-89.06000000000003,-86.31334718016123
2026-07-21,Bhiwandi - Shivaji Chowk,0,flat,-218.48999999999992,-189.0738376400239
2026-07-21,Bhiwandi - Shivaji Chowk,0,increased,468.2300000000001,472.1139945307781
2026-07-21,Bhiwandi Dhamankar Naka,1,decreased,-292.18,-165.84894982757334
2026-07-21,Bhiwandi Dhamankar Naka,1,flat,-59.90000000000011,-270.27191607693936
2026-07-21,Bhiwandi Dhamankar Naka,1,increased,2325.11,2266.5213756509
2026-07-21,Bibwewadi Pune,0,decreased,-114.72999999999998,-160.5089895418643
2026-07-21,Bibwewadi Pune,0,flat,-118.48999999999995,-218.69275269696587
2026-07-21,Bibwewadi Pune,0,increased,2256.06,2057.8829296958284
2026-07-21,Bytco Point Nashik,0,decreased,-66.23999999999998,-61.713975989451896
2026-07-21,Bytco Point Nashik,0,flat,120.6,-2.4400466352058814
2026-07-21,Bytco Point Nashik,0,increased,476.90999999999997,422.45423246366096
2026-07-21,CST Bora Bazaar,0,decreased,-170.23999999999998,-202.36780531207785
2026-07-21,CST Bora Bazaar,0,flat,422.35999999999996,250.12427758818495
2026-07-21,CST Bora Bazaar,0,increased,1385.3100000000002,1249.4865481442691
2026-07-21,Chandivali,0,decreased,-114.32999999999998,-113.47768713442497
2026-07-21,Chandivali,0,flat,-129.90999999999985,-128.95952724972307
2026-07-21,Chandivali,0,increased,678.51,663.0393490627799
2026-07-21,Charkop,0,decreased,-57.660000000000004,-95.07238536517983
2026-07-21,Charkop,0,flat,-62.610000000000035,54.71314093845486
2026-07-21,Charkop,0,increased,3065.0299999999997,3005.6650744050958
2026-07-21,Chembur,0,decreased,-366.42,-299.98345991931353
2026-07-21,Chembur,0,flat,-36.05999999999993,-239.18862704857952
2026-07-21,Chembur,0,increased,2247.64,2227.515943229391
2026-07-21,Chinchwad,1,decreased,-33.77999999999999,-39.5394930939424
2026-07-21,Chinchwad,1,flat,93.4,113.12717385819006
2026-07-21,Chinchwad,1,increased,552.58,573.6832392221578
2026-07-21,Chinchwad - Gandhi Peth,1,decreased,-6.029999999999994,-6.015443953053236
2026-07-21,Chinchwad - Gandhi Peth,1,flat,-60.060000000000045,12.671239141556917
2026-07-21,Chinchwad - Gandhi Peth,1,increased,82.48000000000002,82.06906080287813
2026-07-21,Cidco Nashik,0,decreased,-126.45999999999998,-106.24710994597672
2026-07-21,Cidco Nashik,0,flat,-207.2000000000001,-282.9857856257208
2026-07-21,Cidco Nashik,0,increased,631.09,560.249908004014
2026-07-21,Colaba,1,decreased,-143.14999999999992,-91.64607129537447
2026-07-21,Colaba,1,flat,-6.940000000000044,-9.62274136888513
2026-07-21,Colaba,1,increased,875.2599999999999,778.480295663369
2026-07-21,Dadar East,0,decreased,-102.24999999999997,-90.09190771943983
2026-07-21,Dadar East,0,flat,-660.2099999999999,-71.86768935913824
2026-07-21,Dadar East,0,increased,737.68,747.6487347535685
2026-07-21,Dahisar,0,decreased,-205.90000000000003,-199.43669375590486
2026-07-21,Dahisar,0,flat,11.05000000000003,-122.46911527130892
2026-07-21,Dahisar,0,increased,1281.21,1193.7673111593058
2026-07-21,Dattnagar,0,decreased,-16.929999999999993,-16.88537275631991
2026-07-21,Dattnagar,0,flat,119.02999999999999,-25.452443742261117
2026-07-21,Dattnagar,0,increased,1079.33,915.4534768590087
2026-07-21,Dhanakwadi,0,decreased,-143.68999999999994,-145.1267925489263
2026-07-21,Dhanakwadi,0,flat,-38.99000000000001,-183.40178387596922
2026-07-21,Dhanakwadi,0,increased,835.87,797.0004274264104
2026-07-21,Dhanori Pune,0,decreased,-80.44000000000003,-80.19220994475143
2026-07-21,Dhanori Pune,0,flat,37.870000000000005,-76.31341312969495
2026-07-21,Dhanori Pune,0,increased,1491.15,1395.3064493784818
2026-07-21,Dhayari Pune,0,decreased,-2.009999999999998,-4.360999038735097
2026-07-21,Dhayari Pune,0,flat,-13.590000000000007,-131.62767796486926
2026-07-21,Dhayari Pune,0,increased,403.56000000000006,541.1059527970461
2026-07-21,Dighi Pune,1,decreased,-155.51999999999995,53.726666666666716
2026-07-21,Dighi Pune,1,flat,143.87000000000012,-338.88378243201686
2026-07-21,Dighi Pune,1,increased,251.22000000000003,252.81389553163373
2026-07-21,Dombivali,0,decreased,-141.89999999999998,-139.70128727621395
2026-07-21,Dombivali,0,flat,-154.46999999999994,-328.236390662743
2026-07-21,Dombivali,0,increased,1583.56,1562.245989582245
2026-07-21,Dombivali - Navpada,0,decreased,-408.13,-403.5802587176058
2026-07-21,Dombivali - Navpada,0,flat,-122.68999999999997,-19.885924546775055
2026-07-21,Dombivali - Navpada,0,increased,741.3199999999999,698.3197668118621
2026-07-21,Dombivali - Reti Bunder,0,decreased,-351.2075000000001,-285.2669787959915
2026-07-21,Dombivali - Reti Bunder,0,flat,106.78819999999999,46.71397602383177
2026-07-21,Dombivali - Reti Bunder,0,increased,540.6728,574.6648491535728
2026-07-21,Dombivli West,0,decreased,-255.63999999999993,-295.2366176831113
2026-07-21,Dombivli West,0,flat,11.480000000000043,14.538534804671515
2026-07-21,Dombivli West,0,increased,2642.69,2676.1230705593744
2026-07-21,Evershine Nagar,0,decreased,-58.05999999999996,-29.590820432085945
2026-07-21,Evershine Nagar,0,flat,43.41000000000006,25.855145003414695
2026-07-21,Evershine Nagar,0,increased,873.64,854.656248355463
2026-07-21,Fam Society - Koperkhairne,0,decreased,-241.50999999999993,-206.2519319068087
2026-07-21,Fam Society - Koperkhairne,0,flat,416.6399999999999,-96.82066689727294
2026-07-21,Fam Society - Koperkhairne,0,increased,2852.9500000000003,2715.6134551616306
2026-07-21,Fursungi Pune,0,decreased,-223.81000000000003,-242.26100381353126
2026-07-21,Fursungi Pune,0,flat,-58.02999999999984,43.903293500330975
2026-07-21,Fursungi Pune,0,increased,976.8299999999999,959.6778042571246
2026-07-21,Ghansoli,0,decreased,-334.5899999999999,-303.9850217955244
2026-07-21,Ghansoli,0,flat,245.39999999999975,61.84049807375071
2026-07-21,Ghansoli,0,increased,3396.14,3138.7114139453406
2026-07-21,Ghatkopar East,0,decreased,-226.17999999999995,-156.79381728742095
2026-07-21,Ghatkopar East,0,flat,-62.88000000000004,-178.29445395550366
2026-07-21,Ghatkopar East,0,increased,1626.9900000000002,1631.7984142972052
2026-07-21,Ghatkopar West,0,decreased,-214.90999999999997,-191.7749021675964
2026-07-21,Ghatkopar West,0,flat,73.1,-163.5218125974786
2026-07-21,Ghatkopar West,0,increased,1764.0900000000001,1689.0252855901242
2026-07-21,Ghodapdeo - Byculla,0,decreased,-116.07999999999997,-115.31437553321658
2026-07-21,Ghodapdeo - Byculla,0,flat,146.6,-1.1856856704077678
2026-07-21,Ghodapdeo - Byculla,0,increased,846.71,741.7448716858195
2026-07-21,Global City Virar West,0,decreased,-108.53999999999996,-87.48188428679468
2026-07-21,Global City Virar West,0,flat,-100.19000000000011,-138.035056878974
2026-07-21,Global City Virar West,0,increased,1060.76,928.6232638388163
2026-07-21,Goregaon,1,decreased,-189.16000000000003,-203.38615679285692
2026-07-21,Goregaon,1,flat,-272.74000000000035,-261.68670868253406
2026-07-21,Goregaon,1,increased,2247.47,2287.8406934269237
2026-07-21,Goregaon West S.V. Road,1,decreased,-516.93,-507.40519859598623
2026-07-21,Goregaon West S.V. Road,1,flat,806.8299999999999,47.798459215275244
2026-07-21,Goregaon West S.V. Road,1,increased,1751.0900000000001,1482.5457055127167
2026-07-21,Govandi,0,decreased,-464.78,-480.5830381712768
2026-07-21,Govandi,0,flat,66.41999999999999,-28.703333118451283
2026-07-21,Govandi,0,increased,3405.9300000000003,3406.414752837499
2026-07-21,Gujrat Colony Kothrud,0,decreased,-67.48999999999992,-19.67082359619985
2026-07-21,Gujrat Colony Kothrud,0,flat,-2.75,-39.823859725709745
2026-07-21,Gujrat Colony Kothrud,0,increased,218.98000000000002,226.98023205205902
2026-07-21,Gulab Nagar Pune,0,decreased,-474.87000000000006,-481.4894605105665
2026-07-21,Gulab Nagar Pune,0,flat,-44.019999999999996,-61.686202848894965
2026-07-21,Gulab Nagar Pune,0,increased,661.4399999999998,516.5569534103055
2026-07-21,Hari Om Nagar,0,decreased,-308.21,-326.432767298475
2026-07-21,Hari Om Nagar,0,flat,-381.22000000000014,105.88868936736225
2026-07-21,Hari Om Nagar,0,increased,1526.28,1460.3732133282942
2026-07-21,Hiltron Ulhasnagar,0,decreased,-128.88999999999996,-135.86433746396852
2026-07-21,Hiltron Ulhasnagar,0,flat,179.91000000000003,51.27965788601329
2026-07-21,Hiltron Ulhasnagar,0,increased,1424.43,1420.6914194973895
2026-07-21,Hiranandani Thane,0,decreased,-143.48999999999998,-167.67262812778114
2026-07-21,Hiranandani Thane,0,flat,528.8100000000003,290.308391853645
2026-07-21,Hiranandani Thane,0,increased,2302.78,2279.7367236858863
2026-07-21,IC Colony Borivali,0,decreased,-267.03999999999996,-259.46892326836075
2026-07-21,IC Colony Borivali,0,flat,508.5900000000002,-80.83259939376157
2026-07-21,IC Colony Borivali,0,increased,3368.1300000000006,3604.2387365531076
2026-07-21,JB Nagar,0,decreased,-214.44,-106.47256442061361
2026-07-21,JB Nagar,0,flat,-33.01000000000032,-389.2155189541593
2026-07-21,JB Nagar,0,increased,3526.28,3452.2212656360653
2026-07-21,JJ Hospital,0,decreased,-182.7,-166.08854999388132
2026-07-21,JJ Hospital,0,flat,55.92999999999992,-41.650828962283846
2026-07-21,JJ Hospital,0,increased,3517.6700000000005,3582.726520045759
2026-07-21,Jagruti Nagar Ghatkopar,0,decreased,-135.57,-132.95069650041683
2026-07-21,Jagruti Nagar Ghatkopar,0,flat,-2.5400000000000205,-18.89909950401701
2026-07-21,Jagruti Nagar Ghatkopar,0,increased,874.6,868.695913175493
2026-07-21,Jail Road Nashik,0,decreased,-33.67,-33.64812698412696
2026-07-21,Jail Road Nashik,0,flat,-39.760000000000005,-207.37782141739797
2026-07-21,Jail Road Nashik,0,increased,529.2499999999999,456.31252987545014
2026-07-21,Jay VIjay Nagar Nalasopara East,0,decreased,-201.4700000000003,-234.80398082430656
2026-07-21,Jay VIjay Nagar Nalasopara East,0,flat,-18.950000000000024,-90.22945288336642
2026-07-21,Jay VIjay Nagar Nalasopara East,0,increased,649.6400000000001,670.1339937030871
2026-07-21,Kalamboli,0,decreased,-141.54999999999998,-126.42022306997683
2026-07-21,Kalamboli,0,flat,-50.94000000000004,-16.508596008738532
2026-07-21,Kalamboli,0,increased,1089.8799999999999,1068.4084521701106
2026-07-21,Kalher Bhiwandi,0,decreased,-408.95,-416.7604204155016
2026-07-21,Kalher Bhiwandi,0,flat,-57.75999999999985,33.04013464351288
2026-07-21,Kalher Bhiwandi,0,increased,2131.75,2184.015847554569
2026-07-21,Kalina,0,decreased,-55.53999999999999,25.221043948046926
2026-07-21,Kalina,0,flat,35.91000000000003,28.05183666252097
2026-07-21,Kalina,0,increased,1328.3400000000001,1291.7354236980739
2026-07-21,Kalwa,0,decreased,-299.7199999999999,-313.8625963593829
2026-07-21,Kalwa,0,flat,-129.64999999999986,-214.90137286033888
2026-07-21,Kalwa,0,increased,3388.87,3339.599192584117
2026-07-21,Kalyan,0,decreased,-66.16,-64.93609404631181
2026-07-21,Kalyan,0,flat,9.609999999999976,-67.02917868257184
2026-07-21,Kalyan,0,increased,943.73,888.6131691915225
2026-07-21,Kalyan - DB Chowk,0,decreased,-142.41,-134.82018955263354
2026-07-21,Kalyan - DB Chowk,0,flat,-95.4400000000001,-140.0427966575125
2026-07-21,Kalyan - DB Chowk,0,increased,710.34,715.5961308138077
2026-07-21,Kalyan East-Tisgaon Naka,0,decreased,-142.08999999999997,-141.69738285734522
2026-07-21,Kalyan East-Tisgaon Naka,0,flat,13.759999999999952,-77.98833134125925
2026-07-21,Kalyan East-Tisgaon Naka,0,increased,771.64,749.8895200998014
2026-07-21,Kalyan West Club Road,0,decreased,-116.95000000000002,-142.80642288949284
2026-07-21,Kalyan West Club Road,0,flat,-101.77999999999994,-155.94297000380308
2026-07-21,Kalyan West Club Road,0,increased,1033.7,999.8183820205973
2026-07-21,Kamotha,0,decreased,-608.5899999999999,-655.9925046648448
2026-07-21,Kamotha,0,flat,39.860000000000085,-99.35770395509503
2026-07-21,Kamotha,0,increased,2632.52,2603.89173822716
2026-07-21,Kamothe - Sector 36,0,decreased,-25.049999999999997,-37.91785069965343
2026-07-21,Kamothe - Sector 36,0,flat,225.10000000000008,-75.63217631487645
2026-07-21,Kamothe - Sector 36,0,increased,995.2799999999999,923.6224082682405
2026-07-21,Kandivali East,0,decreased,-122.44999999999996,-127.03515981935175
2026-07-21,Kandivali East,0,flat,8.029999999999966,-186.01391945318466
2026-07-21,Kandivali East,0,increased,1519.94,1650.6335843601105
2026-07-21,Kandivali West,0,decreased,-53.609999999999985,-49.09704996313507
2026-07-21,Kandivali West,0,flat,-32.95000000000003,-0.6608427076945631
2026-07-21,Kandivali West,0,increased,617.0300000000001,610.6640087316786
2026-07-21,Kasarvadavali Thane,0,decreased,-404.96000000000004,-398.72728046071416
2026-07-21,Kasarvadavali Thane,0,flat,3.880000000000031,-46.431643320075665
2026-07-21,Kasarvadavali Thane,0,increased,1412.0399999999997,1240.2105528895206
2026-07-21,Katrap Badlapur East,0,decreased,-78.21999999999994,-76.38258265930428
2026-07-21,Katrap Badlapur East,0,flat,-12.919999999999984,-8.365961764369457
2026-07-21,Katrap Badlapur East,0,increased,750.6,727.1013463993904
2026-07-21,Khadki Pune,0,decreased,-17.339999999999996,-17.30992880326668
2026-07-21,Khadki Pune,0,flat,0.8100000000000165,-36.51135043409975
2026-07-21,Khadki Pune,0,increased,479.6600000000001,418.75682610803267
2026-07-21,Khanda Colony,1,decreased,-234.18000000000006,-150.30526416739139
2026-07-21,Khanda Colony,1,flat,142.90999999999997,101.1174624514708
2026-07-21,Khanda Colony,1,increased,1162.42,1104.9697495196076
2026-07-21,Khar West,1,decreased,-227.96,-134.68261956353388
2026-07-21,Khar West,1,flat,-56.20000000000003,15.119934304233787
2026-07-21,Khar West,1,increased,1156.44,1110.0795790911984
2026-07-21,Kharghar,0,decreased,-262.22,-274.2773980533462
2026-07-21,Kharghar,0,flat,295.71,-123.53820366396802
2026-07-21,Kharghar,0,increased,2997.26,2962.5039630150536
2026-07-21,Kharghar Sector 12,0,decreased,-273.29,-231.90604061328906
2026-07-21,Kharghar Sector 12,0,flat,-137.42000000000021,-378.5344251634617
2026-07-21,Kharghar Sector 12,0,increased,1450.3800000000003,1402.4887471821928
2026-07-21,Khopat,0,decreased,-172.17,-204.85451646747435
2026-07-21,Khopat,0,flat,75.68999999999997,-63.80793694020391
2026-07-21,Khopat,0,increased,2750.02,2793.7334398362573
2026-07-21,Khutwad Nagar Nashik,0,decreased,-79.52999999999999,-75.93767455984761
2026-07-21,Khutwad Nagar Nashik,0,flat,11.33,61.373353503091316
2026-07-21,Khutwad Nagar Nashik,0,increased,348.07,289.9114947575205
2026-07-21,Kolsheth,0,decreased,-238.52000000000004,-255.20852368467945
2026-07-21,Kolsheth,0,flat,-2.510000000000069,-301.2546245305718
2026-07-21,Kolsheth,0,increased,3103.28,3038.2786518039006
2026-07-21,Kopar Khairane,0,decreased,-577.61,-510.43261458975076
2026-07-21,Kopar Khairane,0,flat,-45.98999999999991,-280.8413476766668
2026-07-21,Kopar Khairane,0,increased,3268.81,2821.861575223207
2026-07-21,Kopari Thane,0,decreased,-100.54999999999998,-106.95825911560667
2026-07-21,Kopari Thane,0,flat,-878.1499999999997,-816.9448157305716
2026-07-21,Kopari Thane,0,increased,668.0300000000001,931.5629769213442
2026-07-21,Koper Khairane - Sector 7,0,decreased,-124.77999999999997,-103.27676285514714
2026-07-21,Koper Khairane - Sector 7,0,flat,-180.25,-164.1160737484002
2026-07-21,Koper Khairane - Sector 7,0,increased,1455.0799999999997,1384.8475731799322
2026-07-21,Kulgaon Badlapur West,0,decreased,-145.15999999999997,-78.29247906736038
2026-07-21,Kulgaon Badlapur West,0,flat,-27.030000000000058,-385.58475026118765
2026-07-21,Kulgaon Badlapur West,0,increased,1437.16,1512.266579226419
2026-07-21,Kurla,0,decreased,-456.96,-446.9321925248906
2026-07-21,Kurla,0,flat,-57.369999999999976,-71.20175720890224
2026-07-21,Kurla,0,increased,1355.98,1385.678671797503
2026-07-21,Kurla West,0,decreased,-532.3499999999999,-527.4413428334235
2026-07-21,Kurla West,0,flat,-4.16999999999997,-105.89690432346129
2026-07-21,Kurla West,0,increased,2095.2400000000002,2039.880863423707
2026-07-21,Lower Parel - SJ Marg,0,decreased,-134.18999999999997,-144.47583116971387
2026-07-21,Lower Parel - SJ Marg,0,flat,345.23999999999995,20.629492846402563
2026-07-21,Lower Parel - SJ Marg,0,increased,778.73,726.0419285537821
2026-07-21,Mahakali,0,decreased,-633.2499999999999,-595.2846447707933
2026-07-21,Mahakali,0,flat,236.43999999999997,71.80986059983232
2026-07-21,Mahakali,0,increased,2295.65,2194.008540519738
2026-07-21,Mahavir Pride Dombivali,0,decreased,-196.32999999999996,-177.9115359575208
2026-07-21,Mahavir Pride Dombivali,0,flat,14.029999999999916,121.98029863995787
2026-07-21,Mahavir Pride Dombivali,0,increased,1527.45,1414.7025181572612
2026-07-21,Mahim West,0,decreased,-578.24,-485.99781988852624
2026-07-21,Mahim West,0,flat,-35.8999999999999,-35.37996896756448
2026-07-21,Mahim West,0,increased,1392.3300000000002,1349.983224133378
2026-07-21,Malad,0,decreased,-210.24,-202.75548452049588
2026-07-21,Malad,0,flat,164.37000000000015,138.0603271462704
2026-07-21,Malad,0,increased,2944.6,2629.319296355753
2026-07-21,Malad Liberty Garden,0,decreased,-226.09999999999997,-240.19969703880096
2026-07-21,Malad Liberty Garden,0,flat,28.340000000000032,-176.12556133938327
2026-07-21,Malad Liberty Garden,0,increased,2159.9399999999996,1419.624190289819
2026-07-21,Malwani,0,decreased,-123.01999999999997,-122.5592766052325
2026-07-21,Malwani,0,flat,126.47999999999998,141.00406782557957
2026-07-21,Malwani,0,increased,1283.64,1217.2971625777673
2026-07-21,Marol,0,decreased,-125.33000000000003,-125.06312593677757
2026-07-21,Marol,0,flat,-159.5099999999999,-328.4642800326646
2026-07-21,Marol,0,increased,2683.47,2659.3762794783756
2026-07-21,Mharal Ulhasnagar,0,decreased,-221.60999999999999,-195.85154220925992
2026-07-21,Mharal Ulhasnagar,0,flat,-191.77999999999992,-310.26152691852917
2026-07-21,Mharal Ulhasnagar,0,increased,1416.21,1371.158344283794
2026-07-21,Mhasrul Nashik,0,decreased,-120.16000000000003,-161.5045080187056
2026-07-21,Mhasrul Nashik,0,flat,39.7800000000001,-72.47477275021356
2026-07-21,Mhasrul Nashik,0,increased,777.92,739.9223400275224
2026-07-21,Mira Road,0,decreased,-265.89,-310.3138631916029
2026-07-21,Mira Road,0,flat,-6.249999999999986,80.77893174858315
2026-07-21,Mira Road,0,increased,874.93,894.7721451211421
2026-07-21,Mira Road - GCC Club Road,0,decreased,-57.03000000000003,-56.999928803266705
2026-07-21,Mira Road - GCC Club Road,0,flat,-547.64,-647.8664033704566
2026-07-21,Mira Road - GCC Club Road,0,increased,257.48,243.94286487653204
2026-07-21,Mira Road Jangid Complex,0,decreased,-237.42000000000007,-241.3851263476535
2026-07-21,Mira Road Jangid Complex,0,flat,55.580000000000226,66.32988108505265
2026-07-21,Mira Road Jangid Complex,0,increased,2015.1999999999998,1812.7128612296551
2026-07-21,Mohan Nagar Kandivali,0,decreased,-130.73000000000008,-74.60990359755979
2026-07-21,Mohan Nagar Kandivali,0,flat,1075.0,941.0411152565907
2026-07-21,Mohan Nagar Kandivali,0,increased,1040.98,960.5107641991469
2026-07-21,Mulund East,0,decreased,-293.11,-217.47615691442613
2026-07-21,Mulund East,0,flat,-11.969999999999938,-224.22741741815346
2026-07-21,Mulund East,0,increased,4066.52,3967.1040968891325
2026-07-21,Mulund Panch Rasta,0,decreased,-63.19000000000004,-63.0726239228476
2026-07-21,Mulund Panch Rasta,0,flat,57.11999999999996,89.86743968963876
2026-07-21,Mulund Panch Rasta,0,increased,1213.84,1200.460086904804
2026-07-21,Mulund West,0,decreased,-463.9599999999999,-456.6603545825254
2026-07-21,Mulund West,0,flat,56.04000000000002,-122.74472459114048
2026-07-21,Mulund West,0,increased,2234.1800000000003,2314.322971798148
2026-07-21,Mulund West-Sarvodaya Nagar,0,decreased,-42.33999999999998,-39.09137169894265
2026-07-21,Mulund West-Sarvodaya Nagar,0,flat,-78.50000000000006,-137.86424683141428
2026-07-21,Mulund West-Sarvodaya Nagar,0,increased,2300.52,2271.5481470019845
2026-07-21,Mundhwa Pune,0,decreased,-100.95,-106.51143334872123
2026-07-21,Mundhwa Pune,0,flat,-109.53000000000013,-49.23850124893495
2026-07-21,Mundhwa Pune,0,increased,506.52,484.2589201164912
2026-07-21,NIBM Kondwa,0,decreased,-406.42,-379.54762721589805
2026-07-21,NIBM Kondwa,0,flat,-105.61999999999995,-108.83927914066727
2026-07-21,NIBM Kondwa,0,increased,2279.36,2299.836199778477
2026-07-21,Nahur West,0,decreased,-367.18,-331.6925086112535
2026-07-21,Nahur West,0,flat,760.84,332.6542012720614
2026-07-21,Nahur West,0,increased,1841.8600000000001,1792.686544804061
2026-07-21,Nalasopara - Yashwant Nagar,0,decreased,-72.21000000000004,-44.000635787545775
2026-07-21,Nalasopara - Yashwant Nagar,0,flat,24.449999999999957,89.72940198758513
2026-07-21,Nalasopara - Yashwant Nagar,0,increased,1246.7700000000002,1438.6827745410528
2026-07-21,Nalasopara West,0,decreased,-18.889999999999993,-18.825005590884423
2026-07-21,Nalasopara West,0,flat,-211.48999999999987,-131.50652807369283
2026-07-21,Nalasopara West,0,increased,1416.6000000000001,1397.6255378999779
2026-07-21,Narhe Pune,0,decreased,-132.51,-133.47834767978327
2026-07-21,Narhe Pune,0,flat,0.24999999999995737,-86.6185123408666
2026-07-21,Narhe Pune,0,increased,534.2799999999997,480.8817909286402
2026-07-21,Naupada,0,decreased,-163.51999999999998,-140.75331224832712
2026-07-21,Naupada,0,flat,78.86999999999978,-65.37040561377296
2026-07-21,Naupada,0,increased,2623.79,2364.459299909297
2026-07-21,Navare Nagar Ambernath,0,decreased,-236.40000000000003,-275.35677215702066
2026-07-21,Navare Nagar Ambernath,0,flat,-37.04000000000002,-105.20066506895421
2026-07-21,Navare Nagar Ambernath,0,increased,1361.1200000000001,1282.0611102233756
2026-07-21,Navi Peth Pune,0,decreased,-535.0699999999999,-835.5565955388212
2026-07-21,Navi Peth Pune,0,flat,31.670000000000073,-7.154731138794837
2026-07-21,Navi Peth Pune,0,increased,708.1500000000001,599.7753685557502
2026-07-21,Navjeevan Mumbai Central,0,decreased,-405.81,-277.70049122567485
2026-07-21,Navjeevan Mumbai Central,0,flat,-192.91999999999996,-123.50522783819119
2026-07-21,Navjeevan Mumbai Central,0,increased,2176.66,2173.725991067272
2026-07-21,Nerul East,0,decreased,-450.27,-446.72434309058565
2026-07-21,Nerul East,0,flat,-59.29000000000008,-58.56260486008255
2026-07-21,Nerul East,0,increased,2711.51,2370.605631763105
2026-07-21,Nerul West,0,decreased,-104.36999999999992,-89.80384349898304
2026-07-21,Nerul West,0,flat,-100.81000000000003,-139.4129815096907
2026-07-21,Nerul West,0,increased,2167.32,2078.365450388537
2026-07-21,New Panvel,0,decreased,-356.42,-344.1409759150432
2026-07-21,New Panvel,0,flat,59.56999999999991,93.3905976194059
2026-07-21,New Panvel,0,increased,1315.74,1190.0455338898662
2026-07-21,Old Panvel,0,decreased,-101.99000000000005,-118.90376934995943
2026-07-21,Old Panvel,0,flat,-46.92999999999968,-261.0356711844821
2026-07-21,Old Panvel,0,increased,763.1,658.1605645708407
2026-07-21,Palegaon Ambernath,0,decreased,-193.79999999999998,-196.51542161856656
2026-07-21,Palegaon Ambernath,0,flat,-40.409999999999975,-100.192574835683
2026-07-21,Palegaon Ambernath,0,increased,699.3100000000001,596.4457865512123
2026-07-21,Panchpakhadi,0,decreased,-252.76000000000002,-237.948289232473
2026-07-21,Panchpakhadi,0,flat,16.899999999999967,-160.9187370569755
2026-07-21,Panchpakhadi,0,increased,1724.9899999999998,1594.2014330432633
2026-07-21,Pantnagar,0,decreased,-198.56999999999994,-267.51019710992034
2026-07-21,Pantnagar,0,flat,-4.619999999999923,-154.31347492783323
2026-07-21,Pantnagar,0,increased,1143.76,1013.0754172254057
2026-07-21,Panvel - Uran Naka,0,decreased,-316.61,-316.50996349263255
2026-07-21,Panvel - Uran Naka,0,flat,6.15000000000002,-42.53030924678614
2026-07-21,Panvel - Uran Naka,0,increased,807.9700000000001,798.7226241609374
2026-07-21,Phadke Road - Dombivali,0,decreased,-86.35999999999997,-77.4030651391005
2026-07-21,Phadke Road - Dombivali,0,flat,133.41000000000003,-249.93884261846335
2026-07-21,Phadke Road - Dombivali,0,increased,1464.3899999999999,1405.3272070859389
2026-07-21,Pimple Gurav,0,decreased,-8.969999999999978,-39.44127283516127
2026-07-21,Pimple Gurav,0,flat,30.56999999999999,-168.36485955961672
2026-07-21,Pimple Gurav,0,increased,814.2100000000002,731.3242852104547
2026-07-21,Prabhadevi,0,decreased,-582.77,-588.4159911496913
2026-07-21,Prabhadevi,0,flat,29.160000000000025,23.344964456502023
2026-07-21,Prabhadevi,0,increased,1960.76,1923.0788176241238
2026-07-21,Pragati Nagar Nalasopara East,0,decreased,-352.88999999999993,-333.3431932382449
2026-07-21,Pragati Nagar Nalasopara East,0,flat,408.18000000000035,-4.870765924430675
2026-07-21,Pragati Nagar Nalasopara East,0,increased,730.61,658.3832746853093
2026-07-21,Rajawadi,0,decreased,-129.14,-140.14878746014955
2026-07-21,Rajawadi,0,flat,-2.7399999999999807,-34.45583039404247
2026-07-21,Rajawadi,0,increased,1941.62,1861.295933955109
2026-07-21,Roadpali Kalamboli,0,decreased,-19.619999999999987,-20.854905341126763
2026-07-21,Roadpali Kalamboli,0,flat,-53.75,4.473058139773782
2026-07-21,Roadpali Kalamboli,0,increased,1017.1899999999999,1025.5222852983516
2026-07-21,Rupee Nagar Pune,0,decreased,-150.85,-147.80577218402442
2026-07-21,Rupee Nagar Pune,0,flat,-301.2499999999999,-163.9610735459783
2026-07-21,Rupee Nagar Pune,0,increased,284.25,277.4497900441724
2026-07-21,Saibaba Nagar,0,decreased,-67.43999999999998,-64.76922435344751
2026-07-21,Saibaba Nagar,0,flat,165.6900000000001,-81.6941744412174
2026-07-21,Saibaba Nagar,0,increased,1040.3,1082.0334876851418
2026-07-21,Sakinaka - Pipeline Road,0,decreased,-41.709999999999994,-39.012631991441566
2026-07-21,Sakinaka - Pipeline Road,0,flat,-52.06999999999993,-22.825778247495442
2026-07-21,Sakinaka - Pipeline Road,0,increased,771.6100000000002,695.041533628208
2026-07-21,Sanpada,1,decreased,-189.39000000000004,-186.30087698788412
2026-07-21,Sanpada,1,flat,-32.569999999999965,-296.54859899778927
2026-07-21,Sanpada,1,increased,2325.57,2344.747625377657
2026-07-21,Santa Cruz SV Road,0,decreased,-171.73000000000008,-191.17908751412247
2026-07-21,Santa Cruz SV Road,0,flat,-72.24,-44.41474876796189
2026-07-21,Santa Cruz SV Road,0,increased,1286.6399999999999,1267.852415740765
2026-07-21,"Santoshi Mata Road, Kalyan West",0,decreased,-153.67,-157.68924635494045
2026-07-21,"Santoshi Mata Road, Kalyan West",0,flat,-185.24999999999983,-233.61304085342474
2026-07-21,"Santoshi Mata Road, Kalyan West",0,increased,1485.82,1411.040397397593
2026-07-21,Sasane Nagar Pune,1,decreased,-50.32000000000001,-72.20699292841802
2026-07-21,Sasane Nagar Pune,1,flat,29.309999999999967,-31.061101447638265
2026-07-21,Sasane Nagar Pune,1,increased,978.2900000000001,824.1449177926821
2026-07-21,Seawoods,0,decreased,-235.72000000000003,-221.51518963297798
2026-07-21,Seawoods,0,flat,159.07999999999993,37.03471565266757
2026-07-21,Seawoods,0,increased,2690.2200000000003,2686.8238132255105
2026-07-21,Sector 3 - New Panvel,0,decreased,-16.689999999999998,-13.587502865253871
2026-07-21,Sector 3 - New Panvel,0,flat,149.08,-136.6249549780516
2026-07-21,Sector 3 - New Panvel,0,increased,1492.32,1510.8000994112508
2026-07-21,Shanti Nagar Mira Road,0,decreased,-110.05999999999999,-104.40295229148643
2026-07-21,Shanti Nagar Mira Road,0,flat,-32.900000000000006,-10.378701134166661
2026-07-21,Shanti Nagar Mira Road,0,increased,451.45,434.028466669996
2026-07-21,Shirgaon Badlapur,0,decreased,-313.28,-309.3859233469755
2026-07-21,Shirgaon Badlapur,0,flat,-98.80000000000015,1.915840301229614
2026-07-21,Shirgaon Badlapur,0,increased,1045.3200000000002,1025.7695290432343
2026-07-21,Shivaji Nagar Pune,0,decreased,-78.62999999999998,-48.249755792280794
2026-07-21,Shivaji Nagar Pune,0,flat,53.53000000000008,13.658605063648032
2026-07-21,Shivaji Nagar Pune,0,increased,1465.23,1400.5619965714827
2026-07-21,Shreenagar,0,decreased,-171.51999999999992,-278.7377609754056
2026-07-21,Shreenagar,0,flat,932.9000000000002,385.3052319120276
2026-07-21,Shreenagar,0,increased,2612.2000000000003,2580.2056481428463
2026-07-21,Shriprastha Nalasopara West,0,decreased,-130.81999999999996,-126.26390479271856
2026-07-21,Shriprastha Nalasopara West,0,flat,75.57999999999998,-80.25297076976375
2026-07-21,Shriprastha Nalasopara West,0,increased,623.1399999999999,606.6744651808249
2026-07-21,Sion Koliwada,0,decreased,-126.02000000000001,-152.7737734290157
2026-07-21,Sion Koliwada,0,flat,191.35000000000014,190.72522689915522
2026-07-21,Sion Koliwada,0,increased,1380.0500000000002,1345.2552516230098
2026-07-21,Thakur Complex,0,decreased,-232.24999999999994,-143.47027736809338
2026-07-21,Thakur Complex,0,flat,-101.64999999999984,-289.76918813460713
2026-07-21,Thakur Complex,0,increased,2727.64,2705.3095936381937
2026-07-21,Thergaon,0,decreased,-146.57,-97.97342248140015
2026-07-21,Thergaon,0,flat,-39.74999999999999,57.629474407808296
2026-07-21,Thergaon,0,increased,789.72,792.6546435685075
2026-07-21,Tilak Road Pune,0,decreased,-63.89,-133.59008117195484
2026-07-21,Tilak Road Pune,0,flat,-283.4899999999998,-421.5838284430961
2026-07-21,Tilak Road Pune,0,increased,939.45,949.5862242155919
2026-07-21,Tilaknagar,0,decreased,-300.48999999999995,-288.18320938880794
2026-07-21,Tilaknagar,0,flat,106.59000000000013,0.132169482107086
2026-07-21,Tilaknagar,0,increased,1820.25,1833.2912775728857
2026-07-21,Titwala,0,decreased,-247.1200000000001,-290.79012016726654
2026-07-21,Titwala,0,flat,94.44999999999999,-38.17937994070226
2026-07-21,Titwala,0,increased,1173.85,1125.4320169891128
2026-07-21,Trimurti Chowk Nashik,0,decreased,-43.57000000000001,-47.73380858415155
2026-07-21,Trimurti Chowk Nashik,0,flat,-32.31000000000002,-72.86522933883754
2026-07-21,Trimurti Chowk Nashik,0,increased,539.62,540.4115184956286
2026-07-21,Ulhas Nagar - Shahad,0,decreased,-302.78999999999996,-286.06106385426773
2026-07-21,Ulhas Nagar - Shahad,0,flat,36.24999999999994,9.057772721217015
2026-07-21,Ulhas Nagar - Shahad,0,increased,992.6600000000001,996.1619481442173
2026-07-21,Ulhas Nagar - Shreeram Chowk,0,decreased,-549.78,-539.6683722548058
2026-07-21,Ulhas Nagar - Shreeram Chowk,0,flat,-129.0199999999999,-98.37651078834679
2026-07-21,Ulhas Nagar - Shreeram Chowk,0,increased,618.9599999999999,592.6767670392054
2026-07-21,Ulhasnagar,0,decreased,-158.30999999999997,-148.76006205867438
2026-07-21,Ulhasnagar,0,flat,-110.21999999999994,-179.3446480713192
2026-07-21,Ulhasnagar,0,increased,2378.54,2415.239548916478
2026-07-21,Ulhasnagar - Humlog Circle,0,decreased,-86.03000000000002,-68.88259932350142
2026-07-21,Ulhasnagar - Humlog Circle,0,flat,-2.8699999999999797,-2.7439496349634673
2026-07-21,Ulhasnagar - Humlog Circle,0,increased,1011.0,1018.8493119395788
2026-07-21,Ulhasnagar - Khemani Chowk,0,decreased,-98.08000000000001,-96.08850942396194
2026-07-21,Ulhasnagar - Khemani Chowk,0,flat,-55.64999999999996,-96.08512516231511
2026-07-21,Ulhasnagar - Khemani Chowk,0,increased,1046.6200000000001,957.3269341099614
2026-07-21,Ulhasnagar Sector 4,0,decreased,-143.66999999999996,-147.4836498880441
2026-07-21,Ulhasnagar Sector 4,0,flat,323.40999999999997,57.368593850622204
2026-07-21,Ulhasnagar Sector 4,0,increased,1555.38,1581.2817330290568
2026-07-21,Ulwe-Navi Mumbai,0,decreased,-157.75000000000006,-84.7147031286877
2026-07-21,Ulwe-Navi Mumbai,0,flat,22.500000000000085,-75.98770170918964
2026-07-21,Ulwe-Navi Mumbai,0,increased,2231.64,2431.6646311961586
2026-07-21,Vakola,0,decreased,-145.04000000000002,-109.7742416541859
2026-07-21,Vakola,0,flat,-35.99999999999997,-7.436569203581314
2026-07-21,Vakola,0,increased,1303.6100000000001,1285.5221966576055
2026-07-21,Vasai West - Station Road,0,decreased,-438.1,-447.06319652808065
2026-07-21,Vasai West - Station Road,0,flat,-124.67000000000009,-241.46661552599906
2026-07-21,Vasai West - Station Road,0,increased,1592.54,1660.012913372026
2026-07-21,Vashi,0,decreased,-226.53000000000003,-250.54004402343352
2026-07-21,Vashi,0,flat,-100.41999999999993,-214.71690275360368
2026-07-21,Vashi,0,increased,3209.36,3171.770927908613
2026-07-21,Vashi Sector 11,0,decreased,-62.66999999999999,-68.4665376463473
2026-07-21,Vashi Sector 11,0,flat,-84.63000000000004,-41.71378243294505
2026-07-21,Vashi Sector 11,0,increased,1394.53,1368.4084836699988
2026-07-21,Veenanagar,0,decreased,-184.18000000000006,-162.81791745664657
2026-07-21,Veenanagar,0,flat,205.17999999999998,-206.47998552137983
2026-07-21,Veenanagar,0,increased,1384.54,1427.6343592470937
2026-07-21,Versova - Yari Road,0,decreased,-252.19,-235.83869553228226
2026-07-21,Versova - Yari Road,0,flat,4.429999999999966,60.53022978251477
2026-07-21,Versova - Yari Road,0,increased,1247.48,1039.316366565104
2026-07-21,Versova Andheri,0,decreased,-171.47999999999996,-149.21677189145854
2026-07-21,Versova Andheri,0,flat,110.89000000000027,-25.70058692725169
2026-07-21,Versova Andheri,0,increased,2389.39,2243.9118286670464
2026-07-21,Vijay Nagari - Thane,0,decreased,-173.26000000000008,-127.93087859629236
2026-07-21,Vijay Nagari - Thane,0,flat,-78.86999999999995,95.2121592852213
2026-07-21,Vijay Nagari - Thane,0,increased,2827.86,3212.990723771268
2026-07-21,Vikhroli,0,decreased,-716.5999999999999,-709.9709447020713
2026-07-21,Vikhroli,0,flat,-145.59999999999985,-249.4101864666807
2026-07-21,Vikhroli,0,increased,3249.25,3116.397455412967
2026-07-21,Vikhroli Kannamwar,0,decreased,-205.73999999999995,-220.7810907668565
2026-07-21,Vikhroli Kannamwar,0,flat,162.2499999999999,241.8950124128935
2026-07-21,Vikhroli Kannamwar,0,increased,1566.7900000000002,1405.2570533871146
2026-07-21,Vile Parle,0,decreased,-106.61999999999998,-105.81392629280634
2026-07-21,Vile Parle,0,flat,-34.68,-10.498510448844158
2026-07-21,Vile Parle,0,increased,1100.7,1075.872927057231
2026-07-21,Virar East,0,decreased,-119.82000000000002,-110.7400007469601
2026-07-21,Virar East,0,flat,-161.52999999999992,-35.06888332424154
2026-07-21,Virar East,0,increased,1365.13,1377.5312542965887
2026-07-21,Virar West,0,decreased,-57.61000000000001,-51.25720766915163
2026-07-21,Virar West,0,flat,106.32999999999997,-304.48209133585476
2026-07-21,Virar West,0,increased,993.0199999999999,941.6160828512249
2026-07-21,Wadgaon Budruk Pune,0,decreased,-32.01,-31.949857606533353
2026-07-21,Wadgaon Budruk Pune,0,flat,-27.830000000000048,5.785832865135454
2026-07-21,Wadgaon Budruk Pune,0,increased,425.44,424.7420962543587
2026-07-21,Wadgaon Sheri,0,decreased,-79.30999999999999,-92.69058794033941
2026-07-21,Wadgaon Sheri,0,flat,890.1500000000001,198.6988543894708
2026-07-21,Wadgaon Sheri,0,increased,1373.3700000000001,1333.80481632135
2026-07-21,Wadgaon Sheri-Old Mundhwa Rd,0,decreased,-121.88999999999997,-35.538442135288825
2026-07-21,Wadgaon Sheri-Old Mundhwa Rd,0,flat,-162.12999999999982,-212.28208415106812
2026-07-21,Wadgaon Sheri-Old Mundhwa Rd,0,increased,776.33,702.8464761635985
2026-07-21,Wanawadi Pune,0,decreased,-86.39000000000004,-87.62565913618099
2026-07-21,Wanawadi Pune,0,flat,-16.259999999999966,-49.45016847141732
2026-07-21,Wanawadi Pune,0,increased,580.5799999999999,452.5681569920456
2026-07-21,Warje Pune,0,decreased,-129.25,-152.3220560300101
2026-07-21,Warje Pune,0,flat,-113.4899999999999,-92.23985236749287
2026-07-21,Warje Pune,0,increased,458.31000000000006,455.4913312537161
2026-07-21,Wayale Nagar,0,decreased,-398.1,-387.59104218240157
2026-07-21,Wayale Nagar,0,flat,3.149999999999931,-62.06411037359441
2026-07-21,Wayale Nagar,0,increased,1030.05,998.4257636473268
2026-07-21,Yashodhan,0,decreased,-584.9399999999999,-574.1257623224398
2026-07-21,Yashodhan,0,flat,48.74000000000041,-362.0953870810207
2026-07-21,Yashodhan,0,increased,3622.96,3552.8578780603675
2026-07-21,Yogi Nagar,0,decreased,-268.44000000000005,-263.8332253223514
2026-07-21,Yogi Nagar,0,flat,376.4100000000002,-33.25597946915234
2026-07-21,Yogi Nagar,0,increased,1255.4099999999999,1320.032328447981
2026-07-21,Yogidham Kalyan,0,decreased,-117.14199999999997,-153.4094684230267
2026-07-21,Yogidham Kalyan,0,flat,-564.0637,-644.6055001650031
2026-07-21,Yogidham Kalyan,0,increased,607.0210999999999,440.8589539101947
2026-07-22,7 Rasta Byculla,0,decreased,-223.53999999999996,-214.63376438434346
2026-07-22,7 Rasta Byculla,0,flat,18.76000000000008,-218.69984913606427
2026-07-22,7 Rasta Byculla,0,increased,1081.66,1029.8344912637012
2026-07-22,Airoli,0,decreased,-233.57,-208.555555013236
2026-07-22,Airoli,0,flat,-222.29999999999984,-499.03985772765697
2026-07-22,Airoli,0,increased,2758.65,2433.4538531577155
2026-07-22,Airoli Sector - 3,0,decreased,-240.35999999999999,-220.77636141639087
2026-07-22,Airoli Sector - 3,0,flat,74.78999999999992,-12.663436822055939
2026-07-22,Airoli Sector - 3,0,increased,1325.8600000000001,1198.706026162133
2026-07-22,Ambegaon Pune,0,decreased,-62.47999999999999,-62.448656716935666
2026-07-22,Ambegaon Pune,0,flat,-97.67000000000003,-116.86016198438179
2026-07-22,Ambegaon Pune,0,increased,884.0400000000001,798.4675968212873
2026-07-22,Ambernath East,0,decreased,-32.57000000000003,-33.50418872294879
2026-07-22,Ambernath East,0,flat,-61.650000000000006,-71.12873269133917
2026-07-22,Ambernath East,0,increased,815.78,818.7855423354537
2026-07-22,Ambernath West,0,decreased,-43.31999999999999,-48.48049140980001
2026-07-22,Ambernath West,0,flat,-75.09999999999991,-2.0585290301600363
2026-07-22,Ambernath West,0,increased,685.71,686.8277351058462
2026-07-22,Ashokvan Dahisar,0,decreased,-161.18999999999997,-141.1874329641859
2026-07-22,Ashokvan Dahisar,0,flat,17.420000000000172,-57.949296093413096
2026-07-22,Ashokvan Dahisar,0,increased,1356.2,1302.8842117708318
2026-07-22,Badlapur - Belavali,0,decreased,-340.39000000000004,-1799.6241659937957
2026-07-22,Badlapur - Belavali,0,flat,-149.42999999999998,-614.3063246936642
2026-07-22,Badlapur - Belavali,0,increased,749.1399999999999,689.8531986464902
2026-07-22,Badlapur East,0,decreased,-47.51,-38.58461446789824
2026-07-22,Badlapur East,0,flat,-12.580000000000034,-38.5613682632521
2026-07-22,Badlapur East,0,increased,904.1200000000002,664.697291069788
2026-07-22,Bandra,1,decreased,-203.10999999999996,-205.92073744720705
2026-07-22,Bandra,1,flat,34.3,-272.9576960979141
2026-07-22,Bandra,1,increased,2276.4900000000002,2159.3197902238853
2026-07-22,Bhandup West,0,decreased,-91.54999999999997,2.2552390905085353
2026-07-22,Bhandup West,0,flat,13.309999999999963,-156.51778696264412
2026-07-22,Bhandup West,0,increased,1582.6000000000001,1515.358563216186
2026-07-22,Bhayandar,0,decreased,-391.03000000000003,-317.0540868226599
2026-07-22,Bhayandar,0,flat,36.91999999999998,26.133867701943586
2026-07-22,Bhayandar,0,increased,1742.18,1603.4573193486508
2026-07-22,Bhayander 60 Feet Road,0,decreased,-265.5799999999999,-263.4758596621741
2026-07-22,Bhayander 60 Feet Road,0,flat,3.810000000000194,-93.88702399571076
2026-07-22,Bhayander 60 Feet Road,0,increased,833.17,861.6599933528429
2026-07-22,Bhekrainagar Pune,0,decreased,-166.24000000000004,-165.20728115461478
2026-07-22,Bhekrainagar Pune,0,flat,188.32999999999993,1.2912414389835272
2026-07-22,Bhekrainagar Pune,0,increased,382.25,365.61884766494273
2026-07-22,Bhiwandi - Shivaji Chowk,0,decreased,-125.41999999999999,-115.32843152580475
2026-07-22,Bhiwandi - Shivaji Chowk,0,flat,-15.640000000000002,-103.53979269699569
2026-07-22,Bhiwandi - Shivaji Chowk,0,increased,460.48,453.4698989480552
2026-07-22,Bhiwandi Dhamankar Naka,1,decreased,-235.62,-222.24272424254718
2026-07-22,Bhiwandi Dhamankar Naka,1,flat,-34.330000000000034,-115.11363365361541
2026-07-22,Bhiwandi Dhamankar Naka,1,increased,1644.4099999999999,1320.820986373772
2026-07-22,Bibwewadi Pune,0,decreased,-41.24999999999999,-49.851119379636415
2026-07-22,Bibwewadi Pune,0,flat,-74.81000000000003,-57.12919406935813
2026-07-22,Bibwewadi Pune,0,increased,2029.8300000000002,1955.5465721261003
2026-07-22,Bytco Point Nashik,0,decreased,-327.32000000000005,-325.86612178140393
2026-07-22,Bytco Point Nashik,0,flat,-63.56999999999991,-218.47567164909705
2026-07-22,Bytco Point Nashik,0,increased,753.09,702.7459784912497
2026-07-22,CST Bora Bazaar,0,decreased,-223.93,-224.90630433153396
2026-07-22,CST Bora Bazaar,0,flat,58.519999999999925,-61.26990764438403
2026-07-22,CST Bora Bazaar,0,increased,1484.9699999999998,1066.0088748928947
2026-07-22,Chandivali,0,decreased,-131.43,-129.41935922681748
2026-07-22,Chandivali,0,flat,-7.760000000000069,-2.538462106882262
2026-07-22,Chandivali,0,increased,866.8699999999999,812.332864714855
2026-07-22,Charkop,0,decreased,-121.93,-119.72093967349284
2026-07-22,Charkop,0,flat,310.4399999999999,332.4926852418673
2026-07-22,Charkop,0,increased,1687.28,1539.3549993633158
2026-07-22,Chembur,0,decreased,-159.42,-178.2602414938533
2026-07-22,Chembur,0,flat,-190.53999999999988,-318.8164672683181
2026-07-22,Chembur,0,increased,2988.85,2926.220315215188
2026-07-22,Chinchwad,1,decreased,-79.71999999999998,-34.03035038309424
2026-07-22,Chinchwad,1,flat,43.03000000000003,100.52631767833576
2026-07-22,Chinchwad,1,increased,690.9399999999999,567.7874173033683
2026-07-22,Chinchwad - Gandhi Peth,1,decreased,-88.00999999999999,-62.73401988953513
2026-07-22,Chinchwad - Gandhi Peth,1,flat,-42.909999999999975,269.2844034890643
2026-07-22,Chinchwad - Gandhi Peth,1,increased,534.61,489.1035900902812
2026-07-22,Cidco Nashik,0,decreased,-70.88,-62.39509552362253
2026-07-22,Cidco Nashik,0,flat,-20.470000000000063,-226.80863725915282
2026-07-22,Cidco Nashik,0,increased,623.62,571.806226255372
2026-07-22,Colaba,1,decreased,-67.31999999999998,-50.861637031111925
2026-07-22,Colaba,1,flat,29.969999999999875,280.3510601213356
2026-07-22,Colaba,1,increased,1495.0600000000002,1420.3218048222757
2026-07-22,Dadar East,0,decreased,-94.32999999999998,-74.4863824787717
2026-07-22,Dadar East,0,flat,7.729999999999977,64.55748910645372
2026-07-22,Dadar East,0,increased,797.55,779.1894227794087
2026-07-22,Dahisar,0,decreased,-120.59999999999997,-96.43071326243196
2026-07-22,Dahisar,0,flat,-82.49000000000008,-55.347319000290014
2026-07-22,Dahisar,0,increased,1319.01,1293.2285655285857
2026-07-22,Dattnagar,0,decreased,-70.91999999999999,-74.56466230238381
2026-07-22,Dattnagar,0,flat,8.899999999999999,-200.3570471827714
2026-07-22,Dattnagar,0,increased,1721.46,1695.0241670908454
2026-07-22,Dhanakwadi,0,decreased,-75.77999999999999,-96.64170215634937
2026-07-22,Dhanakwadi,0,flat,-53.78999999999999,-46.64204960629664
2026-07-22,Dhanakwadi,0,increased,1462.39,1319.8011210967416
2026-07-22,Dhanori Pune,0,decreased,-131.48999999999995,-287.43024655172417
2026-07-22,Dhanori Pune,0,flat,-190.75000000000003,-220.76356678204164
2026-07-22,Dhanori Pune,0,increased,756.7899999999997,533.1987836979072
2026-07-22,Dhayari Pune,0,decreased,-133.79999999999995,-146.79543827098695
2026-07-22,Dhayari Pune,0,flat,-34.430000000000035,-50.05971444083761
2026-07-22,Dhayari Pune,0,increased,668.4499999999999,607.3494899954667
2026-07-22,Dighi Pune,1,decreased,-46.41999999999999,-40.2454663889953
2026-07-22,Dighi Pune,1,flat,-52.549999999999955,-123.33964029430024
2026-07-22,Dighi Pune,1,increased,549.4,560.1994587974292
2026-07-22,Dombivali,0,decreased,-62.73000000000003,-56.56157277728363
2026-07-22,Dombivali,0,flat,-185.12999999999994,-176.46826520734464
2026-07-22,Dombivali,0,increased,1592.74,1602.0576874077874
2026-07-22,Dombivali - Navpada,0,decreased,-50.10999999999997,-32.31648741638692
2026-07-22,Dombivali - Navpada,0,flat,-47.83000000000008,-113.33530195118001
2026-07-22,Dombivali - Navpada,0,increased,781.1400000000001,686.6258756231347
2026-07-22,Dombivali - Reti Bunder,0,decreased,-49.0002,-55.16668621157968
2026-07-22,Dombivali - Reti Bunder,0,flat,-8.085300000000014,11.941393395836263
2026-07-22,Dombivali - Reti Bunder,0,increased,678.4692,654.7177418659594
2026-07-22,Dombivli West,0,decreased,-286.49,-252.4605441927044
2026-07-22,Dombivli West,0,flat,-58.07000000000011,-212.47899363571605
2026-07-22,Dombivli West,0,increased,2564.83,2544.435414326285
2026-07-22,Evershine Nagar,0,decreased,-13.309999999999999,-23.34261263536882
2026-07-22,Evershine Nagar,0,flat,-16.739999999999952,-127.61209948691862
2026-07-22,Evershine Nagar,0,increased,683.4799999999999,657.5207977098636
2026-07-22,Fam Society - Koperkhairne,0,decreased,-243.28000000000014,-228.4568817184042
2026-07-22,Fam Society - Koperkhairne,0,flat,120.54999999999986,129.67100556120445
2026-07-22,Fam Society - Koperkhairne,0,increased,1991.38,1831.7910083467495
2026-07-22,Fursungi Pune,0,decreased,-100.76000000000002,-75.57788179212969
2026-07-22,Fursungi Pune,0,flat,-9.710000000000008,-95.49144800045913
2026-07-22,Fursungi Pune,0,increased,667.0500000000001,597.9956436226422
2026-07-22,Ghansoli,0,decreased,-167.45000000000005,-175.36700839171812
2026-07-22,Ghansoli,0,flat,89.0799999999999,-80.02987807534457
2026-07-22,Ghansoli,0,increased,2364.2,2128.101129447804
2026-07-22,Ghatkopar East,0,decreased,-239.88000000000005,-222.62734001346215
2026-07-22,Ghatkopar East,0,flat,-23.089999999999904,144.48694523886002
2026-07-22,Ghatkopar East,0,increased,2993.78,2262.0456200461595
2026-07-22,Ghatkopar West,0,decreased,-145.11,-416.88564670099527
2026-07-22,Ghatkopar West,0,flat,-258.99000000000007,-326.04093771947225
2026-07-22,Ghatkopar West,0,increased,1685.77,1644.6171449613582
2026-07-22,Ghodapdeo - Byculla,0,decreased,-48.10999999999998,-40.0167807131043
2026-07-22,Ghodapdeo - Byculla,0,flat,-91.49000000000004,14.574769662031738
2026-07-22,Ghodapdeo - Byculla,0,increased,889.84,849.8586116382224
2026-07-22,Global City Virar West,0,decreased,-101.34,-114.12264762416267
2026-07-22,Global City Virar West,0,flat,15.970000000000008,-30.699100074470717
2026-07-22,Global City Virar West,0,increased,1021.96,867.252906853062
2026-07-22,Goregaon,1,decreased,-159.09999999999988,-74.32767601465522
2026-07-22,Goregaon,1,flat,882.7499999999999,197.21908355535402
2026-07-22,Goregaon,1,increased,2361.1000000000004,2250.6820547905286
2026-07-22,Goregaon West S.V. Road,1,decreased,-92.53999999999998,-95.2398207523887
2026-07-22,Goregaon West S.V. Road,1,flat,73.46000000000015,130.75646890191115
2026-07-22,Goregaon West S.V. Road,1,increased,1164.48,1119.9969639058047
2026-07-22,Govandi,0,decreased,-271.4200000000001,-288.27425153051604
2026-07-22,Govandi,0,flat,-44.52000000000007,-108.25793123589412
2026-07-22,Govandi,0,increased,2407.51,2372.369131547292
2026-07-22,Gujrat Colony Kothrud,0,decreased,-49.709999999999994,-60.778039601289365
2026-07-22,Gujrat Colony Kothrud,0,flat,37.760000000000076,36.352706777134486
2026-07-22,Gujrat Colony Kothrud,0,increased,416.1,383.2028764414472
2026-07-22,Gulab Nagar Pune,0,decreased,-119.32999999999998,-113.58680051397035
2026-07-22,Gulab Nagar Pune,0,flat,-5.420000000000062,-238.98635812322675
2026-07-22,Gulab Nagar Pune,0,increased,1083.56,1037.7560375030505
2026-07-22,Hari Om Nagar,0,decreased,-90.00999999999999,-134.1290724541886
2026-07-22,Hari Om Nagar,0,flat,-1633.54,19.292539139794265
2026-07-22,Hari Om Nagar,0,increased,1242.07,1094.9090507607755
2026-07-22,Hiltron Ulhasnagar,0,decreased,-184.26999999999998,-165.98879435635354
2026-07-22,Hiltron Ulhasnagar,0,flat,-42.64000000000008,47.30999248398108
2026-07-22,Hiltron Ulhasnagar,0,increased,934.82,630.1363237500688
2026-07-22,Hiranandani Thane,0,decreased,-95.87999999999997,-98.49112347012033
2026-07-22,Hiranandani Thane,0,flat,-71.42000000000009,-124.43442910340086
2026-07-22,Hiranandani Thane,0,increased,2395.49,2162.845410954047
2026-07-22,IC Colony Borivali,0,decreased,-194.56999999999996,-180.09435796260203
2026-07-22,IC Colony Borivali,0,flat,115.16000000000008,-146.35329570703
2026-07-22,IC Colony Borivali,0,increased,2919.0200000000004,2845.3511555503687
2026-07-22,JB Nagar,0,decreased,-242.76,-228.2785043166698
2026-07-22,JB Nagar,0,flat,285.25999999999993,-89.57797099512996
2026-07-22,JB Nagar,0,increased,2310.8,2208.0633845312177
2026-07-22,JJ Hospital,0,decreased,-425.15,-426.409441226436
2026-07-22,JJ Hospital,0,flat,363.75,-550.4862715139402
2026-07-22,JJ Hospital,0,increased,2480.93,2404.512275916149
2026-07-22,Jagruti Nagar Ghatkopar,0,decreased,-109.77000000000004,-80.64251903492287
2026-07-22,Jagruti Nagar Ghatkopar,0,flat,-130.8899999999999,-70.32614620763387
2026-07-22,Jagruti Nagar Ghatkopar,0,increased,717.7099999999999,662.9374678263457
2026-07-22,Jail Road Nashik,0,decreased,-168.37999999999997,-226.96741379571063
2026-07-22,Jail Road Nashik,0,flat,163.42999999999995,331.4800307556484
2026-07-22,Jail Road Nashik,0,increased,715.68,641.3114466543473
2026-07-22,Jay VIjay Nagar Nalasopara East,0,decreased,0.0,-48.614119065656574
2026-07-22,Jay VIjay Nagar Nalasopara East,0,flat,76.40000000000009,-8.680016268864193
2026-07-22,Jay VIjay Nagar Nalasopara East,0,increased,873.1500000000001,919.0736277357355
2026-07-22,Kalamboli,0,decreased,-69.12999999999998,-69.48307339763467
2026-07-22,Kalamboli,0,flat,-130.39999999999992,-264.79898313943727
2026-07-22,Kalamboli,0,increased,779.1600000000001,758.9388258226771
2026-07-22,Kalher Bhiwandi,0,decreased,-415.03,-207.05860729581292
2026-07-22,Kalher Bhiwandi,0,flat,-14.540000000000063,-207.14971370874062
2026-07-22,Kalher Bhiwandi,0,increased,1781.73,1815.6260929744028
2026-07-22,Kalina,0,decreased,-121.44,-121.05417746206992
2026-07-22,Kalina,0,flat,278.9100000000001,176.72548398019862
2026-07-22,Kalina,0,increased,1069.55,956.7165296353853
2026-07-22,Kalwa,0,decreased,-205.73000000000002,-106.5816325798834
2026-07-22,Kalwa,0,flat,-42.15999999999995,-99.61015648834808
2026-07-22,Kalwa,0,increased,3814.4700000000003,3827.2830438936903
2026-07-22,Kalyan,0,decreased,-416.77,-385.14547640455334
2026-07-22,Kalyan,0,flat,505.3399999999999,57.68735652524105
2026-07-22,Kalyan,0,increased,1057.75,1041.8629251415189
2026-07-22,Kalyan - DB Chowk,0,decreased,-82.59000000000002,-74.05932975852281
2026-07-22,Kalyan - DB Chowk,0,flat,180.37000000000006,39.187306832498365
2026-07-22,Kalyan - DB Chowk,0,increased,454.27000000000004,427.86215568830255
2026-07-22,Kalyan East-Tisgaon Naka,0,decreased,-130.94000000000003,-131.62913979894267
2026-07-22,Kalyan East-Tisgaon Naka,0,flat,-57.96000000000005,-11.411411341341733
2026-07-22,Kalyan East-Tisgaon Naka,0,increased,769.0900000000001,910.5570015745343
2026-07-22,Kalyan West Club Road,0,decreased,-94.52999999999997,-111.44636624207499
2026-07-22,Kalyan West Club Road,0,flat,-31.33000000000001,157.0976026487531
2026-07-22,Kalyan West Club Road,0,increased,1115.55,1108.8917562697316
2026-07-22,Kamotha,0,decreased,-1753.3999999999999,-1235.9771981112394
2026-07-22,Kamotha,0,flat,-195.18000000000012,-605.3888667323786
2026-07-22,Kamotha,0,increased,2865.01,2724.6521077511
2026-07-22,Kamothe - Sector 36,0,decreased,-40.730000000000004,-35.40715912088048
2026-07-22,Kamothe - Sector 36,0,flat,-8.220000000000017,-210.72339058811022
2026-07-22,Kamothe - Sector 36,0,increased,588.2500000000001,525.4547978303686
2026-07-22,Kandivali East,0,decreased,-10.959999999999994,-14.625295968702154
2026-07-22,Kandivali East,0,flat,206.0800000000001,-224.65986644221178
2026-07-22,Kandivali East,0,increased,1428.12,1195.5942186524344
2026-07-22,Kandivali West,0,decreased,-80.92000000000002,-59.190468085106374
2026-07-22,Kandivali West,0,flat,38.76999999999998,59.21483744900024
2026-07-22,Kandivali West,0,increased,362.37,352.4355198657447
2026-07-22,Kasarvadavali Thane,0,decreased,-142.82999999999998,-143.4734092060587
2026-07-22,Kasarvadavali Thane,0,flat,-114.27000000000012,72.82005733402195
2026-07-22,Kasarvadavali Thane,0,increased,991.53,898.5054954170606
2026-07-22,Katrap Badlapur East,0,decreased,-57.78999999999999,-49.53386015926492
2026-07-22,Katrap Badlapur East,0,flat,-17.199999999999967,-38.309326665902745
2026-07-22,Katrap Badlapur East,0,increased,600.01,431.87381866142124
2026-07-22,Khadki Pune,0,decreased,-169.11,-163.09343216981134
2026-07-22,Khadki Pune,0,flat,38.960000000000036,-12.581070271882034
2026-07-22,Khadki Pune,0,increased,868.5,857.0790523235094
2026-07-22,Khanda Colony,1,decreased,-223.67000000000002,-200.6404331472877
2026-07-22,Khanda Colony,1,flat,-63.79,-74.837663729107
2026-07-22,Khanda Colony,1,increased,1448.91,1422.7905122476616
2026-07-22,Khar West,1,decreased,-401.9200000000001,-400.39649014593493
2026-07-22,Khar West,1,flat,65.46999999999983,-31.344372989435026
2026-07-22,Khar West,1,increased,813.24,727.1550866242553
2026-07-22,Kharghar,0,decreased,-383.48,-320.15614468167394
2026-07-22,Kharghar,0,flat,352.02999999999975,213.52395901191812
2026-07-22,Kharghar,0,increased,2963.61,2873.608616576825
2026-07-22,Kharghar Sector 12,0,decreased,-249.44000000000003,-215.52863116905422
2026-07-22,Kharghar Sector 12,0,flat,-100.82000000000005,-116.48010361070276
2026-07-22,Kharghar Sector 12,0,increased,1835.9800000000002,1813.3177558441137
2026-07-22,Khopat,0,decreased,-87.85000000000007,-129.45602705186974
2026-07-22,Khopat,0,flat,-58.99000000000006,-111.790826880163
2026-07-22,Khopat,0,increased,2140.73,2075.0015867793823
2026-07-22,Khutwad Nagar Nashik,0,decreased,-27.94999999999999,-27.895668725022066
2026-07-22,Khutwad Nagar Nashik,0,flat,1.8999999999999986,-18.90311461184877
2026-07-22,Khutwad Nagar Nashik,0,increased,97.89000000000001,90.44295591064663
2026-07-22,Kolsheth,0,decreased,-145.14000000000004,-124.48147294222981
2026-07-22,Kolsheth,0,flat,891.2299999999998,884.7564872401899
2026-07-22,Kolsheth,0,increased,3000.33,2802.2172351411195
2026-07-22,Kopar Khairane,0,decreased,-210.07,-213.76461587537622
2026-07-22,Kopar Khairane,0,flat,241.44999999999993,185.49245869844816
2026-07-22,Kopar Khairane,0,increased,2215.7200000000003,1856.975427077809
2026-07-22,Kopari Thane,0,decreased,-207.42,-209.35726455074877
2026-07-22,Kopari Thane,0,flat,-534.07,-503.0935027964151
2026-07-22,Kopari Thane,0,increased,1321.3799999999999,1047.0106096901693
2026-07-22,Koper Khairane - Sector 7,0,decreased,-244.85999999999996,-200.59153932488732
2026-07-22,Koper Khairane - Sector 7,0,flat,-70.92999999999967,-5.246724653199415
2026-07-22,Koper Khairane - Sector 7,0,increased,1166.8,858.9312662886518
2026-07-22,Kulgaon Badlapur West,0,decreased,-194.5,-167.02780220331215
2026-07-22,Kulgaon Badlapur West,0,flat,-36.51999999999997,-9.978406295943044
2026-07-22,Kulgaon Badlapur West,0,increased,1329.0600000000002,1314.931559829298
2026-07-22,Kurla,0,decreased,-304.10999999999996,-289.59584899922083
2026-07-22,Kurla,0,flat,-81.81000000000002,-160.96941445560026
2026-07-22,Kurla,0,increased,1395.3300000000002,1372.3248651175227
2026-07-22,Kurla West,0,decreased,-647.45,-647.6822024442772
2026-07-22,Kurla West,0,flat,-4.949999999999902,-0.3547078200297724
2026-07-22,Kurla West,0,increased,1557.78,1521.8138296887735
2026-07-22,Lower Parel - SJ Marg,0,decreased,-169.68,-150.83815350925812
2026-07-22,Lower Parel - SJ Marg,0,flat,10.290000000000017,14.302389273126868
2026-07-22,Lower Parel - SJ Marg,0,increased,884.4900000000001,916.111431889816
2026-07-22,Mahakali,0,decreased,-332.4100000000001,-378.59836802917437
2026-07-22,Mahakali,0,flat,194.94999999999976,155.83520006576714
2026-07-22,Mahakali,0,increased,2377.3,2293.5604276084446
2026-07-22,Mahavir Pride Dombivali,0,decreased,-108.18000000000002,-96.68765600352624
2026-07-22,Mahavir Pride Dombivali,0,flat,16.170000000000062,-13.550647821450514
2026-07-22,Mahavir Pride Dombivali,0,increased,900.54,831.8309529418804
2026-07-22,Mahim West,0,decreased,-157.70999999999998,-152.14182724310214
2026-07-22,Mahim West,0,flat,-53.57999999999992,51.52003113095923
2026-07-22,Mahim West,0,increased,1407.73,1194.847881900161
2026-07-22,Malad,0,decreased,-392.1,-370.36310003825093
2026-07-22,Malad,0,flat,-106.78999999999989,17.588591352280616
2026-07-22,Malad,0,increased,2801.26,2308.1735587062835
2026-07-22,Malad Liberty Garden,0,decreased,-49.42000000000001,-40.00673439415113
2026-07-22,Malad Liberty Garden,0,flat,-114.57000000000015,-116.34879489520885
2026-07-22,Malad Liberty Garden,0,increased,1611.08,1645.2119930530434
2026-07-22,Malwani,0,decreased,-130.72000000000003,-130.6613119614238
2026-07-22,Malwani,0,flat,-90.92000000000002,-119.27531534424713
2026-07-22,Malwani,0,increased,1043.85,982.0606876389481
2026-07-22,Marol,0,decreased,-154.28999999999996,-109.21784351691718
2026-07-22,Marol,0,flat,4538.66,1059.0634967888598
2026-07-22,Marol,0,increased,2245.68,1953.4710587353954
2026-07-22,Mharal Ulhasnagar,0,decreased,-356.21,-311.937355231883
2026-07-22,Mharal Ulhasnagar,0,flat,357.18,-828.1130671726557
2026-07-22,Mharal Ulhasnagar,0,increased,1232.81,1119.9090802094738
2026-07-22,Mhasrul Nashik,0,decreased,-195.71999999999997,-113.26605093639071
2026-07-22,Mhasrul Nashik,0,flat,50.96999999999998,47.41895947509788
2026-07-22,Mhasrul Nashik,0,increased,403.60999999999996,326.73991528932527
2026-07-22,Mira Road,0,decreased,-70.64999999999999,-69.69911839439976
2026-07-22,Mira Road,0,flat,58.14000000000016,-7.937105052601002
2026-07-22,Mira Road,0,increased,1039.94,983.7277203048469
2026-07-22,Mira Road - GCC Club Road,0,decreased,-13.400000000000006,-10.008825000000002
2026-07-22,Mira Road - GCC Club Road,0,flat,-165.85000000000008,-153.04882182434406
2026-07-22,Mira Road - GCC Club Road,0,increased,240.11000000000004,223.11626556802642
2026-07-22,Mira Road Jangid Complex,0,decreased,-130.16000000000014,-145.13286943282006
2026-07-22,Mira Road Jangid Complex,0,flat,19.159999999999947,39.08909286405563
2026-07-22,Mira Road Jangid Complex,0,increased,1000.73,978.9962733997793
2026-07-22,Mohan Nagar Kandivali,0,decreased,-72.69999999999997,-68.14878058554145
2026-07-22,Mohan Nagar Kandivali,0,flat,68.78999999999989,76.61916550847484
2026-07-22,Mohan Nagar Kandivali,0,increased,733.0400000000001,727.9221903359789
2026-07-22,Mulund East,0,decreased,-469.04,-425.69224653073235
2026-07-22,Mulund East,0,flat,-133.3499999999999,-284.2325508437315
2026-07-22,Mulund East,0,increased,4018.2400000000002,3855.2361271198815
2026-07-22,Mulund Panch Rasta,0,decreased,-143.88,-137.66361991792928
2026-07-22,Mulund Panch Rasta,0,flat,-113.06999999999995,-137.3017710430905
2026-07-22,Mulund Panch Rasta,0,increased,1405.52,1331.965147354111
2026-07-22,Mulund West,0,decreased,-189.44999999999996,-158.61384322294896
2026-07-22,Mulund West,0,flat,-25.33000000000004,-105.53323163062339
2026-07-22,Mulund West,0,increased,3280.5600000000004,3110.9553691336578
2026-07-22,Mulund West-Sarvodaya Nagar,0,decreased,-167.92999999999995,-174.4668679907245
2026-07-22,Mulund West-Sarvodaya Nagar,0,flat,64.44999999999985,-8.582057989044566
2026-07-22,Mulund West-Sarvodaya Nagar,0,increased,2553.6,2582.0339995494724
2026-07-22,Mundhwa Pune,0,decreased,-59.58,-59.009740300920555
2026-07-22,Mundhwa Pune,0,flat,-23.109999999999985,23.182944627562016
2026-07-22,Mundhwa Pune,0,increased,420.46,399.8289331701239
2026-07-22,NIBM Kondwa,0,decreased,-288.2700000000001,-274.97716766567123
2026-07-22,NIBM Kondwa,0,flat,103.4900000000001,-116.15320689407133
2026-07-22,NIBM Kondwa,0,increased,2168.03,2198.8442331655397
2026-07-22,Nahur West,0,decreased,-60.009999999999984,-63.58134905664416
2026-07-22,Nahur West,0,flat,-30.140000000000136,93.11423035536966
2026-07-22,Nahur West,0,increased,2421.48,1872.1004183859632
2026-07-22,Nalasopara - Yashwant Nagar,0,decreased,-34.33999999999999,-34.22727735076151
2026-07-22,Nalasopara - Yashwant Nagar,0,flat,33.70999999999995,-122.30814701725146
2026-07-22,Nalasopara - Yashwant Nagar,0,increased,417.64,403.02161692437613
2026-07-22,Nalasopara West,0,decreased,-19.78,-19.749928803266677
2026-07-22,Nalasopara West,0,flat,22.489999999999974,-13.675103927254776
2026-07-22,Nalasopara West,0,increased,1083.95,1032.4110270681776
2026-07-22,Narhe Pune,0,decreased,-327.56,-342.17069760653345
2026-07-22,Narhe Pune,0,flat,507.48999999999995,567.6613158389125
2026-07-22,Narhe Pune,0,increased,446.43,441.47484194618943
2026-07-22,Naupada,0,decreased,-144.75,-93.61351471449895
2026-07-22,Naupada,0,flat,-130.78999999999968,-214.99548338805678
2026-07-22,Naupada,0,increased,1728.0500000000002,1645.0506029688381
2026-07-22,Navare Nagar Ambernath,0,decreased,-193.44999999999996,-192.60368942840057
2026-07-22,Navare Nagar Ambernath,0,flat,-129.25000000000014,-65.22606102430433
2026-07-22,Navare Nagar Ambernath,0,increased,762.01,768.3336473358429
2026-07-22,Navi Peth Pune,0,decreased,-15.45000000000001,-15.450000000000028
2026-07-22,Navi Peth Pune,0,flat,23.069999999999908,-48.37699972584562
2026-07-22,Navi Peth Pune,0,increased,992.3900000000001,1001.2505656355963
2026-07-22,Navjeevan Mumbai Central,0,decreased,-182.16,-168.41831813638623
2026-07-22,Navjeevan Mumbai Central,0,flat,-29.690000000000015,15.470817734623113
2026-07-22,Navjeevan Mumbai Central,0,increased,1368.1299999999999,1336.996031127171
2026-07-22,Nerul East,0,decreased,-235.45,-231.75472889729633
2026-07-22,Nerul East,0,flat,-111.91999999999999,-292.94513911622334
2026-07-22,Nerul East,0,increased,2718.15,2639.3580451782877
2026-07-22,Nerul West,0,decreased,-95.28,-81.37880528107812
2026-07-22,Nerul West,0,flat,133.96999999999994,75.71089869970494
2026-07-22,Nerul West,0,increased,1170.48,1246.9128365025629
2026-07-22,New Panvel,0,decreased,-282.36999999999995,-265.0163515696833
2026-07-22,New Panvel,0,flat,113.70999999999997,206.32198609242135
2026-07-22,New Panvel,0,increased,1519.6000000000004,1172.6909131601303
2026-07-22,Old Panvel,0,decreased,-128.29999999999998,-127.77689345619541
2026-07-22,Old Panvel,0,flat,-214.54000000000016,-273.58648719854574
2026-07-22,Old Panvel,0,increased,1027.5800000000002,1040.2467684250369
2026-07-22,Palegaon Ambernath,0,decreased,-39.70999999999998,-26.627215866672145
2026-07-22,Palegaon Ambernath,0,flat,42.72999999999989,-13.038016582357399
2026-07-22,Palegaon Ambernath,0,increased,485.70000000000005,476.93899554531356
2026-07-22,Panchpakhadi,0,decreased,-87.50999999999998,-66.59429876701877
2026-07-22,Panchpakhadi,0,flat,97.68999999999997,17.850677276516095
2026-07-22,Panchpakhadi,0,increased,1106.0800000000002,1103.7809661757906
2026-07-22,Pantnagar,0,decreased,-31.719999999999995,-35.33485760653336
2026-07-22,Pantnagar,0,flat,-63.05999999999999,-256.76338210595856
2026-07-22,Pantnagar,0,increased,710.53,720.2163057500721
2026-07-22,Panvel - Uran Naka,0,decreased,-55.559999999999974,-56.71934374891884
2026-07-22,Panvel - Uran Naka,0,flat,-182.81,-152.75032923178284
2026-07-22,Panvel - Uran Naka,0,increased,740.82,754.8125983837325
2026-07-22,Phadke Road - Dombivali,0,decreased,-175.48000000000002,-158.6951758014208
2026-07-22,Phadke Road - Dombivali,0,flat,-27.410000000000075,35.9419302063891
2026-07-22,Phadke Road - Dombivali,0,increased,867.4399999999999,919.6751072044286
2026-07-22,Pimple Gurav,0,decreased,-309.08,-309.0665757667638
2026-07-22,Pimple Gurav,0,flat,-106.11000000000007,39.713199273733295
2026-07-22,Pimple Gurav,0,increased,643.0500000000002,578.3882142047592
2026-07-22,Prabhadevi,0,decreased,-145.40999999999997,-135.76003454764967
2026-07-22,Prabhadevi,0,flat,-67.7400000000001,-83.69882909374643
2026-07-22,Prabhadevi,0,increased,1903.91,1862.8507816900653
2026-07-22,Pragati Nagar Nalasopara East,0,decreased,-158.79999999999998,-86.19390038969826
2026-07-22,Pragati Nagar Nalasopara East,0,flat,39.98000000000003,31.252741125368228
2026-07-22,Pragati Nagar Nalasopara East,0,increased,769.98,809.2322869179118
2026-07-22,Rajawadi,0,decreased,-63.53999999999996,-4.714985403363549
2026-07-22,Rajawadi,0,flat,62.690000000000026,35.3222231949651
2026-07-22,Rajawadi,0,increased,1614.37,1502.5967614859521
2026-07-22,Roadpali Kalamboli,0,decreased,-46.02,-28.556644661722594
2026-07-22,Roadpali Kalamboli,0,flat,-45.920000000000044,-79.23339902720036
2026-07-22,Roadpali Kalamboli,0,increased,721.0200000000001,709.9257271072553
2026-07-22,Rupee Nagar Pune,0,decreased,-74.55999999999999,-70.817346833636
2026-07-22,Rupee Nagar Pune,0,flat,5.7799999999999265,-77.8482752655995
2026-07-22,Rupee Nagar Pune,0,increased,467.53,373.287389624486
2026-07-22,Saibaba Nagar,0,decreased,-51.28999999999998,-24.635752445652173
2026-07-22,Saibaba Nagar,0,flat,-22.860000000000014,-40.364802951918634
2026-07-22,Saibaba Nagar,0,increased,1673.4700000000003,1609.4767351126045
2026-07-22,Sakinaka - Pipeline Road,0,decreased,-35.28999999999999,-51.9088374374023
2026-07-22,Sakinaka - Pipeline Road,0,flat,0.08000000000009777,-58.08402273432797
2026-07-22,Sakinaka - Pipeline Road,0,increased,637.94,599.8217378061674
2026-07-22,Sanpada,1,decreased,-170.82,-170.5121810445654
2026-07-22,Sanpada,1,flat,-55.089999999999755,-229.30015716012207
2026-07-22,Sanpada,1,increased,2377.58,2258.4992583040234
2026-07-22,Santa Cruz SV Road,0,decreased,-96.50999999999998,-91.7107999156562
2026-07-22,Santa Cruz SV Road,0,flat,121.61999999999985,-156.35518211149736
2026-07-22,Santa Cruz SV Road,0,increased,1525.41,1439.7923184413005
2026-07-22,"Santoshi Mata Road, Kalyan West",0,decreased,-278.93999999999994,-250.91386495856673
2026-07-22,"Santoshi Mata Road, Kalyan West",0,flat,73.31999999999988,-89.96989413248274
2026-07-22,"Santoshi Mata Road, Kalyan West",0,increased,942.66,864.7869403844948
2026-07-22,Sasane Nagar Pune,1,decreased,-55.429999999999986,-49.597276787617744
2026-07-22,Sasane Nagar Pune,1,flat,63.489999999999995,-113.07757966328539
2026-07-22,Sasane Nagar Pune,1,increased,805.81,803.381939787579
2026-07-22,Seawoods,0,decreased,-409.15000000000003,-287.6071193810649
2026-07-22,Seawoods,0,flat,-1829.75,-255.82503373225737
2026-07-22,Seawoods,0,increased,2620.5299999999997,2529.460745967129
2026-07-22,Sector 3 - New Panvel,0,decreased,-87.91999999999996,-81.28461530234837
2026-07-22,Sector 3 - New Panvel,0,flat,-62.369999999999976,-132.90126863062076
2026-07-22,Sector 3 - New Panvel,0,increased,758.3400000000001,763.7413933216276
2026-07-22,Shanti Nagar Mira Road,0,decreased,-92.18999999999997,-91.88617627945533
2026-07-22,Shanti Nagar Mira Road,0,flat,-126.99,-27.363755356890906
2026-07-22,Shanti Nagar Mira Road,0,increased,659.51,624.2958356158618
2026-07-22,Shirgaon Badlapur,0,decreased,-183.31000000000012,-214.56630217587946
2026-07-22,Shirgaon Badlapur,0,flat,-58.51000000000002,-32.32624334704908
2026-07-22,Shirgaon Badlapur,0,increased,473.7599999999999,442.35083539658694
2026-07-22,Shivaji Nagar Pune,0,decreased,-278.76,-324.2919747146015
2026-07-22,Shivaji Nagar Pune,0,flat,176.60999999999984,21.278016685864692
2026-07-22,Shivaji Nagar Pune,0,increased,1719.49,1684.720015626369
2026-07-22,Shreenagar,0,decreased,-187.40000000000003,-222.25191771218022
2026-07-22,Shreenagar,0,flat,98.9199999999997,-97.53944471311793
2026-07-22,Shreenagar,0,increased,2339.11,2236.44926556431
2026-07-22,Shriprastha Nalasopara West,0,decreased,-176.86000000000007,-136.75486471386725
2026-07-22,Shriprastha Nalasopara West,0,flat,-3.4399999999999267,114.75203014902758
2026-07-22,Shriprastha Nalasopara West,0,increased,274.31,313.6560033460864
2026-07-22,Sion Koliwada,0,decreased,-13.929999999999936,-41.19208393108234
2026-07-22,Sion Koliwada,0,flat,349.6400000000002,172.43645597154665
2026-07-22,Sion Koliwada,0,increased,1818.8000000000002,1643.0560895452722
2026-07-22,Thakur Complex,0,decreased,-68.26999999999998,-83.95405554119957
2026-07-22,Thakur Complex,0,flat,-30.320000000000007,-19.012814816071057
2026-07-22,Thakur Complex,0,increased,1785.1999999999998,1751.0023052674787
2026-07-22,Thergaon,0,decreased,-313.52,-237.0749779723439
2026-07-22,Thergaon,0,flat,-171.10000000000002,-358.6034625031643
2026-07-22,Thergaon,0,increased,1116.2600000000002,953.0416174904223
2026-07-22,Tilak Road Pune,0,decreased,-87.05999999999996,-78.98447903543244
2026-07-22,Tilak Road Pune,0,flat,8.700000000000049,13.576751747139726
2026-07-22,Tilak Road Pune,0,increased,1301.1000000000001,1262.6800250110196
2026-07-22,Tilaknagar,0,decreased,-395.54999999999984,-379.5841784398476
2026-07-22,Tilaknagar,0,flat,-165.22,-284.0814378841322
2026-07-22,Tilaknagar,0,increased,1816.28,1708.3042699922376
2026-07-22,Titwala,0,decreased,-262.89,-289.5366368727522
2026-07-22,Titwala,0,flat,9.510000000000021,-224.84793661371995
2026-07-22,Titwala,0,increased,1639.63,1339.5389898091996
2026-07-22,Trimurti Chowk Nashik,0,decreased,-121.75999999999999,-120.53792144846867
2026-07-22,Trimurti Chowk Nashik,0,flat,317.1700000000002,-25.32451760169129
2026-07-22,Trimurti Chowk Nashik,0,increased,417.41,268.1460363756873
2026-07-22,Ulhas Nagar - Shahad,0,decreased,-55.40000000000004,-59.79763563485224
2026-07-22,Ulhas Nagar - Shahad,0,flat,-68.25999999999998,-149.6143297037501
2026-07-22,Ulhas Nagar - Shahad,0,increased,500.20000000000005,503.0676358674901
2026-07-22,Ulhas Nagar - Shreeram Chowk,0,decreased,-130.54,-124.25087282169712
2026-07-22,Ulhas Nagar - Shreeram Chowk,0,flat,-81.38000000000015,-36.336117885230635
2026-07-22,Ulhas Nagar - Shreeram Chowk,0,increased,500.9600000000001,478.48144853147863
2026-07-22,Ulhasnagar,0,decreased,-209.4399999999999,-203.61941832255067
2026-07-22,Ulhasnagar,0,flat,21.449999999999946,-341.3399975946505
2026-07-22,Ulhasnagar,0,increased,2115.32,2106.224125407559
2026-07-22,Ulhasnagar - Humlog Circle,0,decreased,-181.61999999999995,-154.97586967152688
2026-07-22,Ulhasnagar - Humlog Circle,0,flat,-78.57,-105.72245747769621
2026-07-22,Ulhasnagar - Humlog Circle,0,increased,958.12,925.6552186415672
2026-07-22,Ulhasnagar - Khemani Chowk,0,decreased,-232.73999999999995,-229.9118404424804
2026-07-22,Ulhasnagar - Khemani Chowk,0,flat,-67.74000000000008,-142.42891086335243
2026-07-22,Ulhasnagar - Khemani Chowk,0,increased,734.24,780.7733789885617
2026-07-22,Ulhasnagar Sector 4,0,decreased,-49.95999999999999,-45.46892297900808
2026-07-22,Ulhasnagar Sector 4,0,flat,-60.05999999999996,-269.4350963768074
2026-07-22,Ulhasnagar Sector 4,0,increased,1261.62,1199.6608811774383
2026-07-22,Ulwe-Navi Mumbai,0,decreased,-107.71999999999996,-131.01095132123288
2026-07-22,Ulwe-Navi Mumbai,0,flat,-195.70999999999992,-335.96168321570497
2026-07-22,Ulwe-Navi Mumbai,0,increased,2974.020000000001,2585.711294928303
2026-07-22,Vakola,0,decreased,-44.24999999999997,-32.91614669275942
2026-07-22,Vakola,0,flat,21.169999999999938,-64.90614593664958
2026-07-22,Vakola,0,increased,758.25,615.5653174235442
2026-07-22,Vasai West - Station Road,0,decreased,-3.089999999999982,-6.485838034873183
2026-07-22,Vasai West - Station Road,0,flat,74.96999999999998,63.80662945364081
2026-07-22,Vasai West - Station Road,0,increased,841.33,823.5265737981898
2026-07-22,Vashi,0,decreased,-1366.6199999999997,-1002.1739846838454
2026-07-22,Vashi,0,flat,-234.24000000000012,-167.28624339181127
2026-07-22,Vashi,0,increased,2723.42,2573.240462657829
2026-07-22,Vashi Sector 11,0,decreased,-260.1099999999999,-205.13584033872382
2026-07-22,Vashi Sector 11,0,flat,2.150000000000105,-15.70030015956341
2026-07-22,Vashi Sector 11,0,increased,1732.44,1759.8373837508677
2026-07-22,Veenanagar,0,decreased,-169.24,-128.39891682462007
2026-07-22,Veenanagar,0,flat,86.99000000000001,296.365286321893
2026-07-22,Veenanagar,0,increased,1356.4399999999998,1342.6412795509843
2026-07-22,Versova - Yari Road,0,decreased,-95.71000000000001,-150.10050916635717
2026-07-22,Versova - Yari Road,0,flat,-78.6699999999999,-156.1988525397405
2026-07-22,Versova - Yari Road,0,increased,1764.4,1749.4837262482204
2026-07-22,Versova Andheri,0,decreased,-1085.5599999999997,-1099.6699198799272
2026-07-22,Versova Andheri,0,flat,83.55999999999999,-165.8078470176243
2026-07-22,Versova Andheri,0,increased,3547.59,3275.4239079620997
2026-07-22,Vijay Nagari - Thane,0,decreased,-150.50999999999993,-97.33695503125935
2026-07-22,Vijay Nagari - Thane,0,flat,4.660000000000068,-28.041354769222693
2026-07-22,Vijay Nagari - Thane,0,increased,1597.89,1514.786756991342
2026-07-22,Vikhroli,0,decreased,-828.3699999999999,-683.6336522745614
2026-07-22,Vikhroli,0,flat,49.12999999999994,-76.2751196830758
2026-07-22,Vikhroli,0,increased,3304.5400000000004,3134.0347440687447
2026-07-22,Vikhroli Kannamwar,0,decreased,-105.86999999999998,-269.32681975796737
2026-07-22,Vikhroli Kannamwar,0,flat,-126.28000000000003,-68.35698877401286
2026-07-22,Vikhroli Kannamwar,0,increased,1205.57,1154.3983278570724
2026-07-22,Vile Parle,0,decreased,-88.94,-129.7661915000185
2026-07-22,Vile Parle,0,flat,99.99000000000005,-82.88797711796859
2026-07-22,Vile Parle,0,increased,1385.3200000000002,1092.0811829132538
2026-07-22,Virar East,0,decreased,-228.07999999999993,-238.85764234483264
2026-07-22,Virar East,0,flat,-91.99000000000004,24.339940839461377
2026-07-22,Virar East,0,increased,1036.98,862.6634940083986
2026-07-22,Virar West,0,decreased,-85.28999999999999,-85.28444060966387
2026-07-22,Virar West,0,flat,33.36000000000016,-173.03025561071325
2026-07-22,Virar West,0,increased,799.4000000000001,793.1098295395351
2026-07-22,Wadgaon Budruk Pune,0,decreased,-51.65,-54.99022390980001
2026-07-22,Wadgaon Budruk Pune,0,flat,-52.72000000000005,190.2524240777249
2026-07-22,Wadgaon Budruk Pune,0,increased,579.25,526.3685210613799
2026-07-22,Wadgaon Sheri,0,decreased,-88.79000000000002,-77.31521369142686
2026-07-22,Wadgaon Sheri,0,flat,22.14999999999994,-26.710443661199342
2026-07-22,Wadgaon Sheri,0,increased,815.35,834.4385171862807
2026-07-22,Wadgaon Sheri-Old Mundhwa Rd,0,decreased,-132.30000000000004,-75.48105353990664
2026-07-22,Wadgaon Sheri-Old Mundhwa Rd,0,flat,-52.03999999999991,-162.0981199887034
2026-07-22,Wadgaon Sheri-Old Mundhwa Rd,0,increased,665.25,695.9164600874738
2026-07-22,Wanawadi Pune,0,decreased,-6.029999999999994,-6.024511941185601
2026-07-22,Wanawadi Pune,0,flat,-40.52000000000005,21.54407909602294
2026-07-22,Wanawadi Pune,0,increased,1988.0499999999997,1600.245073787553
2026-07-22,Warje Pune,0,decreased,-35.29999999999998,-68.29957096335917
2026-07-22,Warje Pune,0,flat,133.66000000000003,134.28752191951344
2026-07-22,Warje Pune,0,increased,570.97,414.6312847736994
2026-07-22,Wayale Nagar,0,decreased,-43.54,-39.39116423303933
2026-07-22,Wayale Nagar,0,flat,6.250000000000135,-251.65369233251903
2026-07-22,Wayale Nagar,0,increased,1007.0999999999999,1000.4092417796852
2026-07-22,Yashodhan,0,decreased,-178.85999999999996,-158.89518303476842
2026-07-22,Yashodhan,0,flat,-0.4799999999999045,219.50806526536283
2026-07-22,Yashodhan,0,increased,2629.48,2279.1352541761084
2026-07-22,Yogi Nagar,0,decreased,-29.209999999999994,-30.191230486578917
2026-07-22,Yogi Nagar,0,flat,12.930000000000149,-143.58351127902185
2026-07-22,Yogi Nagar,0,increased,730.72,748.7410794571139
2026-07-22,Yogidham Kalyan,0,decreased,-337.115,-349.36546897088226
2026-07-22,Yogidham Kalyan,0,flat,-393.1460000000001,-733.040829172511
2026-07-22,Yogidham Kalyan,0,increased,397.1371,390.1599704896962
2026-07-23,7 Rasta Byculla,0,decreased,-119.65000000000006,-99.2277679075679
2026-07-23,7 Rasta Byculla,0,flat,70.84,-121.65205009755856
2026-07-23,7 Rasta Byculla,0,increased,1894.0700000000002,1440.140194715078
2026-07-23,Airoli,0,decreased,-290.17,-134.50354042057867
2026-07-23,Airoli,0,flat,25.319999999999673,-203.59569628845762
2026-07-23,Airoli,0,increased,3644.1499999999996,3550.496900729224
2026-07-23,Airoli Sector - 3,0,decreased,-170.79000000000002,-157.0395032588373
2026-07-23,Airoli Sector - 3,0,flat,-105.12999999999994,-124.16258386823657
2026-07-23,Airoli Sector - 3,0,increased,1649.64,1550.2390001694123
2026-07-23,Ambegaon Pune,0,decreased,-8.449999999999996,-12.120147984351078
2026-07-23,Ambegaon Pune,0,flat,19.880000000000063,-58.4744761099492
2026-07-23,Ambegaon Pune,0,increased,680.0,671.085619092764
2026-07-23,Ambernath East,0,decreased,-83.85999999999999,-55.72509265711793
2026-07-23,Ambernath East,0,flat,74.35999999999987,165.37221042272216
2026-07-23,Ambernath East,0,increased,967.8800000000001,897.0696466511619
2026-07-23,Ambernath West,0,decreased,-450.88,-386.1395571419531
2026-07-23,Ambernath West,0,flat,-32.35000000000001,32.09038729614457
2026-07-23,Ambernath West,0,increased,872.93,799.3767509649706
2026-07-23,Ashokvan Dahisar,0,decreased,-857.8700000000001,-854.9106830532287
2026-07-23,Ashokvan Dahisar,0,flat,-219.0499999999999,-290.05918830901004
2026-07-23,Ashokvan Dahisar,0,increased,1502.8300000000002,1603.3010100411673
2026-07-23,Badlapur - Belavali,0,decreased,-467.47999999999996,-455.42416179677696
2026-07-23,Badlapur - Belavali,0,flat,316.37,-107.6631248720403
2026-07-23,Badlapur - Belavali,0,increased,829.37,865.457069235005
2026-07-23,Badlapur East,0,decreased,-108.25999999999993,-100.87965553477451
2026-07-23,Badlapur East,0,flat,-16.570000000000075,-174.14641811202932
2026-07-23,Badlapur East,0,increased,611.0699999999999,493.00893964536687
2026-07-23,Bandra,1,decreased,-185.36999999999998,-151.30360828038485
2026-07-23,Bandra,1,flat,24.809999999999995,-110.26731661762943
2026-07-23,Bandra,1,increased,2913.34,2736.66725811219
2026-07-23,Bhandup West,0,decreased,-147.17999999999998,-156.35072600092582
2026-07-23,Bhandup West,0,flat,156.35000000000008,165.83905924396683
2026-07-23,Bhandup West,0,increased,2122.5499999999997,2078.0421249622846
2026-07-23,Bhayandar,0,decreased,-259.18999999999994,-198.31072677772903
2026-07-23,Bhayandar,0,flat,43.54999999999998,-92.54939485925318
2026-07-23,Bhayandar,0,increased,2523.9,2538.9606295917547
2026-07-23,Bhayander 60 Feet Road,0,decreased,-244.84999999999997,-387.51178732032594
2026-07-23,Bhayander 60 Feet Road,0,flat,67.31000000000003,8.773415211084995
2026-07-23,Bhayander 60 Feet Road,0,increased,872.9699999999999,810.6290636549799
2026-07-23,Bhekrainagar Pune,0,decreased,-109.85000000000002,-92.94170471765
2026-07-23,Bhekrainagar Pune,0,flat,-80.69,-87.47812473120666
2026-07-23,Bhekrainagar Pune,0,increased,453.43,424.3503090890015
2026-07-23,Bhiwandi - Shivaji Chowk,0,decreased,-66.30999999999997,-53.12308227269085
2026-07-23,Bhiwandi - Shivaji Chowk,0,flat,-18.509999999999987,24.743197105084846
2026-07-23,Bhiwandi - Shivaji Chowk,0,increased,629.69,621.3954575299604
2026-07-23,Bhiwandi Dhamankar Naka,1,decreased,-489.53,-419.9574662484219
2026-07-23,Bhiwandi Dhamankar Naka,1,flat,-341.8999999999999,-273.8851463375627
2026-07-23,Bhiwandi Dhamankar Naka,1,increased,1717.56,1669.0479883616126
2026-07-23,Bibwewadi Pune,0,decreased,-61.219999999999985,-65.96287155009745
2026-07-23,Bibwewadi Pune,0,flat,-23.160000000000046,-83.79429278058754
2026-07-23,Bibwewadi Pune,0,increased,1458.0,1457.6735778462562
2026-07-23,Bytco Point Nashik,0,decreased,-58.209999999999994,-50.52841629218362
2026-07-23,Bytco Point Nashik,0,flat,89.0,148.8115853041129
2026-07-23,Bytco Point Nashik,0,increased,681.15,625.3759682285095
2026-07-23,CST Bora Bazaar,0,decreased,-156.29000000000002,-98.53885542419907
2026-07-23,CST Bora Bazaar,0,flat,-126.61000000000013,-54.522783752089055
2026-07-23,CST Bora Bazaar,0,increased,1555.03,1533.7736270182586
2026-07-23,Chandivali,0,decreased,-138.14,-137.63005824142965
2026-07-23,Chandivali,0,flat,-40.26000000000001,-233.2934182034601
2026-07-23,Chandivali,0,increased,868.0300000000001,888.6794369894055
2026-07-23,Charkop,0,decreased,-154.88000000000005,-195.4239580612388
2026-07-23,Charkop,0,flat,-1664.8300000000004,-193.69470849135737
2026-07-23,Charkop,0,increased,2505.98,2438.344700810271
2026-07-23,Chembur,0,decreased,-274.74999999999994,-298.26048897040585
2026-07-23,Chembur,0,flat,-1.66999999999992,-165.54758389463723
2026-07-23,Chembur,0,increased,2666.98,2702.8627232671583
2026-07-23,Chinchwad,1,decreased,-84.30999999999997,-60.19494604675363
2026-07-23,Chinchwad,1,flat,120.25000000000009,-189.910251945755
2026-07-23,Chinchwad,1,increased,787.8399999999999,687.87222182892
2026-07-23,Chinchwad - Gandhi Peth,1,decreased,-14.079999999999998,-25.42797880326667
2026-07-23,Chinchwad - Gandhi Peth,1,flat,-148.95999999999975,-354.4297214939563
2026-07-23,Chinchwad - Gandhi Peth,1,increased,261.18,189.55242814877073
2026-07-23,Cidco Nashik,0,decreased,-58.53999999999997,-75.74203636363637
2026-07-23,Cidco Nashik,0,flat,106.89999999999984,-62.258547418362895
2026-07-23,Cidco Nashik,0,increased,773.5500000000001,713.9554028053631
2026-07-23,Colaba,1,decreased,-46.07000000000005,-10.364270132748803
2026-07-23,Colaba,1,flat,-35.53,-93.43938569237366
2026-07-23,Colaba,1,increased,855.83,814.7674968497812
2026-07-23,Dadar East,0,decreased,-101.69999999999997,-97.40861797749116
2026-07-23,Dadar East,0,flat,-33.080000000000155,-94.74976674053225
2026-07-23,Dadar East,0,increased,998.46,989.3392924089588
2026-07-23,Dahisar,0,decreased,-314.9,-297.7763447143094
2026-07-23,Dahisar,0,flat,145.04,-23.39199573699132
2026-07-23,Dahisar,0,increased,1756.79,1641.8832090393325
2026-07-23,Dattnagar,0,decreased,-165.21,-115.67279263534454
2026-07-23,Dattnagar,0,flat,-74.76999999999998,-147.17270670964834
2026-07-23,Dattnagar,0,increased,838.6899999999999,812.9714528813028
2026-07-23,Dhanakwadi,0,decreased,-59.33,-65.55107062215477
2026-07-23,Dhanakwadi,0,flat,210.05999999999995,20.90071017636923
2026-07-23,Dhanakwadi,0,increased,969.27,837.3264652817873
2026-07-23,Dhanori Pune,0,decreased,-96.83,-59.83645398917841
2026-07-23,Dhanori Pune,0,flat,22.23999999999992,9.720542197961773
2026-07-23,Dhanori Pune,0,increased,1004.89,877.1156901496511
2026-07-23,Dhayari Pune,0,decreased,-166.5,-215.08298539686888
2026-07-23,Dhayari Pune,0,flat,22.64999999999997,-40.02934873969356
2026-07-23,Dhayari Pune,0,increased,587.6,581.8934752478793
2026-07-23,Dighi Pune,1,decreased,-79.65,-83.58665354184527
2026-07-23,Dighi Pune,1,flat,26.73999999999999,-37.6869697641551
2026-07-23,Dighi Pune,1,increased,234.29999999999998,230.05991324931858
2026-07-23,Dombivali,0,decreased,-200.29,-205.09624255618047
2026-07-23,Dombivali,0,flat,-100.77000000000001,-174.62559160480026
2026-07-23,Dombivali,0,increased,1943.8100000000002,1934.8724784837054
2026-07-23,Dombivali - Navpada,0,decreased,-207.4400000000001,-226.49998498142764
2026-07-23,Dombivali - Navpada,0,flat,-25.419999999999995,-26.065974921934412
2026-07-23,Dombivali - Navpada,0,increased,1045.21,1020.028677767958
2026-07-23,Dombivali - Reti Bunder,0,decreased,-250.10180000000003,-235.85452037498368
2026-07-23,Dombivali - Reti Bunder,0,flat,-684.6573,-119.2382352764911
2026-07-23,Dombivali - Reti Bunder,0,increased,258.37000000000006,203.7060234734379
2026-07-23,Dombivli West,0,decreased,-175.01000000000005,-186.57131061250453
2026-07-23,Dombivli West,0,flat,129.73000000000008,56.137659221919954
2026-07-23,Dombivli West,0,increased,2986.92,2930.2716494258693
2026-07-23,Evershine Nagar,0,decreased,-9.689999999999998,-9.680295968702154
2026-07-23,Evershine Nagar,0,flat,-51.00000000000005,24.22816033687959
2026-07-23,Evershine Nagar,0,increased,667.7,657.833523260446
2026-07-23,Fam Society - Koperkhairne,0,decreased,-294.7899999999999,-302.2419021548784
2026-07-23,Fam Society - Koperkhairne,0,flat,2730.19,2711.305216202661
2026-07-23,Fam Society - Koperkhairne,0,increased,2014.4,1896.5262336697608
2026-07-23,Fursungi Pune,0,decreased,-92.13,-90.87420445495545
2026-07-23,Fursungi Pune,0,flat,141.89000000000004,227.4121549686524
2026-07-23,Fursungi Pune,0,increased,818.1500000000001,758.5538062768429
2026-07-23,Ghansoli,0,decreased,-277.71999999999997,-226.47815212812128
2026-07-23,Ghansoli,0,flat,151.31000000000017,-149.44557431150872
2026-07-23,Ghansoli,0,increased,2603.88,2437.6001411893417
2026-07-23,Ghatkopar East,0,decreased,-410.7199999999999,-392.05842001205554
2026-07-23,Ghatkopar East,0,flat,26.50000000000003,15.765759522260566
2026-07-23,Ghatkopar East,0,increased,1924.3,1890.8966663862016
2026-07-23,Ghatkopar West,0,decreased,-153.76000000000002,-145.3004355883907
2026-07-23,Ghatkopar West,0,flat,-67.20999999999995,21.549638938620753
2026-07-23,Ghatkopar West,0,increased,1895.5000000000005,1835.6095424055384
2026-07-23,Ghodapdeo - Byculla,0,decreased,-79.90999999999998,-84.25264168834266
2026-07-23,Ghodapdeo - Byculla,0,flat,44.95999999999996,9.359607994353187
2026-07-23,Ghodapdeo - Byculla,0,increased,1054.23,940.0786784280988
2026-07-23,Global City Virar West,0,decreased,-81.94999999999999,-71.66679630297917
2026-07-23,Global City Virar West,0,flat,40.20000000000014,-181.29566552001697
2026-07-23,Global City Virar West,0,increased,671.35,680.5380352624312
2026-07-23,Goregaon,1,decreased,-106.94999999999997,-96.0041907355616
2026-07-23,Goregaon,1,flat,116.54999999999995,85.60435301778318
2026-07-23,Goregaon,1,increased,2741.2,2862.5731402202205
2026-07-23,Goregaon West S.V. Road,1,decreased,-232.08999999999997,-225.08624956297155
2026-07-23,Goregaon West S.V. Road,1,flat,49.27999999999999,-230.81600157801228
2026-07-23,Goregaon West S.V. Road,1,increased,1685.9900000000002,1588.7656476118168
2026-07-23,Govandi,0,decreased,-333.51,-339.23546019282105
2026-07-23,Govandi,0,flat,-69.17000000000003,-298.47264327728186
2026-07-23,Govandi,0,increased,4329.2,2652.064935558366
2026-07-23,Gujrat Colony Kothrud,0,decreased,-25.330000000000002,-30.9810141582357
2026-07-23,Gujrat Colony Kothrud,0,flat,-3.0900000000000034,-69.90076587165694
2026-07-23,Gujrat Colony Kothrud,0,increased,518.0699999999999,492.0410737938826
2026-07-23,Gulab Nagar Pune,0,decreased,-23.700000000000006,-24.140626984126964
2026-07-23,Gulab Nagar Pune,0,flat,-27.06000000000001,93.17697438947047
2026-07-23,Gulab Nagar Pune,0,increased,813.87,779.9978875953105
2026-07-23,Hari Om Nagar,0,decreased,-229.67000000000002,-198.6512191823383
2026-07-23,Hari Om Nagar,0,flat,-115.31999999999994,-187.78744743433458
2026-07-23,Hari Om Nagar,0,increased,1481.77,1438.3119627263536
2026-07-23,Hiltron Ulhasnagar,0,decreased,-279.4299999999999,-301.87805845362783
2026-07-23,Hiltron Ulhasnagar,0,flat,6.400000000000009,-199.51100652232242
2026-07-23,Hiltron Ulhasnagar,0,increased,525.6600000000001,512.2773163417659
2026-07-23,Hiranandani Thane,0,decreased,-392.30999999999995,-340.17737747293586
2026-07-23,Hiranandani Thane,0,flat,-395.76000000000016,-357.00579331183775
2026-07-23,Hiranandani Thane,0,increased,1990.56,1890.945022537677
2026-07-23,IC Colony Borivali,0,decreased,-500.37,-396.41934939897067
2026-07-23,IC Colony Borivali,0,flat,130.83000000000004,5.930673613863609
2026-07-23,IC Colony Borivali,0,increased,2377.8700000000003,2276.982070020922
2026-07-23,JB Nagar,0,decreased,-510.71999999999997,-490.3466772708199
2026-07-23,JB Nagar,0,flat,-11.139999999999954,107.92055390827025
2026-07-23,JB Nagar,0,increased,2346.5800000000004,2136.7073088010666
2026-07-23,JJ Hospital,0,decreased,-97.76000000000002,-100.26938403563805
2026-07-23,JJ Hospital,0,flat,160.05000000000007,63.031047489093496
2026-07-23,JJ Hospital,0,increased,2710.28,2637.3358454079325
2026-07-23,Jagruti Nagar Ghatkopar,0,decreased,-33.53,-35.09876956521737
2026-07-23,Jagruti Nagar Ghatkopar,0,flat,-151.15000000000003,-232.16488737487822
2026-07-23,Jagruti Nagar Ghatkopar,0,increased,1187.23,640.4887831845061
2026-07-23,Jail Road Nashik,0,decreased,-59.199999999999996,-22.272538765906766
2026-07-23,Jail Road Nashik,0,flat,-118.85000000000002,-113.82268349274894
2026-07-23,Jail Road Nashik,0,increased,509.17000000000013,425.60912438810936
2026-07-23,Jay VIjay Nagar Nalasopara East,0,decreased,-18.86,-23.500422920913742
2026-07-23,Jay VIjay Nagar Nalasopara East,0,flat,-66.6099999999999,-66.86389618713751
2026-07-23,Jay VIjay Nagar Nalasopara East,0,increased,659.1800000000001,664.170261526789
2026-07-23,Kalamboli,0,decreased,-156.09,-147.16669947967105
2026-07-23,Kalamboli,0,flat,-78.42000000000004,-54.73211850333518
2026-07-23,Kalamboli,0,increased,1110.49,1114.3918537233972
2026-07-23,Kalher Bhiwandi,0,decreased,-494.93000000000006,-501.98699671376585
2026-07-23,Kalher Bhiwandi,0,flat,56.90000000000009,-174.82743374023184
2026-07-23,Kalher Bhiwandi,0,increased,1494.46,1444.8752389187546
2026-07-23,Kalina,0,decreased,-988.0200000000002,-161.79135712999164
2026-07-23,Kalina,0,flat,-155.30999999999963,-219.97384544032087
2026-07-23,Kalina,0,increased,1518.89,1403.6495773970616
2026-07-23,Kalwa,0,decreased,-407.00999999999993,-406.6436027276772
2026-07-23,Kalwa,0,flat,-65.11999999999992,186.33710908586113
2026-07-23,Kalwa,0,increased,2967.9700000000003,2931.7296532993464
2026-07-23,Kalyan,0,decreased,-259.02,-252.31749976662582
2026-07-23,Kalyan,0,flat,-204.73999999999987,-206.1960370247735
2026-07-23,Kalyan,0,increased,675.86,638.2547373791987
2026-07-23,Kalyan - DB Chowk,0,decreased,-196.57999999999996,-135.8611998506105
2026-07-23,Kalyan - DB Chowk,0,flat,65.51000000000008,-6.8212316853646975
2026-07-23,Kalyan - DB Chowk,0,increased,735.27,643.980751196732
2026-07-23,Kalyan East-Tisgaon Naka,0,decreased,-532.54,-507.519882586906
2026-07-23,Kalyan East-Tisgaon Naka,0,flat,755.75,153.32852826296715
2026-07-23,Kalyan East-Tisgaon Naka,0,increased,1256.7100000000003,1152.0294430795711
2026-07-23,Kalyan West Club Road,0,decreased,-234.24999999999997,-266.88056293407595
2026-07-23,Kalyan West Club Road,0,flat,158.09000000000012,-42.87637452575688
2026-07-23,Kalyan West Club Road,0,increased,689.61,718.2287518507784
2026-07-23,Kamotha,0,decreased,-250.21999999999997,-230.68327492137257
2026-07-23,Kamotha,0,flat,-73.99000000000001,-148.21510587175572
2026-07-23,Kamotha,0,increased,2243.45,2172.8635411356977
2026-07-23,Kamothe - Sector 36,0,decreased,-95.82,-86.61478546751943
2026-07-23,Kamothe - Sector 36,0,flat,-7.570000000000004,236.5267291754941
2026-07-23,Kamothe - Sector 36,0,increased,809.2,768.178668447553
2026-07-23,Kandivali East,0,decreased,-339.9599999999999,-297.9268791020257
2026-07-23,Kandivali East,0,flat,-43.88000000000012,-82.27247340097519
2026-07-23,Kandivali East,0,increased,855.4200000000001,779.4863790171373
2026-07-23,Kandivali West,0,decreased,-60.28,-60.24992880326668
2026-07-23,Kandivali West,0,flat,-2906.750000000002,-2323.9136838492163
2026-07-23,Kandivali West,0,increased,598.2399999999999,594.9713385683953
2026-07-23,Kasarvadavali Thane,0,decreased,-238.35,-199.9282650342818
2026-07-23,Kasarvadavali Thane,0,flat,61.17000000000002,-172.2150000066702
2026-07-23,Kasarvadavali Thane,0,increased,1681.44,1498.0541190898712
2026-07-23,Katrap Badlapur East,0,decreased,-184.8400000000001,-149.53725715780354
2026-07-23,Katrap Badlapur East,0,flat,959.82,225.71481701338823
2026-07-23,Katrap Badlapur East,0,increased,486.6000000000001,410.1865782104671
2026-07-23,Khadki Pune,0,decreased,-144.32,-98.4536521302869
2026-07-23,Khadki Pune,0,flat,28.549999999999976,-281.5594766427423
2026-07-23,Khadki Pune,0,increased,1122.95,1109.7286241907782
2026-07-23,Khanda Colony,1,decreased,-189.17999999999998,-177.21990401849655
2026-07-23,Khanda Colony,1,flat,-126.79000000000023,-111.46955756107612
2026-07-23,Khanda Colony,1,increased,1420.21,1402.8348513453652
2026-07-23,Khar West,1,decreased,-230.87,-176.8855235438526
2026-07-23,Khar West,1,flat,-122.37000000000008,-134.20021868060468
2026-07-23,Khar West,1,increased,1322.6799999999998,1341.8643668256682
2026-07-23,Kharghar,0,decreased,-385.04999999999995,-381.0239694518629
2026-07-23,Kharghar,0,flat,-83.8299999999999,-124.71332362128086
2026-07-23,Kharghar,0,increased,2383.31,2320.192931946643
2026-07-23,Kharghar Sector 12,0,decreased,-85.97999999999998,-85.91003468936594
2026-07-23,Kharghar Sector 12,0,flat,21.780000000000033,-100.78372413136331
2026-07-23,Kharghar Sector 12,0,increased,803.58,822.2705862397337
2026-07-23,Khopat,0,decreased,-195.26000000000005,-205.64985934900264
2026-07-23,Khopat,0,flat,-233.70999999999992,-167.33390717954583
2026-07-23,Khopat,0,increased,2397.95,2187.9393577659116
2026-07-23,Khutwad Nagar Nashik,0,decreased,-237.18,-221.20769742501417
2026-07-23,Khutwad Nagar Nashik,0,flat,41.250000000000064,-131.82448537303696
2026-07-23,Khutwad Nagar Nashik,0,increased,327.33000000000004,228.50729171514357
2026-07-23,Kolsheth,0,decreased,-138.96999999999994,-119.02149648635441
2026-07-23,Kolsheth,0,flat,-15.860000000000014,-306.12422901806866
2026-07-23,Kolsheth,0,increased,3527.6400000000003,3453.9816498095124
2026-07-23,Kopar Khairane,0,decreased,-258.15,-229.49957986426494
2026-07-23,Kopar Khairane,0,flat,-135.55999999999977,-372.9535243591268
2026-07-23,Kopar Khairane,0,increased,3049.4800000000005,2716.6150985194886
2026-07-23,Kopari Thane,0,decreased,-233.18000000000004,-269.13727205811125
2026-07-23,Kopari Thane,0,flat,-729.8300000000003,-690.3069521214766
2026-07-23,Kopari Thane,0,increased,502.14,439.6965364167414
2026-07-23,Koper Khairane - Sector 7,0,decreased,-213.85000000000008,-201.39926779631645
2026-07-23,Koper Khairane - Sector 7,0,flat,95.32999999999986,89.25782723520473
2026-07-23,Koper Khairane - Sector 7,0,increased,1380.04,1318.619585788188
2026-07-23,Kulgaon Badlapur West,0,decreased,-324.65999999999997,-330.9275908470647
2026-07-23,Kulgaon Badlapur West,0,flat,-127.81999999999994,-461.9055723022775
2026-07-23,Kulgaon Badlapur West,0,increased,1307.63,1292.5008310157898
2026-07-23,Kurla,0,decreased,-284.6600000000001,-283.38990490980876
2026-07-23,Kurla,0,flat,-52.99000000000011,-89.05098641108624
2026-07-23,Kurla,0,increased,1487.5300000000002,1524.8637615714683
2026-07-23,Kurla West,0,decreased,-843.73,-753.3139848163539
2026-07-23,Kurla West,0,flat,33.63999999999992,31.514891405044388
2026-07-23,Kurla West,0,increased,2732.0400000000004,3352.76009021758
2026-07-23,Lower Parel - SJ Marg,0,decreased,-100.36999999999998,-63.77995045213925
2026-07-23,Lower Parel - SJ Marg,0,flat,93.16000000000007,-88.79166891756904
2026-07-23,Lower Parel - SJ Marg,0,increased,628.0699999999999,634.9031444796905
2026-07-23,Mahakali,0,decreased,-541.37,-537.1445422763695
2026-07-23,Mahakali,0,flat,204.96000000000006,-6.112275407735171
2026-07-23,Mahakali,0,increased,3491.4900000000002,3449.1836398103474
2026-07-23,Mahavir Pride Dombivali,0,decreased,-126.6,-132.65854709160155
2026-07-23,Mahavir Pride Dombivali,0,flat,96.80000000000003,-84.7689794840322
2026-07-23,Mahavir Pride Dombivali,0,increased,1170.05,1178.2964921332173
2026-07-23,Mahim West,0,decreased,-425.88000000000005,-335.9969503063016
2026-07-23,Mahim West,0,flat,37.610000000000014,25.13641631118701
2026-07-23,Mahim West,0,increased,1104.92,1095.5360481108282
2026-07-23,Malad,0,decreased,-317.13000000000005,-282.5950771196701
2026-07-23,Malad,0,flat,448.7799999999996,-40.92615264250538
2026-07-23,Malad,0,increased,2274.2599999999998,2293.37557609485
2026-07-23,Malad Liberty Garden,0,decreased,-331.21000000000004,-342.0211039621082
2026-07-23,Malad Liberty Garden,0,flat,-35.43000000000002,-89.92629253414437
2026-07-23,Malad Liberty Garden,0,increased,1648.17,1677.2087847836492
2026-07-23,Malwani,0,decreased,-123.47999999999999,-135.4902943371862
2026-07-23,Malwani,0,flat,-124.49999999999991,-36.07181814058535
2026-07-23,Malwani,0,increased,1264.31,1268.6871309417666
2026-07-23,Marol,0,decreased,-114.44999999999999,-105.50856621353726
2026-07-23,Marol,0,flat,116.79000000000013,-263.9340235353769
2026-07-23,Marol,0,increased,2183.82,2045.0333567127502
2026-07-23,Mharal Ulhasnagar,0,decreased,-164.78000000000006,-183.63129435795346
2026-07-23,Mharal Ulhasnagar,0,flat,18.080000000000155,-279.00939356392746
2026-07-23,Mharal Ulhasnagar,0,increased,1277.94,1236.3257967119985
2026-07-23,Mhasrul Nashik,0,decreased,-163.97999999999993,-176.7147222750085
2026-07-23,Mhasrul Nashik,0,flat,98.26999999999992,-40.3042022738658
2026-07-23,Mhasrul Nashik,0,increased,446.94,425.74553277073693
2026-07-23,Mira Road,0,decreased,-282.74999999999994,-250.7801455174532
2026-07-23,Mira Road,0,flat,96.11000000000026,30.825451841073665
2026-07-23,Mira Road,0,increased,1429.0400000000002,1369.4030900446785
2026-07-23,Mira Road - GCC Club Road,0,decreased,-84.58,-84.35852878973822
2026-07-23,Mira Road - GCC Club Road,0,flat,-327.7800000000001,-604.0261498683516
2026-07-23,Mira Road - GCC Club Road,0,increased,388.07000000000005,371.61064862005736
2026-07-23,Mira Road Jangid Complex,0,decreased,-371.57000000000005,-334.3354546338945
2026-07-23,Mira Road Jangid Complex,0,flat,53.66999999999997,64.21666378094018
2026-07-23,Mira Road Jangid Complex,0,increased,1487.88,1452.5210045514928
2026-07-23,Mohan Nagar Kandivali,0,decreased,-28.059999999999988,-23.598994175741403
2026-07-23,Mohan Nagar Kandivali,0,flat,-63.029999999999966,-184.72909446218978
2026-07-23,Mohan Nagar Kandivali,0,increased,761.5699999999999,726.2235751317118
2026-07-23,Mulund East,0,decreased,-163.29999999999998,-174.5473670243996
2026-07-23,Mulund East,0,flat,-215.36000000000016,-44.25181451055171
2026-07-23,Mulund East,0,increased,3289.05,3259.9616220072453
2026-07-23,Mulund Panch Rasta,0,decreased,-104.52999999999996,-94.0746135587093
2026-07-23,Mulund Panch Rasta,0,flat,54.73000000000001,-80.00628088075855
2026-07-23,Mulund Panch Rasta,0,increased,1500.95,1464.1033318295083
2026-07-23,Mulund West,0,decreased,-440.0799999999998,-522.4104497502971
2026-07-23,Mulund West,0,flat,673.8100000000006,132.90054271065046
2026-07-23,Mulund West,0,increased,3314.48,3229.198511331331
2026-07-23,Mulund West-Sarvodaya Nagar,0,decreased,-164.56000000000006,-199.60279035448042
2026-07-23,Mulund West-Sarvodaya Nagar,0,flat,-150.66999999999985,-301.68125339788503
2026-07-23,Mulund West-Sarvodaya Nagar,0,increased,1655.4099999999999,1677.3741393167606
2026-07-23,Mundhwa Pune,0,decreased,-125.24000000000004,-138.16953422325
2026-07-23,Mundhwa Pune,0,flat,6.560000000000007,-26.886658669407197
2026-07-23,Mundhwa Pune,0,increased,286.76,233.07695979935897
2026-07-23,NIBM Kondwa,0,decreased,-256.32000000000005,-256.7288847264999
2026-07-23,NIBM Kondwa,0,flat,92.57000000000002,35.81874174486231
2026-07-23,NIBM Kondwa,0,increased,2469.96,2502.52171160518
2026-07-23,Nahur West,0,decreased,-50.16,-52.417235216127835
2026-07-23,Nahur West,0,flat,41.39000000000013,48.75543475558089
2026-07-23,Nahur West,0,increased,1751.86,1714.840799832184
2026-07-23,Nalasopara - Yashwant Nagar,0,decreased,-63.93000000000001,-64.37405295095719
2026-07-23,Nalasopara - Yashwant Nagar,0,flat,-35.22000000000002,-25.079582093268048
2026-07-23,Nalasopara - Yashwant Nagar,0,increased,970.87,877.2569893794155
2026-07-23,Nalasopara West,0,decreased,-77.11999999999999,-76.69178276435142
2026-07-23,Nalasopara West,0,flat,-129.03000000000017,-98.44691236017145
2026-07-23,Nalasopara West,0,increased,1162.0900000000001,1154.1878107790255
2026-07-23,Narhe Pune,0,decreased,-179.49999999999997,-226.01197946750986
2026-07-23,Narhe Pune,0,flat,-7.749999999999982,-149.61256821781632
2026-07-23,Narhe Pune,0,increased,1029.3700000000001,1027.030882659382
2026-07-23,Naupada,0,decreased,-12.879999999999995,-24.823633333333348
2026-07-23,Naupada,0,flat,-84.37999999999978,-82.20549586434122
2026-07-23,Naupada,0,increased,2209.9,2195.905016728987
2026-07-23,Navare Nagar Ambernath,0,decreased,-67.58999999999999,-62.309230798765135
2026-07-23,Navare Nagar Ambernath,0,flat,90.85000000000004,196.80200387491823
2026-07-23,Navare Nagar Ambernath,0,increased,456.36,448.00985678012756
2026-07-23,Navi Peth Pune,0,decreased,-279.49,-270.50225887247046
2026-07-23,Navi Peth Pune,0,flat,77.25999999999983,-187.2364227311263
2026-07-23,Navi Peth Pune,0,increased,596.61,575.1495113025812
2026-07-23,Navjeevan Mumbai Central,0,decreased,-254.14999999999998,-200.65356812530328
2026-07-23,Navjeevan Mumbai Central,0,flat,140.57999999999998,322.5925583433719
2026-07-23,Navjeevan Mumbai Central,0,increased,2466.9900000000002,2464.118118758561
2026-07-23,Nerul East,0,decreased,-129.29999999999998,-108.99250447764409
2026-07-23,Nerul East,0,flat,-205.64,-287.3929068339488
2026-07-23,Nerul East,0,increased,1725.9,1558.1818121488855
2026-07-23,Nerul West,0,decreased,-544.7300000000002,-520.0954437686248
2026-07-23,Nerul West,0,flat,196.25999999999988,-245.46297380005507
2026-07-23,Nerul West,0,increased,1392.11,1287.4617510748963
2026-07-23,New Panvel,0,decreased,-359.53999999999996,-322.16349744371746
2026-07-23,New Panvel,0,flat,9.88999999999985,34.61898931530461
2026-07-23,New Panvel,0,increased,1986.04,1908.6980042762877
2026-07-23,Old Panvel,0,decreased,-142.32000000000008,-140.6375581654112
2026-07-23,Old Panvel,0,flat,-51.989999999999796,-69.20476854027436
2026-07-23,Old Panvel,0,increased,1385.86,1185.9023271312042
2026-07-23,Palegaon Ambernath,0,decreased,-45.23000000000005,-15.88821272780894
2026-07-23,Palegaon Ambernath,0,flat,97.94999999999989,114.62190283362351
2026-07-23,Palegaon Ambernath,0,increased,652.6800000000001,603.733401664105
2026-07-23,Panchpakhadi,0,decreased,-215.74000000000012,-190.24820731647046
2026-07-23,Panchpakhadi,0,flat,4.349999999999998,-26.598157120202217
2026-07-23,Panchpakhadi,0,increased,1156.01,1102.7528446057647
2026-07-23,Pantnagar,0,decreased,-248.39999999999992,-230.13186843665886
2026-07-23,Pantnagar,0,flat,93.87999999999994,-48.724222003354086
2026-07-23,Pantnagar,0,increased,1076.9900000000002,1017.4981920474562
2026-07-23,Panvel - Uran Naka,0,decreased,-138.84999999999997,-198.9935083612803
2026-07-23,Panvel - Uran Naka,0,flat,-118.04999999999994,-56.512714307384634
2026-07-23,Panvel - Uran Naka,0,increased,885.3000000000001,869.6979510976507
2026-07-23,Phadke Road - Dombivali,0,decreased,-58.82999999999996,-38.119622803961434
2026-07-23,Phadke Road - Dombivali,0,flat,-86.23999999999998,-232.2439405576393
2026-07-23,Phadke Road - Dombivali,0,increased,1270.8500000000001,1301.302056303104
2026-07-23,Pimple Gurav,0,decreased,-449.59000000000003,-454.26974412406486
2026-07-23,Pimple Gurav,0,flat,-9.499999999999957,0.9045591619818163
2026-07-23,Pimple Gurav,0,increased,813.28,778.0361926852071
2026-07-23,Prabhadevi,0,decreased,-295.56,-316.9784180828393
2026-07-23,Prabhadevi,0,flat,86.17000000000006,-146.51787897883432
2026-07-23,Prabhadevi,0,increased,1839.77,1756.6609153405739
2026-07-23,Pragati Nagar Nalasopara East,0,decreased,-125.27,-114.76298255350393
2026-07-23,Pragati Nagar Nalasopara East,0,flat,-59.87999999999995,12.160336402055965
2026-07-23,Pragati Nagar Nalasopara East,0,increased,853.73,764.0012538417718
2026-07-23,Rajawadi,0,decreased,-379.28,-370.54818034892156
2026-07-23,Rajawadi,0,flat,-237.57999999999998,-260.5455559656687
2026-07-23,Rajawadi,0,increased,2292.15,2146.0534869353964
2026-07-23,Roadpali Kalamboli,0,decreased,-36.23000000000002,-31.57159979730906
2026-07-23,Roadpali Kalamboli,0,flat,-8.350000000000016,-8.86935687021117
2026-07-23,Roadpali Kalamboli,0,increased,669.91,670.4629927469978
2026-07-23,Rupee Nagar Pune,0,decreased,-47.91999999999999,-47.84044954393762
2026-07-23,Rupee Nagar Pune,0,flat,-15.940000000000014,-107.64235587486301
2026-07-23,Rupee Nagar Pune,0,increased,219.06,202.71842072934717
2026-07-23,Saibaba Nagar,0,decreased,-113.76999999999998,-145.58114914066695
2026-07-23,Saibaba Nagar,0,flat,263.92999999999995,142.57371516868784
2026-07-23,Saibaba Nagar,0,increased,1591.67,1548.8042206271512
2026-07-23,Sakinaka - Pipeline Road,0,decreased,-73.85999999999999,-68.58733122955582
2026-07-23,Sakinaka - Pipeline Road,0,flat,-36.06000000000003,179.40378096471053
2026-07-23,Sakinaka - Pipeline Road,0,increased,845.95,753.6844212927377
2026-07-23,Sanpada,1,decreased,-376.68,-363.34444325234415
2026-07-23,Sanpada,1,flat,-290.98000000000036,-353.52882780509606
2026-07-23,Sanpada,1,increased,3055.08,2758.717845213892
2026-07-23,Santa Cruz SV Road,0,decreased,-303.38,-204.72399984686012
2026-07-23,Santa Cruz SV Road,0,flat,-2320.38,-2325.202082654886
2026-07-23,Santa Cruz SV Road,0,increased,1173.23,1222.1292061266074
2026-07-23,"Santoshi Mata Road, Kalyan West",0,decreased,-71.75999999999999,-82.51384274666074
2026-07-23,"Santoshi Mata Road, Kalyan West",0,flat,11.349999999999934,-235.32226596245357
2026-07-23,"Santoshi Mata Road, Kalyan West",0,increased,976.09,867.0183851535372
2026-07-23,Sasane Nagar Pune,1,decreased,-76.75999999999999,-67.28167224431672
2026-07-23,Sasane Nagar Pune,1,flat,-67.57999999999998,-138.05538834571334
2026-07-23,Sasane Nagar Pune,1,increased,775.9599999999999,864.6831535409443
2026-07-23,Seawoods,0,decreased,-389.06000000000006,-396.7229087073008
2026-07-23,Seawoods,0,flat,634.1200000000002,98.8901664025303
2026-07-23,Seawoods,0,increased,1580.44,1620.7869164816318
2026-07-23,Sector 3 - New Panvel,0,decreased,-78.34999999999997,-64.32043051119227
2026-07-23,Sector 3 - New Panvel,0,flat,-192.93,137.53620786260623
2026-07-23,Sector 3 - New Panvel,0,increased,1370.75,1315.594591464574
2026-07-23,Shanti Nagar Mira Road,0,decreased,-325.61999999999983,-256.5729360462105
2026-07-23,Shanti Nagar Mira Road,0,flat,-11.01000000000008,-27.612184777155935
2026-07-23,Shanti Nagar Mira Road,0,increased,1099.21,1157.8032849742644
2026-07-23,Shirgaon Badlapur,0,decreased,-307.7600000000001,-303.3131252944278
2026-07-23,Shirgaon Badlapur,0,flat,834.48,243.71961859995153
2026-07-23,Shirgaon Badlapur,0,increased,690.0900000000001,638.634206299911
2026-07-23,Shivaji Nagar Pune,0,decreased,-48.61999999999999,-48.56169792130717
2026-07-23,Shivaji Nagar Pune,0,flat,-65.55000000000004,-256.0366732925284
2026-07-23,Shivaji Nagar Pune,0,increased,1109.96,1108.649466657086
2026-07-23,Shreenagar,0,decreased,-679.25,-665.2302762818231
2026-07-23,Shreenagar,0,flat,158.10999999999993,-100.7131587393293
2026-07-23,Shreenagar,0,increased,2441.93,2459.267522459523
2026-07-23,Shriprastha Nalasopara West,0,decreased,-77.97999999999999,-68.71427436280311
2026-07-23,Shriprastha Nalasopara West,0,flat,89.33999999999993,25.474838954447563
2026-07-23,Shriprastha Nalasopara West,0,increased,711.7900000000001,654.8028000408532
2026-07-23,Sion Koliwada,0,decreased,-261.1700000000001,-255.89769932523342
2026-07-23,Sion Koliwada,0,flat,-15.49999999999995,60.48450699095608
2026-07-23,Sion Koliwada,0,increased,2575.9100000000003,2282.179913742975
2026-07-23,Thakur Complex,0,decreased,-64.46000000000001,-84.92603923084027
2026-07-23,Thakur Complex,0,flat,-82.68000000000008,-163.3616579541591
2026-07-23,Thakur Complex,0,increased,1582.4700000000003,1514.549066082888
2026-07-23,Thergaon,0,decreased,-103.56,-180.0543706766586
2026-07-23,Thergaon,0,flat,3603.61,-4367.2759508195195
2026-07-23,Thergaon,0,increased,695.0000000000002,716.9686722433265
2026-07-23,Tilak Road Pune,0,decreased,-152.79999999999995,-154.00548122525828
2026-07-23,Tilak Road Pune,0,flat,40.58999999999995,15.724490638719136
2026-07-23,Tilak Road Pune,0,increased,1013.91,1042.2430713182177
2026-07-23,Tilaknagar,0,decreased,-277.07999999999987,-259.66351471236794
2026-07-23,Tilaknagar,0,flat,21.000000000000043,-20.210254759491583
2026-07-23,Tilaknagar,0,increased,2062.64,1961.6580365235272
2026-07-23,Titwala,0,decreased,-335.31,-323.0492322404266
2026-07-23,Titwala,0,flat,255.20999999999978,-113.04548447184925
2026-07-23,Titwala,0,increased,1701.7099999999998,1641.2158074812608
2026-07-23,Trimurti Chowk Nashik,0,decreased,8.010000000000005,2.1812354978354946
2026-07-23,Trimurti Chowk Nashik,0,flat,-36.16999999999993,100.69473665006245
2026-07-23,Trimurti Chowk Nashik,0,increased,342.62000000000006,322.7071434009199
2026-07-23,Ulhas Nagar - Shahad,0,decreased,-321.0300000000001,-319.2166500659131
2026-07-23,Ulhas Nagar - Shahad,0,flat,-40.21000000000002,-106.13338243811367
2026-07-23,Ulhas Nagar - Shahad,0,increased,707.0600000000001,646.7493767117013
2026-07-23,Ulhas Nagar - Shreeram Chowk,0,decreased,-255.6100000000001,-259.64631038006513
2026-07-23,Ulhas Nagar - Shreeram Chowk,0,flat,7.240000000000048,19.165820879298614
2026-07-23,Ulhas Nagar - Shreeram Chowk,0,increased,514.83,491.39834460817616
2026-07-23,Ulhasnagar,0,decreased,-171.83999999999997,-153.75308581192
2026-07-23,Ulhasnagar,0,flat,143.37,-99.40419556142324
2026-07-23,Ulhasnagar,0,increased,1619.96,1564.260586187869
2026-07-23,Ulhasnagar - Humlog Circle,0,decreased,-167.69,-170.54365377640977
2026-07-23,Ulhasnagar - Humlog Circle,0,flat,116.71999999999991,-141.860478235841
2026-07-23,Ulhasnagar - Humlog Circle,0,increased,727.4200000000001,688.2688412622359
2026-07-23,Ulhasnagar - Khemani Chowk,0,decreased,-204.0,-199.3846044881508
2026-07-23,Ulhasnagar - Khemani Chowk,0,flat,53.06999999999991,-128.59694828220597
2026-07-23,Ulhasnagar - Khemani Chowk,0,increased,1002.0699999999999,1001.8590527008682
2026-07-23,Ulhasnagar Sector 4,0,decreased,-280.53,-291.8165626558082
2026-07-23,Ulhasnagar Sector 4,0,flat,-19.929999999999986,22.817317592204997
2026-07-23,Ulhasnagar Sector 4,0,increased,1217.9999999999998,1254.003514148382
2026-07-23,Ulwe-Navi Mumbai,0,decreased,-643.9300000000001,-832.6179800187115
2026-07-23,Ulwe-Navi Mumbai,0,flat,-259.45000000000005,-283.04231970581895
2026-07-23,Ulwe-Navi Mumbai,0,increased,1993.76,1991.4475604966035
2026-07-23,Vakola,0,decreased,-90.20999999999998,-77.02899889353745
2026-07-23,Vakola,0,flat,13.859999999999797,-50.372039262837944
2026-07-23,Vakola,0,increased,1967.22,1934.3016634682592
2026-07-23,Vasai West - Station Road,0,decreased,-176.61,-181.09390666226787
2026-07-23,Vasai West - Station Road,0,flat,-142.38999999999987,-266.4195162157912
2026-07-23,Vasai West - Station Road,0,increased,987.1800000000001,930.4885763177446
2026-07-23,Vashi,0,decreased,-211.87,-195.07788995142613
2026-07-23,Vashi,0,flat,-201.4400000000001,-161.0505523891009
2026-07-23,Vashi,0,increased,3051.03,3068.080277241468
2026-07-23,Vashi Sector 11,0,decreased,-451.76000000000005,-255.93041172415298
2026-07-23,Vashi Sector 11,0,flat,242.54999999999987,62.5543221582702
2026-07-23,Vashi Sector 11,0,increased,2050.17,2007.957314700822
2026-07-23,Veenanagar,0,decreased,-355.76999999999987,-576.8590414066016
2026-07-23,Veenanagar,0,flat,-109.54000000000005,74.06496487372577
2026-07-23,Veenanagar,0,increased,1462.99,1447.5330938808463
2026-07-23,Versova - Yari Road,0,decreased,-214.38,-230.19856235565126
2026-07-23,Versova - Yari Road,0,flat,-128.68999999999994,-12.40887718418474
2026-07-23,Versova - Yari Road,0,increased,1403.1800000000003,1693.05380580425
2026-07-23,Versova Andheri,0,decreased,-312.87,-308.2623486603957
2026-07-23,Versova Andheri,0,flat,-127.76000000000003,-281.0363238427428
2026-07-23,Versova Andheri,0,increased,2735.92,2684.58984680291
2026-07-23,Vijay Nagari - Thane,0,decreased,-365.31999999999994,-364.4583156656179
2026-07-23,Vijay Nagari - Thane,0,flat,202.14999999999992,23.07614892369829
2026-07-23,Vijay Nagari - Thane,0,increased,2261.82,2170.58140591904
2026-07-23,Vikhroli,0,decreased,-738.5799999999999,-642.1108930889437
2026-07-23,Vikhroli,0,flat,-125.06000000000003,-76.71463888666598
2026-07-23,Vikhroli,0,increased,3759.54,3649.4530149566817
2026-07-23,Vikhroli Kannamwar,0,decreased,-288.22999999999996,-294.2616781628469
2026-07-23,Vikhroli Kannamwar,0,flat,95.04000000000012,-101.85744098707323
2026-07-23,Vikhroli Kannamwar,0,increased,2231.54,2193.57197105871
2026-07-23,Vile Parle,0,decreased,-67.91999999999999,-75.9226015519422
2026-07-23,Vile Parle,0,flat,28.260000000000034,-33.76551311787051
2026-07-23,Vile Parle,0,increased,1301.0,1301.8903325627268
2026-07-23,Virar East,0,decreased,-227.99,-250.09185760653332
2026-07-23,Virar East,0,flat,-211.78000000000014,48.788574797260296
2026-07-23,Virar East,0,increased,727.0700000000002,603.4642110328971
2026-07-23,Virar West,0,decreased,-66.59999999999997,-61.0911361764258
2026-07-23,Virar West,0,flat,-114.93000000000004,-134.0907415599136
2026-07-23,Virar West,0,increased,1160.6100000000001,1061.543974552566
2026-07-23,Wadgaon Budruk Pune,0,decreased,-45.209999999999994,-44.09346061320755
2026-07-23,Wadgaon Budruk Pune,0,flat,56.35000000000002,69.00725397082905
2026-07-23,Wadgaon Budruk Pune,0,increased,845.1500000000001,843.9964283152705
2026-07-23,Wadgaon Sheri,0,decreased,-143.36,-150.1173340751418
2026-07-23,Wadgaon Sheri,0,flat,-120.90000000000006,67.3705115008058
2026-07-23,Wadgaon Sheri,0,increased,1079.66,1031.3550795375568
2026-07-23,Wadgaon Sheri-Old Mundhwa Rd,0,decreased,-62.220000000000006,-63.35878399412628
2026-07-23,Wadgaon Sheri-Old Mundhwa Rd,0,flat,20.300000000000004,119.89759722230974
2026-07-23,Wadgaon Sheri-Old Mundhwa Rd,0,increased,457.3700000000001,477.2213146933001
2026-07-23,Wanawadi Pune,0,decreased,-29.360000000000014,-28.174928803266685
2026-07-23,Wanawadi Pune,0,flat,3.129999999999889,70.59043501576484
2026-07-23,Wanawadi Pune,0,increased,1074.17,980.5040399367689
2026-07-23,Warje Pune,0,decreased,-38.669999999999995,-38.57493439415108
2026-07-23,Warje Pune,0,flat,13.059999999999922,97.5755018555641
2026-07-23,Warje Pune,0,increased,574.45,591.211185420538
2026-07-23,Wayale Nagar,0,decreased,-184.35,-210.7860999906498
2026-07-23,Wayale Nagar,0,flat,494.4499999999998,181.9248585493859
2026-07-23,Wayale Nagar,0,increased,1418.21,1331.9338413663652
2026-07-23,Yashodhan,0,decreased,-175.26999999999998,-174.30629322948266
2026-07-23,Yashodhan,0,flat,102.28999999999999,-276.11397460743507
2026-07-23,Yashodhan,0,increased,3375.65,3333.537240648968
2026-07-23,Yogi Nagar,0,decreased,-127.03,-124.33531215198788
2026-07-23,Yogi Nagar,0,flat,-1.9799999999999685,-58.69198658519414
2026-07-23,Yogi Nagar,0,increased,809.4699999999999,1150.6941062682426
2026-07-23,Yogidham Kalyan,0,decreased,-45.484999999999985,-48.735745367045574
2026-07-23,Yogidham Kalyan,0,flat,-685.9634,-627.8256244186017
2026-07-23,Yogidham Kalyan,0,increased,748.6567999999999,706.5538957808214
2026-07-24,7 Rasta Byculla,0,decreased,-226.95000000000005,-269.7339377032776
2026-07-24,7 Rasta Byculla,0,flat,97.27999999999989,13.891014607617137
2026-07-24,7 Rasta Byculla,0,increased,1522.84,1420.1840466236088
2026-07-24,Airoli,0,decreased,-231.44,-182.46102420109074
2026-07-24,Airoli,0,flat,258.03,-2.9730439253283354
2026-07-24,Airoli,0,increased,3105.22,3006.307745593757
2026-07-24,Airoli Sector - 3,0,decreased,-191.79999999999995,-195.660401118883
2026-07-24,Airoli Sector - 3,0,flat,138.38999999999993,118.49597049838343
2026-07-24,Airoli Sector - 3,0,increased,1555.31,1545.901099680119
2026-07-24,Ambegaon Pune,0,decreased,-100.11000000000001,-110.71990812369971
2026-07-24,Ambegaon Pune,0,flat,305.9200000000001,222.18069930208497
2026-07-24,Ambegaon Pune,0,increased,1061.0399999999997,1037.522031031671
2026-07-24,Ambernath East,0,decreased,-121.02000000000002,-94.42649027189414
2026-07-24,Ambernath East,0,flat,-143.72999999999985,-120.59738103941078
2026-07-24,Ambernath East,0,increased,1135.96,1101.8345261242343
2026-07-24,Ambernath West,0,decreased,-87.43999999999998,-86.43563927406063
2026-07-24,Ambernath West,0,flat,51.639999999999986,10.060461789534845
2026-07-24,Ambernath West,0,increased,914.96,943.0854828158274
2026-07-24,Ashokvan Dahisar,0,decreased,-315.36,-229.33359983598314
2026-07-24,Ashokvan Dahisar,0,flat,-46.90999999999988,213.99182772481623
2026-07-24,Ashokvan Dahisar,0,increased,2085.87,2032.8905608529988
2026-07-24,Badlapur - Belavali,0,decreased,-329.25,-345.6625706022076
2026-07-24,Badlapur - Belavali,0,flat,397.47,-172.90654888519848
2026-07-24,Badlapur - Belavali,0,increased,892.0300000000001,766.6606568695912
2026-07-24,Badlapur East,0,decreased,2.6999999999999886,-18.69602058080808
2026-07-24,Badlapur East,0,flat,59.24999999999997,-31.794597141179295
2026-07-24,Badlapur East,0,increased,1237.19,1014.0921396328354
2026-07-24,Bandra,1,decreased,-802.26,-609.7789277226833
2026-07-24,Bandra,1,flat,38.910000000000075,35.97266790984429
2026-07-24,Bandra,1,increased,2300.3,2329.640941139144
2026-07-24,Bhandup West,0,decreased,-244.59999999999997,-283.09483025735676
2026-07-24,Bhandup West,0,flat,-136.8699999999998,-565.3384966941477
2026-07-24,Bhandup West,0,increased,2204.9,2314.068000870029
2026-07-24,Bhayandar,0,decreased,-350.72,-345.93007532877255
2026-07-24,Bhayandar,0,flat,577.26,317.30479880590457
2026-07-24,Bhayandar,0,increased,2117.8,1940.9689694943488
2026-07-24,Bhayander 60 Feet Road,0,decreased,-368.15999999999997,-448.536327951074
2026-07-24,Bhayander 60 Feet Road,0,flat,-61.370000000000104,-25.306854992588068
2026-07-24,Bhayander 60 Feet Road,0,increased,1160.47,935.5624173393276
2026-07-24,Bhekrainagar Pune,0,decreased,-28.43,-27.98831197847737
2026-07-24,Bhekrainagar Pune,0,flat,39.609999999999985,162.73486685163525
2026-07-24,Bhekrainagar Pune,0,increased,468.68,464.1349245607288
2026-07-24,Bhiwandi - Shivaji Chowk,0,decreased,-61.94,-60.704918035062015
2026-07-24,Bhiwandi - Shivaji Chowk,0,flat,-37.10999999999994,117.70118460062378
2026-07-24,Bhiwandi - Shivaji Chowk,0,increased,404.99,403.6153919653393
2026-07-24,Bhiwandi Dhamankar Naka,1,decreased,-201.5300000000001,-205.09206138476262
2026-07-24,Bhiwandi Dhamankar Naka,1,flat,68.55999999999983,40.892758723450946
2026-07-24,Bhiwandi Dhamankar Naka,1,increased,1510.8400000000001,1189.3489220513734
2026-07-24,Bibwewadi Pune,0,decreased,-29.99000000000002,-29.16998918548074
2026-07-24,Bibwewadi Pune,0,flat,-54.980000000000025,28.56719211759848
2026-07-24,Bibwewadi Pune,0,increased,1195.49,1288.4283245996273
2026-07-24,Bytco Point Nashik,0,decreased,-193.62,-203.7700118224915
2026-07-24,Bytco Point Nashik,0,flat,117.14000000000007,-116.86518001673481
2026-07-24,Bytco Point Nashik,0,increased,600.6500000000001,458.92738331591306
2026-07-24,CST Bora Bazaar,0,decreased,-120.89999999999996,-152.65965158503056
2026-07-24,CST Bora Bazaar,0,flat,74.92000000000004,67.02901663099803
2026-07-24,CST Bora Bazaar,0,increased,1100.7,1100.5300000674624
2026-07-24,Chandivali,0,decreased,-125.55999999999999,-143.2970890027975
2026-07-24,Chandivali,0,flat,91.5100000000001,-6.265266344578166
2026-07-24,Chandivali,0,increased,1223.94,1304.4202942459108
2026-07-24,Charkop,0,decreased,-58.38999999999999,-46.975806403588265
2026-07-24,Charkop,0,flat,78.82999999999996,172.38762182490103
2026-07-24,Charkop,0,increased,1784.36,1760.3895391459628
2026-07-24,Chembur,0,decreased,-114.42,-136.41057554723298
2026-07-24,Chembur,0,flat,125.96999999999998,88.23133256797118
2026-07-24,Chembur,0,increased,3132.21,3178.760831347262
2026-07-24,Chinchwad,1,decreased,-270.68000000000006,-250.05732172745235
2026-07-24,Chinchwad,1,flat,535.0899999999999,307.37285925413687
2026-07-24,Chinchwad,1,increased,773.68,764.9406925004735
2026-07-24,Chinchwad - Gandhi Peth,1,decreased,-24.56999999999998,-25.758826456834512
2026-07-24,Chinchwad - Gandhi Peth,1,flat,23.400000000000013,31.179812691149692
2026-07-24,Chinchwad - Gandhi Peth,1,increased,226.44999999999993,221.66788447427263
2026-07-24,Cidco Nashik,0,decreased,-148.54,-173.54729401101662
2026-07-24,Cidco Nashik,0,flat,29.919999999999938,-5.242680490886045
2026-07-24,Cidco Nashik,0,increased,335.06,285.44918473198055
2026-07-24,Colaba,1,decreased,-212.7,-624.7816397656647
2026-07-24,Colaba,1,flat,178.63000000000008,184.04150663632197
2026-07-24,Colaba,1,increased,1322.0300000000002,1294.4612535623999
2026-07-24,Dadar East,0,decreased,-118.66999999999999,-112.82926623248125
2026-07-24,Dadar East,0,flat,38.09999999999993,118.30697905247659
2026-07-24,Dadar East,0,increased,904.7,850.3501031960723
2026-07-24,Dahisar,0,decreased,-124.98,-139.55998882041888
2026-07-24,Dahisar,0,flat,181.1099999999999,-28.609402674046965
2026-07-24,Dahisar,0,increased,1797.5,1698.5003281451193
2026-07-24,Dattnagar,0,decreased,-84.17999999999998,-79.78804038593891
2026-07-24,Dattnagar,0,flat,-268.78000000000003,-89.55911240142318
2026-07-24,Dattnagar,0,increased,998.9700000000001,943.0088051674092
2026-07-24,Dhanakwadi,0,decreased,-145.45999999999998,-135.98905613291706
2026-07-24,Dhanakwadi,0,flat,71.66000000000001,-139.7949331707862
2026-07-24,Dhanakwadi,0,increased,963.1,891.8184124610985
2026-07-24,Dhanori Pune,0,decreased,-248.42999999999995,-152.8024028393278
2026-07-24,Dhanori Pune,0,flat,24.430000000000014,33.809148400216394
2026-07-24,Dhanori Pune,0,increased,1075.31,1082.1034421836955
2026-07-24,Dhayari Pune,0,decreased,-200.60999999999996,-113.84564565600058
2026-07-24,Dhayari Pune,0,flat,107.55000000000001,63.442062511513264
2026-07-24,Dhayari Pune,0,increased,745.33,732.3219522982329
2026-07-24,Dighi Pune,1,decreased,-139.08999999999997,-319.26519316322356
2026-07-24,Dighi Pune,1,flat,11.479999999999919,-137.21799027178787
2026-07-24,Dighi Pune,1,increased,550.55,526.3296138593898
2026-07-24,Dombivali,0,decreased,-225.50999999999996,-215.89896951155177
2026-07-24,Dombivali,0,flat,55.409999999999926,-22.533980336126824
2026-07-24,Dombivali,0,increased,1953.3400000000004,1877.4982303627987
2026-07-24,Dombivali - Navpada,0,decreased,-128.47999999999993,-82.06569451085399
2026-07-24,Dombivali - Navpada,0,flat,92.85,151.25190313598546
2026-07-24,Dombivali - Navpada,0,increased,660.0,632.0539862219721
2026-07-24,Dombivali - Reti Bunder,0,decreased,-170.05500000000006,-168.85305439507505
2026-07-24,Dombivali - Reti Bunder,0,flat,212.26680000000005,117.04142317256864
2026-07-24,Dombivali - Reti Bunder,0,increased,463.6648,505.494080594033
2026-07-24,Dombivli West,0,decreased,-264.2899999999999,-265.6741321374889
2026-07-24,Dombivli West,0,flat,88.03000000000003,170.69810127693785
2026-07-24,Dombivli West,0,increased,2836.17,2705.4229423225156
2026-07-24,Evershine Nagar,0,decreased,-284.80000000000007,343.02101087927275
2026-07-24,Evershine Nagar,0,flat,181.72999999999993,-106.68625230521685
2026-07-24,Evershine Nagar,0,increased,661.01,678.7323598007065
2026-07-24,Fam Society - Koperkhairne,0,decreased,-479.8,-493.301585320227
2026-07-24,Fam Society - Koperkhairne,0,flat,139.75000000000006,49.564998285422675
2026-07-24,Fam Society - Koperkhairne,0,increased,1994.1699999999998,1745.511402644378
2026-07-24,Fursungi Pune,0,decreased,-71.95,-69.78613892421774
2026-07-24,Fursungi Pune,0,flat,295.20000000000005,335.679606347641
2026-07-24,Fursungi Pune,0,increased,482.0399999999999,446.2165102450813
2026-07-24,Ghansoli,0,decreased,-322.93000000000006,-331.1305693324846
2026-07-24,Ghansoli,0,flat,255.22999999999996,-32.289005946303824
2026-07-24,Ghansoli,0,increased,2833.89,2719.852388508691
2026-07-24,Ghatkopar East,0,decreased,-413.7500000000001,-420.1795199393192
2026-07-24,Ghatkopar East,0,flat,353.77000000000027,-99.07287278297878
2026-07-24,Ghatkopar East,0,increased,1387.1,1315.1490545905838
2026-07-24,Ghatkopar West,0,decreased,-99.74000000000001,-196.59352059133
2026-07-24,Ghatkopar West,0,flat,-22.279999999999948,-124.36208389599948
2026-07-24,Ghatkopar West,0,increased,1486.3999999999999,1409.5696025144787
2026-07-24,Ghodapdeo - Byculla,0,decreased,-121.77999999999997,-132.76995410871808
2026-07-24,Ghodapdeo - Byculla,0,flat,-129.0000000000004,24.939314225701118
2026-07-24,Ghodapdeo - Byculla,0,increased,1318.07,1281.7748691878778
2026-07-24,Global City Virar West,0,decreased,-226.29000000000002,-172.95384861117583
2026-07-24,Global City Virar West,0,flat,93.38999999999996,23.852697835845046
2026-07-24,Global City Virar West,0,increased,706.1600000000001,692.9758056111158
2026-07-24,Goregaon,1,decreased,-117.21000000000001,-175.84305208540968
2026-07-24,Goregaon,1,flat,640.7499999999999,303.77652007184884
2026-07-24,Goregaon,1,increased,3028.2,3111.2740459243296
2026-07-24,Goregaon West S.V. Road,1,decreased,-243.19999999999996,-220.42247996781222
2026-07-24,Goregaon West S.V. Road,1,flat,246.40000000000003,328.39558947389446
2026-07-24,Goregaon West S.V. Road,1,increased,1632.63,1195.521262496227
2026-07-24,Govandi,0,decreased,-446.41999999999996,-443.5247259042335
2026-07-24,Govandi,0,flat,79.70000000000012,44.0437136493388
2026-07-24,Govandi,0,increased,3134.4300000000003,3112.3042023672238
2026-07-24,Gujrat Colony Kothrud,0,decreased,-81.89999999999998,-111.08818295781711
2026-07-24,Gujrat Colony Kothrud,0,flat,-158.2300000000001,-207.33457812245103
2026-07-24,Gujrat Colony Kothrud,0,increased,331.39,385.77041950432675
2026-07-24,Gulab Nagar Pune,0,decreased,-49.07000000000001,-32.86360112678439
2026-07-24,Gulab Nagar Pune,0,flat,-11.759999999999934,-163.38278994885994
2026-07-24,Gulab Nagar Pune,0,increased,893.0200000000002,769.203729323155
2026-07-24,Hari Om Nagar,0,decreased,-268.56000000000006,-268.82355924736964
2026-07-24,Hari Om Nagar,0,flat,168.44999999999996,-4.500617238343921
2026-07-24,Hari Om Nagar,0,increased,1849.89,1821.7492634789853
2026-07-24,Hiltron Ulhasnagar,0,decreased,-143.16,-118.03465298344935
2026-07-24,Hiltron Ulhasnagar,0,flat,225.81999999999988,82.69171839906392
2026-07-24,Hiltron Ulhasnagar,0,increased,638.38,641.8723218092197
2026-07-24,Hiranandani Thane,0,decreased,-432.89,-468.2346016631505
2026-07-24,Hiranandani Thane,0,flat,-35.04999999999994,-297.88821510525725
2026-07-24,Hiranandani Thane,0,increased,4861.889999999999,3405.66132480328
2026-07-24,IC Colony Borivali,0,decreased,-375.19999999999993,-386.9751092192365
2026-07-24,IC Colony Borivali,0,flat,357.67999999999995,-353.370444787449
2026-07-24,IC Colony Borivali,0,increased,3881.67,3627.449737934343
2026-07-24,JB Nagar,0,decreased,-356.71,-346.36738111488955
2026-07-24,JB Nagar,0,flat,164.49000000000024,105.76464036453868
2026-07-24,JB Nagar,0,increased,2641.29,2561.046549430585
2026-07-24,JJ Hospital,0,decreased,-444.72000000000014,-304.38388397977474
2026-07-24,JJ Hospital,0,flat,174.83,78.32431976255042
2026-07-24,JJ Hospital,0,increased,2627.69,2614.1481518935725
2026-07-24,Jagruti Nagar Ghatkopar,0,decreased,-20.22,-19.463076222826107
2026-07-24,Jagruti Nagar Ghatkopar,0,flat,121.09999999999987,124.59713896476978
2026-07-24,Jagruti Nagar Ghatkopar,0,increased,1104.3000000000002,1150.7687990087275
2026-07-24,Jail Road Nashik,0,decreased,-54.94,-54.88514128540631
2026-07-24,Jail Road Nashik,0,flat,332.0099999999999,-467.01315373886183
2026-07-24,Jail Road Nashik,0,increased,1253.91,1222.32123710739
2026-07-24,Jay VIjay Nagar Nalasopara East,0,decreased,-15.199999999999996,-19.835570905264817
2026-07-24,Jay VIjay Nagar Nalasopara East,0,flat,69.97999999999993,77.8313412461888
2026-07-24,Jay VIjay Nagar Nalasopara East,0,increased,440.4100000000001,405.3233401866414
2026-07-24,Kalamboli,0,decreased,-176.38999999999996,-220.51292392884127
2026-07-24,Kalamboli,0,flat,100.88999999999996,-73.24979411298762
2026-07-24,Kalamboli,0,increased,1066.74,1063.0023823261683
2026-07-24,Kalher Bhiwandi,0,decreased,-365.63,-363.92928514740356
2026-07-24,Kalher Bhiwandi,0,flat,174.51999999999998,195.59008853038205
2026-07-24,Kalher Bhiwandi,0,increased,1491.2800000000002,1335.0274543347286
2026-07-24,Kalina,0,decreased,-61.06999999999999,-58.537438099747455
2026-07-24,Kalina,0,flat,1130.3799999999994,360.0075983179622
2026-07-24,Kalina,0,increased,1434.57,1232.4729252246134
2026-07-24,Kalwa,0,decreased,-330.66999999999996,-358.4235321379243
2026-07-24,Kalwa,0,flat,-361.1199999999998,-352.6747422052494
2026-07-24,Kalwa,0,increased,3593.92,3628.102906889337
2026-07-24,Kalyan,0,decreased,-216.54999999999998,-155.25667312810913
2026-07-24,Kalyan,0,flat,10.609999999999985,78.71122795539767
2026-07-24,Kalyan,0,increased,1843.9099999999999,1855.5327713762813
2026-07-24,Kalyan - DB Chowk,0,decreased,-20.31,-28.28131762009988
2026-07-24,Kalyan - DB Chowk,0,flat,41.52000000000007,128.27380392012054
2026-07-24,Kalyan - DB Chowk,0,increased,325.14,307.8922074311466
2026-07-24,Kalyan East-Tisgaon Naka,0,decreased,-196.65999999999997,-175.49124549623764
2026-07-24,Kalyan East-Tisgaon Naka,0,flat,-144.03000000000003,-65.20611626323753
2026-07-24,Kalyan East-Tisgaon Naka,0,increased,1457.6100000000001,1433.8091898311952
2026-07-24,Kalyan West Club Road,0,decreased,-105.66999999999996,-91.23521450448055
2026-07-24,Kalyan West Club Road,0,flat,590.71,-60.425319843612705
2026-07-24,Kalyan West Club Road,0,increased,1443.55,1476.774526823753
2026-07-24,Kamotha,0,decreased,-515.0799999999999,-332.44466307796745
2026-07-24,Kamotha,0,flat,152.72999999999996,-76.22606825828014
2026-07-24,Kamotha,0,increased,2298.5899999999997,2200.615448896962
2026-07-24,Kamothe - Sector 36,0,decreased,-26.479999999999983,-42.91185760653335
2026-07-24,Kamothe - Sector 36,0,flat,146.72999999999993,158.85268864007406
2026-07-24,Kamothe - Sector 36,0,increased,695.58,542.470218936971
2026-07-24,Kandivali East,0,decreased,-99.49999999999994,-119.6779221504644
2026-07-24,Kandivali East,0,flat,37.24000000000002,-9.453937236092841
2026-07-24,Kandivali East,0,increased,1423.4700000000003,1356.0626566804192
2026-07-24,Kandivali West,0,decreased,-3873.869999999999,-4087.109546511622
2026-07-24,Kandivali West,0,flat,-23.880000000000095,-125.78121831411386
2026-07-24,Kandivali West,0,increased,414.10999999999996,407.1156000824065
2026-07-24,Kasarvadavali Thane,0,decreased,-237.29,-247.4758335673303
2026-07-24,Kasarvadavali Thane,0,flat,-89.81,-131.05205795369017
2026-07-24,Kasarvadavali Thane,0,increased,1447.7299999999998,1436.8926379165591
2026-07-24,Katrap Badlapur East,0,decreased,-191.2199999999999,-187.62728606807173
2026-07-24,Katrap Badlapur East,0,flat,93.33999999999985,-44.546768206790496
2026-07-24,Katrap Badlapur East,0,increased,638.02,606.605148623483
2026-07-24,Khadki Pune,0,decreased,-109.39000000000001,65.43555599055462
2026-07-24,Khadki Pune,0,flat,182.36999999999992,-135.7897361718992
2026-07-24,Khadki Pune,0,increased,926.8599999999999,794.8773702607511
2026-07-24,Khanda Colony,1,decreased,-155.85000000000002,-152.0081509303848
2026-07-24,Khanda Colony,1,flat,2.419999999999934,-45.11586217134498
2026-07-24,Khanda Colony,1,increased,1863.8,1924.7540809659301
2026-07-24,Khar West,1,decreased,-275.74,-197.64396421207246
2026-07-24,Khar West,1,flat,90.60999999999997,221.64995731971445
2026-07-24,Khar West,1,increased,1539.42,1568.3330139981927
2026-07-24,Kharghar,0,decreased,-134.32,-112.88528544308784
2026-07-24,Kharghar,0,flat,-104.60999999999991,-428.3468987238565
2026-07-24,Kharghar,0,increased,3277.27,3257.411724690481
2026-07-24,Kharghar Sector 12,0,decreased,-152.63,-338.4872041220728
2026-07-24,Kharghar Sector 12,0,flat,176.6599999999995,431.6393360783802
2026-07-24,Kharghar Sector 12,0,increased,1090.7600000000002,1071.7066136672597
2026-07-24,Khopat,0,decreased,-184.17000000000002,-177.72551143539374
2026-07-24,Khopat,0,flat,259.8499999999998,223.29410479318628
2026-07-24,Khopat,0,increased,2001.88,1907.225302660985
2026-07-24,Khutwad Nagar Nashik,0,decreased,-19.78,-19.749928803266677
2026-07-24,Khutwad Nagar Nashik,0,flat,114.46999999999997,127.71314463087177
2026-07-24,Khutwad Nagar Nashik,0,increased,288.12999999999994,248.6706548473243
2026-07-24,Kolsheth,0,decreased,-43.41000000000002,-43.30670849491762
2026-07-24,Kolsheth,0,flat,-275.56999999999994,-728.2018560556486
2026-07-24,Kolsheth,0,increased,4092.8900000000003,3850.7330893149165
2026-07-24,Kopar Khairane,0,decreased,-463.56,-437.80507485733517
2026-07-24,Kopar Khairane,0,flat,1208.51,513.775020452694
2026-07-24,Kopar Khairane,0,increased,3166.02,3068.037978768287
2026-07-24,Kopari Thane,0,decreased,-164.25,-155.44899022943827
2026-07-24,Kopari Thane,0,flat,-1041.6699999999998,-1236.0031042295461
2026-07-24,Kopari Thane,0,increased,709.5300000000001,591.5721977602564
2026-07-24,Koper Khairane - Sector 7,0,decreased,-351.39,-355.12393715259725
2026-07-24,Koper Khairane - Sector 7,0,flat,-32.16999999999998,71.47143115786561
2026-07-24,Koper Khairane - Sector 7,0,increased,801.76,840.1548583825189
2026-07-24,Kulgaon Badlapur West,0,decreased,-153.4199999999999,-149.88738090719056
2026-07-24,Kulgaon Badlapur West,0,flat,-73.20000000000002,-83.15137013657514
2026-07-24,Kulgaon Badlapur West,0,increased,1505.0,1457.8730474396573
2026-07-24,Kurla,0,decreased,-325.43999999999994,-318.4730227872144
2026-07-24,Kurla,0,flat,92.08999999999997,495.8987680837531
2026-07-24,Kurla,0,increased,1413.17,1400.8883655988275
2026-07-24,Kurla West,0,decreased,-341.37,-353.7056635997946
2026-07-24,Kurla West,0,flat,73.14000000000014,-7.550409240485223
2026-07-24,Kurla West,0,increased,1825.55,1633.9580720788927
2026-07-24,Lower Parel - SJ Marg,0,decreased,-306.61,-309.10888525946734
2026-07-24,Lower Parel - SJ Marg,0,flat,209.76999999999995,-38.06873472253776
2026-07-24,Lower Parel - SJ Marg,0,increased,1061.35,977.227985846406
2026-07-24,Mahakali,0,decreased,-511.19999999999993,-301.9233420543833
2026-07-24,Mahakali,0,flat,172.47000000000023,323.68333458117206
2026-07-24,Mahakali,0,increased,2860.71,2790.560137391827
2026-07-24,Mahavir Pride Dombivali,0,decreased,-292.91,-284.1586976901532
2026-07-24,Mahavir Pride Dombivali,0,flat,-207.6100000000001,-300.4826521510369
2026-07-24,Mahavir Pride Dombivali,0,increased,1924.84,1783.0734464120658
2026-07-24,Mahim West,0,decreased,-188.72,-194.885780244337
2026-07-24,Mahim West,0,flat,250.43000000000012,110.29703594541735
2026-07-24,Mahim West,0,increased,1674.2300000000002,1513.5390420684967
2026-07-24,Malad,0,decreased,-594.77,-605.4073267990453
2026-07-24,Malad,0,flat,-238.92000000000027,-154.8950972255396
2026-07-24,Malad,0,increased,1883.95,1883.0490897942793
2026-07-24,Malad Liberty Garden,0,decreased,-382.96,-405.32625902729734
2026-07-24,Malad Liberty Garden,0,flat,26.829999999999988,84.44644034780401
2026-07-24,Malad Liberty Garden,0,increased,1632.7700000000002,1620.3117357082454
2026-07-24,Malwani,0,decreased,-883.9999999999998,-1457.4934937363041
2026-07-24,Malwani,0,flat,-15.050000000000034,319.929077746833
2026-07-24,Malwani,0,increased,1340.2800000000002,1324.2046222762751
2026-07-24,Marol,0,decreased,-63.88000000000002,-150.5897699019999
2026-07-24,Marol,0,flat,739.9499999999999,302.47349045608587
2026-07-24,Marol,0,increased,2623.9700000000003,2577.176961787343
2026-07-24,Mharal Ulhasnagar,0,decreased,-184.11999999999995,-155.62522471981907
2026-07-24,Mharal Ulhasnagar,0,flat,907.7400000000001,-472.0556966490704
2026-07-24,Mharal Ulhasnagar,0,increased,1016.78,846.5770339622957
2026-07-24,Mhasrul Nashik,0,decreased,-360.44000000000005,-525.1019271834207
2026-07-24,Mhasrul Nashik,0,flat,71.51,-64.53677294656651
2026-07-24,Mhasrul Nashik,0,increased,673.8800000000001,616.7642211768376
2026-07-24,Mira Road,0,decreased,-314.42,-288.4291851396216
2026-07-24,Mira Road,0,flat,179.07999999999987,59.735618757434366
2026-07-24,Mira Road,0,increased,974.66,880.2798576749487
2026-07-24,Mira Road - GCC Club Road,0,decreased,-70.05999999999999,-78.67387198443303
2026-07-24,Mira Road - GCC Club Road,0,flat,-337.05999999999983,-488.72866849597335
2026-07-24,Mira Road - GCC Club Road,0,increased,226.59999999999997,245.42236112521036
2026-07-24,Mira Road Jangid Complex,0,decreased,-161.71999999999997,-160.8749194886643
2026-07-24,Mira Road Jangid Complex,0,flat,32.989999999999995,104.20584774040333
2026-07-24,Mira Road Jangid Complex,0,increased,1470.21,1417.482194418706
2026-07-24,Mohan Nagar Kandivali,0,decreased,-475.09999999999997,-484.2387317300723
2026-07-24,Mohan Nagar Kandivali,0,flat,36.550000000000104,-95.90632485750285
2026-07-24,Mohan Nagar Kandivali,0,increased,1511.68,1485.7325788800354
2026-07-24,Mulund East,0,decreased,-282.77000000000004,-219.28690600493286
2026-07-24,Mulund East,0,flat,-187.14000000000001,-83.14127115428879
2026-07-24,Mulund East,0,increased,4001.37,3753.636315716199
2026-07-24,Mulund Panch Rasta,0,decreased,-228.72000000000003,-165.31593071974095
2026-07-24,Mulund Panch Rasta,0,flat,2.609999999999978,-191.14098168226525
2026-07-24,Mulund Panch Rasta,0,increased,892.81,900.0763635721364
2026-07-24,Mulund West,0,decreased,-53.769999999999996,-62.49458541272732
2026-07-24,Mulund West,0,flat,121.81000000000009,-66.54962469104302
2026-07-24,Mulund West,0,increased,2826.03,2387.22807380989
2026-07-24,Mulund West-Sarvodaya Nagar,0,decreased,-97.78999999999996,-118.73774941877159
2026-07-24,Mulund West-Sarvodaya Nagar,0,flat,48.190000000000225,212.44291242719146
2026-07-24,Mulund West-Sarvodaya Nagar,0,increased,2130.7300000000005,2103.0802648719564
2026-07-24,Mundhwa Pune,0,decreased,-12.300000000000004,-12.300000000000011
2026-07-24,Mundhwa Pune,0,flat,21.689999999999962,-145.6744418571264
2026-07-24,Mundhwa Pune,0,increased,298.68,311.06801495056186
2026-07-24,NIBM Kondwa,0,decreased,-272.31,-200.65625217019385
2026-07-24,NIBM Kondwa,0,flat,86.05000000000001,9.355413279200821
2026-07-24,NIBM Kondwa,0,increased,1727.6200000000001,1741.1079956693648
2026-07-24,Nahur West,0,decreased,-140.13,-138.19831931269636
2026-07-24,Nahur West,0,flat,46.34000000000006,-13.239261995156944
2026-07-24,Nahur West,0,increased,1211.6299999999999,1071.0080250480535
2026-07-24,Nalasopara - Yashwant Nagar,0,decreased,-67.82999999999998,-79.46606166687835
2026-07-24,Nalasopara - Yashwant Nagar,0,flat,18.489999999999938,40.485377209733336
2026-07-24,Nalasopara - Yashwant Nagar,0,increased,645.2200000000001,618.8039310175086
2026-07-24,Nalasopara West,0,decreased,-61.909999999999975,-49.433785480911524
2026-07-24,Nalasopara West,0,flat,-103.63000000000025,-28.72900903604352
2026-07-24,Nalasopara West,0,increased,1141.27,1143.0308720434618
2026-07-24,Narhe Pune,0,decreased,-236.74,-234.50336093473533
2026-07-24,Narhe Pune,0,flat,87.03000000000006,55.046210205506405
2026-07-24,Narhe Pune,0,increased,936.2299999999999,868.9446582355155
2026-07-24,Naupada,0,decreased,-174.70000000000013,-104.2456408607627
2026-07-24,Naupada,0,flat,108.38000000000005,-334.5714804635325
2026-07-24,Naupada,0,increased,2393.12,2285.4927879126126
2026-07-24,Navare Nagar Ambernath,0,decreased,-78.06999999999996,-72.863733800593
2026-07-24,Navare Nagar Ambernath,0,flat,-74.73000000000009,-144.4297480653674
2026-07-24,Navare Nagar Ambernath,0,increased,710.7099999999999,737.7125436041072
2026-07-24,Navi Peth Pune,0,decreased,-123.7,-103.33805827652237
2026-07-24,Navi Peth Pune,0,flat,46.37000000000015,-85.5581870922304
2026-07-24,Navi Peth Pune,0,increased,981.46,875.4180311308704
2026-07-24,Navjeevan Mumbai Central,0,decreased,-422.43000000000006,-396.86080925077886
2026-07-24,Navjeevan Mumbai Central,0,flat,257.5899999999995,-143.32967956226528
2026-07-24,Navjeevan Mumbai Central,0,increased,1558.1800000000003,1511.0200876016845
2026-07-24,Nerul East,0,decreased,-494.13,-467.8017800430689
2026-07-24,Nerul East,0,flat,1.5299999999999843,140.6049912619551
2026-07-24,Nerul East,0,increased,1844.82,1777.8707345449002
2026-07-24,Nerul West,0,decreased,-100.18999999999994,-79.85603085252805
2026-07-24,Nerul West,0,flat,206.51000000000002,105.48014272108689
2026-07-24,Nerul West,0,increased,1757.65,1786.6046741783632
2026-07-24,New Panvel,0,decreased,-204.62,-203.9527116515341
2026-07-24,New Panvel,0,flat,172.32999999999996,523.2442958610704
2026-07-24,New Panvel,0,increased,2504.14,2302.900034561815
2026-07-24,Old Panvel,0,decreased,-406.36,-415.46598418775125
2026-07-24,Old Panvel,0,flat,259.96999999999997,116.07356821723448
2026-07-24,Old Panvel,0,increased,2973.8599999999997,1038.606363721859
2026-07-24,Palegaon Ambernath,0,decreased,-131.82999999999998,-134.67239419934378
2026-07-24,Palegaon Ambernath,0,flat,320.23000000000013,263.0685960319898
2026-07-24,Palegaon Ambernath,0,increased,880.44,879.0122208583618
2026-07-24,Panchpakhadi,0,decreased,30.939999999999976,-73.2382554661531
2026-07-24,Panchpakhadi,0,flat,30.730000000000032,180.48687100481217
2026-07-24,Panchpakhadi,0,increased,1024.35,1061.7782166309564
2026-07-24,Pantnagar,0,decreased,-204.59999999999997,-194.62256466514881
2026-07-24,Pantnagar,0,flat,88.77,155.34662474280339
2026-07-24,Pantnagar,0,increased,1048.98,1063.6231440928793
2026-07-24,Panvel - Uran Naka,0,decreased,-389.71999999999997,-260.184508326619
2026-07-24,Panvel - Uran Naka,0,flat,-1821.5400000000002,-194.16833537256974
2026-07-24,Panvel - Uran Naka,0,increased,644.24,591.8920581345972
2026-07-24,Phadke Road - Dombivali,0,decreased,-97.24999999999994,-91.99328652780015
2026-07-24,Phadke Road - Dombivali,0,flat,68.60999999999999,45.69024451058317
2026-07-24,Phadke Road - Dombivali,0,increased,1311.3899999999999,1252.9353999772193
2026-07-24,Pimple Gurav,0,decreased,-408.7699999999998,-377.85941423489066
2026-07-24,Pimple Gurav,0,flat,206.31000000000006,201.59950837190271
2026-07-24,Pimple Gurav,0,increased,815.63,809.439084634868
2026-07-24,Prabhadevi,0,decreased,-489.11000000000007,-412.5125336041522
2026-07-24,Prabhadevi,0,flat,367.97000000000025,29.38769896164487
2026-07-24,Prabhadevi,0,increased,2220.48,2110.3503142817945
2026-07-24,Pragati Nagar Nalasopara East,0,decreased,-105.16,-104.66470956435195
2026-07-24,Pragati Nagar Nalasopara East,0,flat,-26.209999999999955,42.6622445216904
2026-07-24,Pragati Nagar Nalasopara East,0,increased,619.8400000000003,583.3447027615293
2026-07-24,Rajawadi,0,decreased,-167.67000000000002,-142.64351653285536
2026-07-24,Rajawadi,0,flat,526.81,245.43778763579263
2026-07-24,Rajawadi,0,increased,2079.7000000000003,1968.5335941786334
2026-07-24,Roadpali Kalamboli,0,decreased,-298.07,-303.937621587528
2026-07-24,Roadpali Kalamboli,0,flat,161.54,210.52842686948415
2026-07-24,Roadpali Kalamboli,0,increased,1358.0200000000002,1297.2312818599034
2026-07-24,Rupee Nagar Pune,0,decreased,-82.10999999999997,-69.17993749694074
2026-07-24,Rupee Nagar Pune,0,flat,-201.45999999999987,-36.4363583557457
2026-07-24,Rupee Nagar Pune,0,increased,314.6,308.8620770071889
2026-07-24,Saibaba Nagar,0,decreased,-84.64999999999996,-83.92399226986217
2026-07-24,Saibaba Nagar,0,flat,19.709999999999972,32.15915191045808
2026-07-24,Saibaba Nagar,0,increased,1577.13,1639.5632714003618
2026-07-24,Sakinaka - Pipeline Road,0,decreased,-36.09000000000003,-17.914638883415474
2026-07-24,Sakinaka - Pipeline Road,0,flat,-2.880000000000001,56.37989471771428
2026-07-24,Sakinaka - Pipeline Road,0,increased,706.9899999999999,615.7183286092651
2026-07-24,Sanpada,1,decreased,-228.01,-180.80290173799193
2026-07-24,Sanpada,1,flat,-180.12999999999977,-193.09627864571428
2026-07-24,Sanpada,1,increased,2241.22,1966.9248152930143
2026-07-24,Santa Cruz SV Road,0,decreased,-639.5499999999996,-548.9744030046324
2026-07-24,Santa Cruz SV Road,0,flat,63.31999999999995,163.85059069084966
2026-07-24,Santa Cruz SV Road,0,increased,1220.5900000000001,1165.1260004335238
2026-07-24,"Santoshi Mata Road, Kalyan West",0,decreased,-238.13,-197.98240399203272
2026-07-24,"Santoshi Mata Road, Kalyan West",0,flat,-84.12999999999994,-261.6384033855379
2026-07-24,"Santoshi Mata Road, Kalyan West",0,increased,1678.65,1451.5234951140121
2026-07-24,Sasane Nagar Pune,1,decreased,-40.67999999999999,-40.58915036663453
2026-07-24,Sasane Nagar Pune,1,flat,71.88000000000005,61.96709447600246
2026-07-24,Sasane Nagar Pune,1,increased,707.73,666.5604884721206
2026-07-24,Seawoods,0,decreased,-69.39999999999999,-68.96483058346465
2026-07-24,Seawoods,0,flat,141.13000000000002,100.64647712731949
2026-07-24,Seawoods,0,increased,1689.0900000000001,1618.331989169545
2026-07-24,Sector 3 - New Panvel,0,decreased,-84.86000000000004,-57.70025942024393
2026-07-24,Sector 3 - New Panvel,0,flat,89.92999999999964,719.852332639663
2026-07-24,Sector 3 - New Panvel,0,increased,530.5699999999999,443.6797970968167
2026-07-24,Shanti Nagar Mira Road,0,decreased,-227.00999999999996,-218.99483071918945
2026-07-24,Shanti Nagar Mira Road,0,flat,97.92,78.68646388823029
2026-07-24,Shanti Nagar Mira Road,0,increased,575.26,578.145108401148
2026-07-24,Shirgaon Badlapur,0,decreased,-69.47999999999999,-63.63877869804572
2026-07-24,Shirgaon Badlapur,0,flat,164.24,-190.39666617657673
2026-07-24,Shirgaon Badlapur,0,increased,867.8299999999999,872.2108014345885
2026-07-24,Shivaji Nagar Pune,0,decreased,-233.76,-233.72767412161875
2026-07-24,Shivaji Nagar Pune,0,flat,-118.91999999999992,-218.5561785109735
2026-07-24,Shivaji Nagar Pune,0,increased,1130.79,1071.3990894406986
2026-07-24,Shreenagar,0,decreased,-401.8599999999999,-395.3723029700527
2026-07-24,Shreenagar,0,flat,223.93999999999988,272.7162369338013
2026-07-24,Shreenagar,0,increased,3155.88,3187.050079238799
2026-07-24,Shriprastha Nalasopara West,0,decreased,-83.82999999999997,-90.66217167712044
2026-07-24,Shriprastha Nalasopara West,0,flat,336.74999999999926,512.357736842566
2026-07-24,Shriprastha Nalasopara West,0,increased,1796.23,1234.3500490082106
2026-07-24,Sion Koliwada,0,decreased,-144.68,-77.28697570716696
2026-07-24,Sion Koliwada,0,flat,314.95999999999987,229.38804817824402
2026-07-24,Sion Koliwada,0,increased,1310.03,1236.0166119965056
2026-07-24,Thakur Complex,0,decreased,-235.95999999999998,-228.27692255919848
2026-07-24,Thakur Complex,0,flat,296.74999999999983,333.5670431889488
2026-07-24,Thakur Complex,0,increased,2159.88,2042.9237792727818
2026-07-24,Thergaon,0,decreased,-148.70999999999998,-132.69800319535324
2026-07-24,Thergaon,0,flat,-135.34999999999988,-182.97681525784628
2026-07-24,Thergaon,0,increased,883.12,896.7649799627561
2026-07-24,Tilak Road Pune,0,decreased,-280.23,-288.5018271734866
2026-07-24,Tilak Road Pune,0,flat,105.32999999999994,955.2328989324958
2026-07-24,Tilak Road Pune,0,increased,1216.02,1196.1230419967778
2026-07-24,Tilaknagar,0,decreased,-193.33,-194.95630544100766
2026-07-24,Tilaknagar,0,flat,120.80000000000004,-25.816909667116263
2026-07-24,Tilaknagar,0,increased,1545.0700000000002,1543.6212599321157
2026-07-24,Titwala,0,decreased,-337.59000000000003,-517.1677684175027
2026-07-24,Titwala,0,flat,2819.1700000000005,351.9299412447234
2026-07-24,Titwala,0,increased,1760.67,1561.6757007438223
2026-07-24,Trimurti Chowk Nashik,0,decreased,-4.1299999999999955,-5.221999999999994
2026-07-24,Trimurti Chowk Nashik,0,flat,-62.300000000000146,738.8414199549828
2026-07-24,Trimurti Chowk Nashik,0,increased,442.74000000000007,351.54207991020024
2026-07-24,Ulhas Nagar - Shahad,0,decreased,-214.94000000000005,-145.6926086547502
2026-07-24,Ulhas Nagar - Shahad,0,flat,220.34,175.73981831361522
2026-07-24,Ulhas Nagar - Shahad,0,increased,878.2700000000001,787.4792837766109
2026-07-24,Ulhas Nagar - Shreeram Chowk,0,decreased,-209.50000000000009,-204.7736298902335
2026-07-24,Ulhas Nagar - Shreeram Chowk,0,flat,436.9699999999999,-31.59374225978187
2026-07-24,Ulhas Nagar - Shreeram Chowk,0,increased,845.52,713.9949221034221
2026-07-24,Ulhasnagar,0,decreased,-378.43,-388.9459509851157
2026-07-24,Ulhasnagar,0,flat,145.49000000000018,73.69456306088836
2026-07-24,Ulhasnagar,0,increased,1801.45,1783.5710219740506
2026-07-24,Ulhasnagar - Humlog Circle,0,decreased,-358.89,-280.5234236712794
2026-07-24,Ulhasnagar - Humlog Circle,0,flat,13.930000000000028,28.270299952327203
2026-07-24,Ulhasnagar - Humlog Circle,0,increased,908.8499999999999,787.1989883787043
2026-07-24,Ulhasnagar - Khemani Chowk,0,decreased,-275.54,-284.5311675547722
2026-07-24,Ulhasnagar - Khemani Chowk,0,flat,-38.529999999999994,189.09383277241085
2026-07-24,Ulhasnagar - Khemani Chowk,0,increased,1086.1599999999999,1072.372877212879
2026-07-24,Ulhasnagar Sector 4,0,decreased,-165.99999999999997,-147.5589355088967
2026-07-24,Ulhasnagar Sector 4,0,flat,167.90999999999994,140.35982502384758
2026-07-24,Ulhasnagar Sector 4,0,increased,1096.92,1023.4162833861661
2026-07-24,Ulwe-Navi Mumbai,0,decreased,-309.02,-307.5836103193733
2026-07-24,Ulwe-Navi Mumbai,0,flat,-93.10000000000005,-45.904292906475774
2026-07-24,Ulwe-Navi Mumbai,0,increased,1464.0700000000002,1439.4730843054492
2026-07-24,Vakola,0,decreased,-261.06,-285.55403606675804
2026-07-24,Vakola,0,flat,-85.03000000000002,-219.57281581076413
2026-07-24,Vakola,0,increased,1380.66,1265.0333439782585
2026-07-24,Vasai West - Station Road,0,decreased,-273.7300000000001,315.82731767121544
2026-07-24,Vasai West - Station Road,0,flat,174.95000000000007,193.92794582142005
2026-07-24,Vasai West - Station Road,0,increased,1119.24,1090.3689262596765
2026-07-24,Vashi,0,decreased,-686.1999999999995,-609.4704852848218
2026-07-24,Vashi,0,flat,126.02999999999962,185.53177208849178
2026-07-24,Vashi,0,increased,3145.3500000000004,3043.2045400413576
2026-07-24,Vashi Sector 11,0,decreased,-51.379999999999995,-38.54275178227479
2026-07-24,Vashi Sector 11,0,flat,14.489999999999938,-385.96969666568646
2026-07-24,Vashi Sector 11,0,increased,1511.2600000000002,1460.2215480550637
2026-07-24,Veenanagar,0,decreased,-12.539999999999985,-6.999841876766794
2026-07-24,Veenanagar,0,flat,83.14999999999998,23.51052462500377
2026-07-24,Veenanagar,0,increased,1723.52,1686.5893088495739
2026-07-24,Versova - Yari Road,0,decreased,-191.98999999999995,-194.77870400854312
2026-07-24,Versova - Yari Road,0,flat,-37.42999999999999,-74.47396478309798
2026-07-24,Versova - Yari Road,0,increased,1297.34,1300.561391579031
2026-07-24,Versova Andheri,0,decreased,-270.25,-183.79803862203437
2026-07-24,Versova Andheri,0,flat,39.63000000000002,108.47633385328115
2026-07-24,Versova Andheri,0,increased,2253.08,2302.1884417627216
2026-07-24,Vijay Nagari - Thane,0,decreased,50.72000000000002,-140.67477305784934
2026-07-24,Vijay Nagari - Thane,0,flat,73.12999999999991,-94.5054376006849
2026-07-24,Vijay Nagari - Thane,0,increased,2292.94,2143.920855951888
2026-07-24,Vikhroli,0,decreased,-663.49,-501.6113067396382
2026-07-24,Vikhroli,0,flat,331.02,-87.28404761027322
2026-07-24,Vikhroli,0,increased,3182.6999999999994,2851.8379583086476
2026-07-24,Vikhroli Kannamwar,0,decreased,-151.67000000000004,-108.35462906245769
2026-07-24,Vikhroli Kannamwar,0,flat,112.18999999999994,-43.358716787660065
2026-07-24,Vikhroli Kannamwar,0,increased,1060.82,976.6049486931428
2026-07-24,Vile Parle,0,decreased,-447.35,-586.0911607708131
2026-07-24,Vile Parle,0,flat,88.12999999999997,22.308047570076887
2026-07-24,Vile Parle,0,increased,1239.43,1339.6227782182305
2026-07-24,Virar East,0,decreased,-164.89,-164.51975433905628
2026-07-24,Virar East,0,flat,57.440000000000076,-14.548717628759452
2026-07-24,Virar East,0,increased,1346.32,1289.4469789511531
2026-07-24,Virar West,0,decreased,-191.89,-199.08900797316778
2026-07-24,Virar West,0,flat,99.41999999999986,-21.01984309685397
2026-07-24,Virar West,0,increased,759.6,689.3289457024998
2026-07-24,Wadgaon Budruk Pune,0,decreased,0.3200000000000003,1.9537999999999975
2026-07-24,Wadgaon Budruk Pune,0,flat,446.2299999999999,-14.922175558536225
2026-07-24,Wadgaon Budruk Pune,0,increased,845.2099999999997,346.6696403807184
2026-07-24,Wadgaon Sheri,0,decreased,-35.579999999999984,-45.95926760747878
2026-07-24,Wadgaon Sheri,0,flat,79.10000000000004,-50.69502243941125
2026-07-24,Wadgaon Sheri,0,increased,709.9100000000001,672.853127175395
2026-07-24,Wadgaon Sheri-Old Mundhwa Rd,0,decreased,-228.51999999999998,-352.7763639568346
2026-07-24,Wadgaon Sheri-Old Mundhwa Rd,0,flat,55.91000000000027,-91.89531752496154
2026-07-24,Wadgaon Sheri-Old Mundhwa Rd,0,increased,483.58,428.7416733032135
2026-07-24,Wanawadi Pune,0,decreased,-106.38000000000002,-107.12702239700161
2026-07-24,Wanawadi Pune,0,flat,-0.11000000000010735,76.94048484205115
2026-07-24,Wanawadi Pune,0,increased,413.53999999999996,371.75612672736065
2026-07-24,Warje Pune,0,decreased,-61.639999999999986,-67.20977715330217
2026-07-24,Warje Pune,0,flat,-100.19999999999999,-49.06751233867396
2026-07-24,Warje Pune,0,increased,629.32,572.8879368540863
2026-07-24,Wayale Nagar,0,decreased,-76.09,-75.9724253351126
2026-07-24,Wayale Nagar,0,flat,27.909999999999872,44.669574458421664
2026-07-24,Wayale Nagar,0,increased,966.55,891.6317319583522
2026-07-24,Yashodhan,0,decreased,-397.79999999999995,-425.9026869668203
2026-07-24,Yashodhan,0,flat,61.25000000000023,-75.32881899867596
2026-07-24,Yashodhan,0,increased,4076.5200000000004,4056.07327361499
2026-07-24,Yogi Nagar,0,decreased,-70.69999999999995,-50.74504329354703
2026-07-24,Yogi Nagar,0,flat,-52.869999999999635,-374.99409690102095
2026-07-24,Yogi Nagar,0,increased,1372.55,1325.7396184319068
2026-07-24,Yogidham Kalyan,0,decreased,-111.73000000000002,-78.5471752978392
2026-07-24,Yogidham Kalyan,0,flat,-394.1653000000001,-632.5139082084282
2026-07-24,Yogidham Kalyan,0,increased,622.3576,656.0683094172027
2026-07-25,7 Rasta Byculla,0,decreased,-55.59999999999994,-40.267860304299845
2026-07-25,7 Rasta Byculla,0,flat,127.5099999999999,-49.83424121000634
2026-07-25,7 Rasta Byculla,0,increased,1033.97,1025.0365615254836
2026-07-25,Airoli,0,decreased,-307.7899999999998,-205.44132095410254
2026-07-25,Airoli,0,flat,43.629999999999754,-466.00039747579484
2026-07-25,Airoli,0,increased,2731.9300000000003,2593.1643826767217
2026-07-25,Airoli Sector - 3,0,decreased,-291.36,-262.82406948364445
2026-07-25,Airoli Sector - 3,0,flat,161.56,123.74843081557528
2026-07-25,Airoli Sector - 3,0,increased,1473.42,1432.4001163975408
2026-07-25,Ambegaon Pune,0,decreased,-247.27000000000004,-240.40839091920918
2026-07-25,Ambegaon Pune,0,flat,74.63999999999994,7.686788733866907
2026-07-25,Ambegaon Pune,0,increased,660.05,595.5909990262846
2026-07-25,Ambernath East,0,decreased,-49.45999999999998,-49.39792569986301
2026-07-25,Ambernath East,0,flat,219.27999999999992,-57.93021960796855
2026-07-25,Ambernath East,0,increased,522.2900000000001,497.9200391648284
2026-07-25,Ambernath West,0,decreased,15.09000000000001,22.1464096590472
2026-07-25,Ambernath West,0,flat,6.909999999999812,-27.488426918684368
2026-07-25,Ambernath West,0,increased,1368.0500000000002,1098.8766391732556
2026-07-25,Ashokvan Dahisar,0,decreased,-645.05,-652.4983827024835
2026-07-25,Ashokvan Dahisar,0,flat,223.77999999999986,1221.5836910496255
2026-07-25,Ashokvan Dahisar,0,increased,1761.04,1775.7320849294792
2026-07-25,Badlapur - Belavali,0,decreased,-566.79,-452.5954653413014
2026-07-25,Badlapur - Belavali,0,flat,97.42,259.2641028429954
2026-07-25,Badlapur - Belavali,0,increased,1203.65,1180.7456067838414
2026-07-25,Badlapur East,0,decreased,-59.12000000000001,-54.60032991433911
2026-07-25,Badlapur East,0,flat,22.44999999999986,-111.37288402912597
2026-07-25,Badlapur East,0,increased,1054.54,1040.2504472389764
2026-07-25,Bandra,1,decreased,-217.14999999999998,-185.8572503317348
2026-07-25,Bandra,1,flat,94.26000000000006,100.23740580323813
2026-07-25,Bandra,1,increased,1809.7,1822.3904165152007
2026-07-25,Bhandup West,0,decreased,-296.22,-229.79611493185396
2026-07-25,Bhandup West,0,flat,553.66,13.967558792394524
2026-07-25,Bhandup West,0,increased,2942.47,2742.4356008625477
2026-07-25,Bhayandar,0,decreased,-328.39,-238.2772144075412
2026-07-25,Bhayandar,0,flat,345.5999999999999,88.13842719033342
2026-07-25,Bhayandar,0,increased,1796.7800000000002,1745.1266683802799
2026-07-25,Bhayander 60 Feet Road,0,decreased,-236.89999999999998,-232.4191403745718
2026-07-25,Bhayander 60 Feet Road,0,flat,10.410000000000089,29.115838465290164
2026-07-25,Bhayander 60 Feet Road,0,increased,1158.55,1131.8050944796923
2026-07-25,Bhekrainagar Pune,0,decreased,-50.17,-50.13992880326667
2026-07-25,Bhekrainagar Pune,0,flat,56.86999999999998,-62.654905552779155
2026-07-25,Bhekrainagar Pune,0,increased,607.92,622.2855048062229
2026-07-25,Bhiwandi - Shivaji Chowk,0,decreased,-51.54999999999997,-42.467076409072405
2026-07-25,Bhiwandi - Shivaji Chowk,0,flat,407.98,153.93703811686296
2026-07-25,Bhiwandi - Shivaji Chowk,0,increased,850.05,715.1894118166655
2026-07-25,Bhiwandi Dhamankar Naka,1,decreased,-508.89,-466.2660074879374
2026-07-25,Bhiwandi Dhamankar Naka,1,flat,215.45999999999995,-6.739593973013548
2026-07-25,Bhiwandi Dhamankar Naka,1,increased,2334.66,2243.3998187187804
2026-07-25,Bibwewadi Pune,0,decreased,-57.19999999999999,-56.98402496871432
2026-07-25,Bibwewadi Pune,0,flat,33.93999999999989,-134.6960517561061
2026-07-25,Bibwewadi Pune,0,increased,1255.63,1180.9944908042025
2026-07-25,Bytco Point Nashik,0,decreased,-141.49,-120.8667369469878
2026-07-25,Bytco Point Nashik,0,flat,-199.79999999999995,-17.569238470100537
2026-07-25,Bytco Point Nashik,0,increased,972.09,931.1195535819959
2026-07-25,CST Bora Bazaar,0,decreased,-44.82000000000005,-72.90008694099868
2026-07-25,CST Bora Bazaar,0,flat,236.50999999999988,194.9346744564163
2026-07-25,CST Bora Bazaar,0,increased,813.72,804.6752455284982
2026-07-25,Chandivali,0,decreased,-125.00000000000003,-129.03314386895025
2026-07-25,Chandivali,0,flat,56.76000000000006,-75.9341841760089
2026-07-25,Chandivali,0,increased,5672.910000000002,3857.736123082631
2026-07-25,Charkop,0,decreased,-66.51999999999997,-54.61177245514947
2026-07-25,Charkop,0,flat,37.319999999999894,-22.393440556155433
2026-07-25,Charkop,0,increased,1838.78,1865.8200249723811
2026-07-25,Chembur,0,decreased,-509.61,-497.20118471343494
2026-07-25,Chembur,0,flat,105.10000000000008,-65.75191064899191
2026-07-25,Chembur,0,increased,2925.23,2819.962342430055
2026-07-25,Chinchwad,1,decreased,-150.2,-122.08676613207118
2026-07-25,Chinchwad,1,flat,25.040000000000042,37.31874425296665
2026-07-25,Chinchwad,1,increased,707.32,576.9448523924045
2026-07-25,Chinchwad - Gandhi Peth,1,decreased,-17.46999999999999,-5.154904683721647
2026-07-25,Chinchwad - Gandhi Peth,1,flat,26.390000000000054,-21.26695558065763
2026-07-25,Chinchwad - Gandhi Peth,1,increased,418.79999999999995,439.43190903904093
2026-07-25,Cidco Nashik,0,decreased,-55.42000000000006,-46.88112596479839
2026-07-25,Cidco Nashik,0,flat,56.68999999999997,17.290358986851984
2026-07-25,Cidco Nashik,0,increased,457.11,529.1412706600721
2026-07-25,Colaba,1,decreased,-173.29999999999998,-52.04378752585493
2026-07-25,Colaba,1,flat,48.02999999999992,-10.516422420056577
2026-07-25,Colaba,1,increased,1022.9900000000002,1028.8306139499416
2026-07-25,Dadar East,0,decreased,-52.820000000000036,-48.3700655149424
2026-07-25,Dadar East,0,flat,167.05999999999995,85.99706904183168
2026-07-25,Dadar East,0,increased,1156.8500000000001,1492.257330044802
2026-07-25,Dahisar,0,decreased,-331.47,-432.8798003222422
2026-07-25,Dahisar,0,flat,90.3999999999999,-7.617645191221424
2026-07-25,Dahisar,0,increased,1873.3400000000001,1883.217709808565
2026-07-25,Dattnagar,0,decreased,-36.93,-37.27965539375722
2026-07-25,Dattnagar,0,flat,108.75999999999999,-10.008933983987315
2026-07-25,Dattnagar,0,increased,954.8,986.1334717590548
2026-07-25,Dhanakwadi,0,decreased,-107.74,-93.69835797396743
2026-07-25,Dhanakwadi,0,flat,293.4899999999999,212.15354681445177
2026-07-25,Dhanakwadi,0,increased,1281.82,1264.959696903836
2026-07-25,Dhanori Pune,0,decreased,-118.63,-121.73535256691208
2026-07-25,Dhanori Pune,0,flat,91.99999999999991,-210.17485525893312
2026-07-25,Dhanori Pune,0,increased,859.51,825.3245492791827
2026-07-25,Dhayari Pune,0,decreased,-276.25,-281.6616286877791
2026-07-25,Dhayari Pune,0,flat,55.63000000000008,-125.89553879094066
2026-07-25,Dhayari Pune,0,increased,755.9499999999999,744.5486807602368
2026-07-25,Dighi Pune,1,decreased,-73.21999999999994,-98.39365185185179
2026-07-25,Dighi Pune,1,flat,47.799999999999976,89.81656103028116
2026-07-25,Dighi Pune,1,increased,364.9500000000001,343.7407070526866
2026-07-25,Dombivali,0,decreased,-78.37,-87.25096497476818
2026-07-25,Dombivali,0,flat,71.26999999999987,27.72580533238326
2026-07-25,Dombivali,0,increased,2005.82,2042.771453225644
2026-07-25,Dombivali - Navpada,0,decreased,-254.6899999999999,-226.42598626052467
2026-07-25,Dombivali - Navpada,0,flat,50.40000000000003,-46.50313358442034
2026-07-25,Dombivali - Navpada,0,increased,1206.76,1168.2874336058644
2026-07-25,Dombivali - Reti Bunder,0,decreased,-234.2964,-224.6219981274591
2026-07-25,Dombivali - Reti Bunder,0,flat,449.42799999999994,155.87857692676897
2026-07-25,Dombivali - Reti Bunder,0,increased,892.3436,883.3383573631403
2026-07-25,Dombivli West,0,decreased,-621.32,-656.8590023270114
2026-07-25,Dombivli West,0,flat,104.54999999999995,105.36903135738628
2026-07-25,Dombivli West,0,increased,2479.83,2495.014836793101
2026-07-25,Evershine Nagar,0,decreased,26.010000000000012,14.142109833830766
2026-07-25,Evershine Nagar,0,flat,25.499999999999815,56.34851997704296
2026-07-25,Evershine Nagar,0,increased,1038.43,1027.0271818695787
2026-07-25,Fam Society - Koperkhairne,0,decreased,-365.93999999999994,-347.5993904475773
2026-07-25,Fam Society - Koperkhairne,0,flat,308.32999999999987,-346.89980890858646
2026-07-25,Fam Society - Koperkhairne,0,increased,1464.1299999999999,1423.9276613829418
2026-07-25,Fursungi Pune,0,decreased,-69.18,-69.52953637093472
2026-07-25,Fursungi Pune,0,flat,221.8999999999999,268.1733497115401
2026-07-25,Fursungi Pune,0,increased,832.15,815.1951382524437
2026-07-25,Ghansoli,0,decreased,-680.7,-649.7363216394145
2026-07-25,Ghansoli,0,flat,138.76999999999998,200.64354703126122
2026-07-25,Ghansoli,0,increased,2061.29,1950.2875894063136
2026-07-25,Ghatkopar East,0,decreased,-372.03999999999996,-426.0934167201616
2026-07-25,Ghatkopar East,0,flat,591.8500000000001,182.6484291494941
2026-07-25,Ghatkopar East,0,increased,1779.29,1681.302358048562
2026-07-25,Ghatkopar West,0,decreased,-141.67,-123.53889192849606
2026-07-25,Ghatkopar West,0,flat,45.879999999999995,135.97384543837396
2026-07-25,Ghatkopar West,0,increased,2762.7799999999997,2265.8422929360618
2026-07-25,Ghodapdeo - Byculla,0,decreased,-114.74000000000004,-106.34288338134131
2026-07-25,Ghodapdeo - Byculla,0,flat,27.09999999999991,-28.758877394913938
2026-07-25,Ghodapdeo - Byculla,0,increased,912.61,857.2686956202007
2026-07-25,Global City Virar West,0,decreased,-102.57000000000001,-104.96660948051733
2026-07-25,Global City Virar West,0,flat,187.72999999999968,31.514160938119094
2026-07-25,Global City Virar West,0,increased,928.6600000000001,893.0372194462396
2026-07-25,Goregaon,1,decreased,-57.62000000000002,-54.22196659973062
2026-07-25,Goregaon,1,flat,335.2099999999999,-52.58033326454634
2026-07-25,Goregaon,1,increased,2341.16,2104.0661276931382
2026-07-25,Goregaon West S.V. Road,1,decreased,-149.76999999999998,-136.37381678706788
2026-07-25,Goregaon West S.V. Road,1,flat,-628.7700000000004,985.790716546029
2026-07-25,Goregaon West S.V. Road,1,increased,1786.8500000000004,1431.975820636251
2026-07-25,Govandi,0,decreased,-397.96,-343.62229970314985
2026-07-25,Govandi,0,flat,262.23999999999995,179.72578268517447
2026-07-25,Govandi,0,increased,2362.62,2358.485551694901
2026-07-25,Gujrat Colony Kothrud,0,decreased,-43.1,-50.49757679898298
2026-07-25,Gujrat Colony Kothrud,0,flat,-10.840000000000074,-26.42003578637855
2026-07-25,Gujrat Colony Kothrud,0,increased,633.69,603.153541814515
2026-07-25,Gulab Nagar Pune,0,decreased,-152.41999999999996,-208.31373222648142
2026-07-25,Gulab Nagar Pune,0,flat,-173.11,12.079674810036721
2026-07-25,Gulab Nagar Pune,0,increased,784.9200000000001,740.3423658759033
2026-07-25,Hari Om Nagar,0,decreased,-289.23,-273.75251995976976
2026-07-25,Hari Om Nagar,0,flat,267.3400000000001,97.64737837295235
2026-07-25,Hari Om Nagar,0,increased,1692.18,1597.7771165408699
2026-07-25,Hiltron Ulhasnagar,0,decreased,-325.46000000000004,-305.68732949640696
2026-07-25,Hiltron Ulhasnagar,0,flat,14.520000000000124,194.18090215206342
2026-07-25,Hiltron Ulhasnagar,0,increased,1109.93,1110.5821215381757
2026-07-25,Hiranandani Thane,0,decreased,-184.18999999999997,-145.60934297158744
2026-07-25,Hiranandani Thane,0,flat,475.75999999999976,-48.3586322728012
2026-07-25,Hiranandani Thane,0,increased,2141.1800000000003,1896.3783355533167
2026-07-25,IC Colony Borivali,0,decreased,-276.96,-245.7958370395438
2026-07-25,IC Colony Borivali,0,flat,95.74000000000002,133.63684736751023
2026-07-25,IC Colony Borivali,0,increased,3757.9700000000003,3463.0038834499146
2026-07-25,JB Nagar,0,decreased,-190.93,-108.30767829118136
2026-07-25,JB Nagar,0,flat,484.7599999999998,66.01712427249015
2026-07-25,JB Nagar,0,increased,2819.79,2688.598185813295
2026-07-25,JJ Hospital,0,decreased,-212.05999999999995,-214.85098395383895
2026-07-25,JJ Hospital,0,flat,-2.5499999999999723,107.89847751983719
2026-07-25,JJ Hospital,0,increased,2520.07,2561.400351326964
2026-07-25,Jagruti Nagar Ghatkopar,0,decreased,-341.51,-330.14293489655
2026-07-25,Jagruti Nagar Ghatkopar,0,flat,63.91999999999997,-117.00282377196369
2026-07-25,Jagruti Nagar Ghatkopar,0,increased,1457.98,1433.2099822323921
2026-07-25,Jail Road Nashik,0,decreased,-15.669999999999987,-25.47394170027374
2026-07-25,Jail Road Nashik,0,flat,99.98999999999991,-62.84646145717534
2026-07-25,Jail Road Nashik,0,increased,370.69,252.7434473802017
2026-07-25,Jay VIjay Nagar Nalasopara East,0,decreased,-89.46,-71.96496048336203
2026-07-25,Jay VIjay Nagar Nalasopara East,0,flat,3807.79,279.66422164477956
2026-07-25,Jay VIjay Nagar Nalasopara East,0,increased,1021.01,1004.0850069499171
2026-07-25,Kalamboli,0,decreased,-68.16,-68.54411570307214
2026-07-25,Kalamboli,0,flat,-55.39000000000002,-104.23066366429374
2026-07-25,Kalamboli,0,increased,776.31,752.7334502105449
2026-07-25,Kalher Bhiwandi,0,decreased,-379.15999999999997,-276.9786020338389
2026-07-25,Kalher Bhiwandi,0,flat,75.1,208.533585474742
2026-07-25,Kalher Bhiwandi,0,increased,1435.04,1416.1798591748452
2026-07-25,Kalina,0,decreased,-295.0899999999999,-290.7068295309845
2026-07-25,Kalina,0,flat,-25.609999999999836,-121.8085798265141
2026-07-25,Kalina,0,increased,1358.14,1380.6756086743549
2026-07-25,Kalwa,0,decreased,-240.52999999999992,-229.48600346537017
2026-07-25,Kalwa,0,flat,54.50999999999996,183.88059358343295
2026-07-25,Kalwa,0,increased,4067.95,3655.052983148897
2026-07-25,Kalyan,0,decreased,-201.22999999999996,-195.65304370265557
2026-07-25,Kalyan,0,flat,13.860000000000003,-62.9532311680745
2026-07-25,Kalyan,0,increased,1522.7999999999997,1267.143074551586
2026-07-25,Kalyan - DB Chowk,0,decreased,-137.74999999999997,-114.42594488074107
2026-07-25,Kalyan - DB Chowk,0,flat,127.65999999999997,104.85989605407259
2026-07-25,Kalyan - DB Chowk,0,increased,776.3000000000002,722.5759610854194
2026-07-25,Kalyan East-Tisgaon Naka,0,decreased,-198.10999999999996,-187.56606138443476
2026-07-25,Kalyan East-Tisgaon Naka,0,flat,185.76,54.92409914837454
2026-07-25,Kalyan East-Tisgaon Naka,0,increased,1063.41,1032.0985978734284
2026-07-25,Kalyan West Club Road,0,decreased,-434.5799999999999,-368.2429376380332
2026-07-25,Kalyan West Club Road,0,flat,548.09,251.59740797132392
2026-07-25,Kalyan West Club Road,0,increased,1069.1399999999999,1264.2139817599923
2026-07-25,Kamotha,0,decreased,-555.6899999999999,-388.39185225749924
2026-07-25,Kamotha,0,flat,727.1899999999999,25.674156785003277
2026-07-25,Kamotha,0,increased,2111.02,2068.9526174168604
2026-07-25,Kamothe - Sector 36,0,decreased,-23.630000000000003,-20.52835035217933
2026-07-25,Kamothe - Sector 36,0,flat,15.370000000000022,120.77319732979798
2026-07-25,Kamothe - Sector 36,0,increased,802.2399999999999,784.8088746841806
2026-07-25,Kandivali East,0,decreased,-64.54999999999995,-53.57997095830307
2026-07-25,Kandivali East,0,flat,83.09999999999998,-30.597803489430877
2026-07-25,Kandivali East,0,increased,2036.3200000000002,1952.8898726163197
2026-07-25,Kandivali West,0,decreased,-33.87,-33.80275090923649
2026-07-25,Kandivali West,0,flat,28.439999999999984,-26.416918701260915
2026-07-25,Kandivali West,0,increased,677.1200000000001,647.4330708277256
2026-07-25,Kasarvadavali Thane,0,decreased,-111.19999999999996,-110.33079562371296
2026-07-25,Kasarvadavali Thane,0,flat,35.41000000000003,227.04882423150252
2026-07-25,Kasarvadavali Thane,0,increased,1650.73,1560.7991619417687
2026-07-25,Katrap Badlapur East,0,decreased,-144.54999999999995,-135.68198286579567
2026-07-25,Katrap Badlapur East,0,flat,60.15,-46.87676260860768
2026-07-25,Katrap Badlapur East,0,increased,554.09,521.2870801414372
2026-07-25,Khadki Pune,0,decreased,-270.66,-302.838755142336
2026-07-25,Khadki Pune,0,flat,33.33999999999992,-10.281968126230636
2026-07-25,Khadki Pune,0,increased,939.0600000000001,871.6845922813252
2026-07-25,Khanda Colony,1,decreased,-148.96,-134.47607452958056
2026-07-25,Khanda Colony,1,flat,-40.880000000000045,35.323840459736076
2026-07-25,Khanda Colony,1,increased,1297.2800000000002,1218.5748705083392
2026-07-25,Khar West,1,decreased,-113.32999999999998,-128.4516847516527
2026-07-25,Khar West,1,flat,-1.1299999999999173,-15.79848977738762
2026-07-25,Khar West,1,increased,1833.2300000000002,1842.884990729442
2026-07-25,Kharghar,0,decreased,-110.59999999999998,-99.1709090414517
2026-07-25,Kharghar,0,flat,220.71999999999997,-95.80602366603426
2026-07-25,Kharghar,0,increased,2301.04,2267.6869946281417
2026-07-25,Kharghar Sector 12,0,decreased,-68.58000000000001,-78.20409810530217
2026-07-25,Kharghar Sector 12,0,flat,39.309999999999974,155.73396827386483
2026-07-25,Kharghar Sector 12,0,increased,1241.33,1176.3044046307841
2026-07-25,Khopat,0,decreased,-499.35999999999996,-329.992439463997
2026-07-25,Khopat,0,flat,147.71999999999997,-24.94886429811958
2026-07-25,Khopat,0,increased,1824.45,1715.10140901686
2026-07-25,Khutwad Nagar Nashik,0,decreased,-224.07999999999998,-197.31021443533598
2026-07-25,Khutwad Nagar Nashik,0,flat,69.92000000000004,47.25378287180821
2026-07-25,Khutwad Nagar Nashik,0,increased,25.480000000000004,33.48317562102283
2026-07-25,Kolsheth,0,decreased,-229.17,-258.31907482735363
2026-07-25,Kolsheth,0,flat,100.51999999999995,85.29580299568528
2026-07-25,Kolsheth,0,increased,3011.62,2906.1886256312287
2026-07-25,Kopar Khairane,0,decreased,-287.42,-517.4490165877515
2026-07-25,Kopar Khairane,0,flat,92.05999999999997,-155.9261377166736
2026-07-25,Kopar Khairane,0,increased,2440.69,2310.9395922715107
2026-07-25,Kopari Thane,0,decreased,-201.01999999999998,-192.1470750679456
2026-07-25,Kopari Thane,0,flat,3.870000000000122,-618.0978120523107
2026-07-25,Kopari Thane,0,increased,425.74,379.94777082587444
2026-07-25,Koper Khairane - Sector 7,0,decreased,-504.66000000000025,-445.7397715517395
2026-07-25,Koper Khairane - Sector 7,0,flat,-22.7099999999999,99.25797271336938
2026-07-25,Koper Khairane - Sector 7,0,increased,1640.78,1660.1485810628617
2026-07-25,Kulgaon Badlapur West,0,decreased,-149.70999999999998,-143.63017343997302
2026-07-25,Kulgaon Badlapur West,0,flat,206.10000000000002,70.38428650715831
2026-07-25,Kulgaon Badlapur West,0,increased,1433.91,1331.097609102956
2026-07-25,Kurla,0,decreased,-182.63,-158.6928418923673
2026-07-25,Kurla,0,flat,-129.08999999999997,-182.92463508316018
2026-07-25,Kurla,0,increased,822.4800000000001,745.9314862011404
2026-07-25,Kurla West,0,decreased,-339.27,-334.5246394470936
2026-07-25,Kurla West,0,flat,1496.509999999999,623.1686835330319
2026-07-25,Kurla West,0,increased,2701.71,2742.518675815621
2026-07-25,Lower Parel - SJ Marg,0,decreased,-199.23999999999995,-200.18945027172526
2026-07-25,Lower Parel - SJ Marg,0,flat,359.9699999999991,480.62554763834214
2026-07-25,Lower Parel - SJ Marg,0,increased,494.39000000000004,584.4971690247057
2026-07-25,Mahakali,0,decreased,-108.54000000000003,-110.35711221595902
2026-07-25,Mahakali,0,flat,320.22,368.7536478165854
2026-07-25,Mahakali,0,increased,2006.1100000000001,1986.4081273551024
2026-07-25,Mahavir Pride Dombivali,0,decreased,-214.42,-70.54383959672478
2026-07-25,Mahavir Pride Dombivali,0,flat,-3.2000000000000597,160.26115151862257
2026-07-25,Mahavir Pride Dombivali,0,increased,1462.5100000000004,1433.6445387581819
2026-07-25,Mahim West,0,decreased,-184.88000000000005,-192.7922321520916
2026-07-25,Mahim West,0,flat,145.60000000000005,132.64153532180586
2026-07-25,Mahim West,0,increased,1274.56,1261.4465769558328
2026-07-25,Malad,0,decreased,-151.77,-154.72954891636903
2026-07-25,Malad,0,flat,-58.320000000000434,-93.3294665846611
2026-07-25,Malad,0,increased,2109.92,1987.1787331484884
2026-07-25,Malad Liberty Garden,0,decreased,-176.6,-187.24617524828184
2026-07-25,Malad Liberty Garden,0,flat,-137.6299999999999,-85.6212238130058
2026-07-25,Malad Liberty Garden,0,increased,1213.04,1142.9734724575285
2026-07-25,Malwani,0,decreased,-40.339999999999975,-54.67991703829814
2026-07-25,Malwani,0,flat,-199.10000000000008,-234.98912036291028
2026-07-25,Malwani,0,increased,1064.78,1039.3850700875694
2026-07-25,Marol,0,decreased,-218.23000000000002,-205.3885559158416
2026-07-25,Marol,0,flat,-243.60000000000025,69.91368968118663
2026-07-25,Marol,0,increased,3482.8999999999996,3162.5622816914647
2026-07-25,Mharal Ulhasnagar,0,decreased,-229.39000000000001,-185.14671718967023
2026-07-25,Mharal Ulhasnagar,0,flat,165.64,30.348665705156222
2026-07-25,Mharal Ulhasnagar,0,increased,1435.2400000000002,1341.4702873836245
2026-07-25,Mhasrul Nashik,0,decreased,-120.67999999999995,-60.25519140248667
2026-07-25,Mhasrul Nashik,0,flat,126.01000000000002,87.9065873495789
2026-07-25,Mhasrul Nashik,0,increased,685.5,624.0451608094971
2026-07-25,Mira Road,0,decreased,-178.62,-143.94684856385732
2026-07-25,Mira Road,0,flat,55.650000000000006,157.41383078020803
2026-07-25,Mira Road,0,increased,825.2600000000001,773.2559911778949
2026-07-25,Mira Road - GCC Club Road,0,decreased,-157.7699999999999,-137.24215244565232
2026-07-25,Mira Road - GCC Club Road,0,flat,585.0799999999998,-129.1390397464383
2026-07-25,Mira Road - GCC Club Road,0,increased,303.57000000000005,315.59286224882686
2026-07-25,Mira Road Jangid Complex,0,decreased,-106.38000000000001,-114.80594226092987
2026-07-25,Mira Road Jangid Complex,0,flat,-38.540000000000006,-29.115053460976267
2026-07-25,Mira Road Jangid Complex,0,increased,1960.6599999999999,1889.4267253894159
2026-07-25,Mohan Nagar Kandivali,0,decreased,-122.15999999999998,-118.46298808736167
2026-07-25,Mohan Nagar Kandivali,0,flat,-59.09999999999987,281.8168058874248
2026-07-25,Mohan Nagar Kandivali,0,increased,1299.51,1229.186456238975
2026-07-25,Mulund East,0,decreased,-293.58,-273.0365685684163
2026-07-25,Mulund East,0,flat,287.89,13.357921023181994
2026-07-25,Mulund East,0,increased,3592.15,3422.2708281157493
2026-07-25,Mulund Panch Rasta,0,decreased,-116.06000000000003,-146.1029471268476
2026-07-25,Mulund Panch Rasta,0,flat,45.88999999999996,39.33020920245437
2026-07-25,Mulund Panch Rasta,0,increased,1141.86,1112.5658789603692
2026-07-25,Mulund West,0,decreased,-143.63,-122.10512929046276
2026-07-25,Mulund West,0,flat,124.22999999999998,139.29108994409623
2026-07-25,Mulund West,0,increased,2069.81,2053.3626856900473
2026-07-25,Mulund West-Sarvodaya Nagar,0,decreased,-106.19999999999999,-101.43360584595197
2026-07-25,Mulund West-Sarvodaya Nagar,0,flat,-159.1300000000004,-213.4485150298942
2026-07-25,Mulund West-Sarvodaya Nagar,0,increased,2046.5300000000002,1988.8474064410839
2026-07-25,Mundhwa Pune,0,decreased,-79.32999999999998,-74.85524565346472
2026-07-25,Mundhwa Pune,0,flat,117.00000000000007,29.284404652383778
2026-07-25,Mundhwa Pune,0,increased,812.04,765.1144562467041
2026-07-25,NIBM Kondwa,0,decreased,-295.52,-309.0388918737852
2026-07-25,NIBM Kondwa,0,flat,457.07000000000005,393.16490475321837
2026-07-25,NIBM Kondwa,0,increased,2493.3300000000004,2341.5528601904184
2026-07-25,Nahur West,0,decreased,-186.86,-185.83986999721827
2026-07-25,Nahur West,0,flat,-40.73999999999991,-73.96697517709534
2026-07-25,Nahur West,0,increased,1739.01,1605.9287475559236
2026-07-25,Nalasopara - Yashwant Nagar,0,decreased,-71.27,-73.50457096870213
2026-07-25,Nalasopara - Yashwant Nagar,0,flat,218.23000000000008,344.3171044983997
2026-07-25,Nalasopara - Yashwant Nagar,0,increased,472.19000000000005,419.6780905645165
2026-07-25,Nalasopara West,0,decreased,-66.98,-82.17468658641778
2026-07-25,Nalasopara West,0,flat,-91.14999999999992,-185.1561333646386
2026-07-25,Nalasopara West,0,increased,700.3800000000001,725.464304350958
2026-07-25,Narhe Pune,0,decreased,-102.31999999999996,-102.31973349911712
2026-07-25,Narhe Pune,0,flat,55.48000000000005,59.91140524413122
2026-07-25,Narhe Pune,0,increased,633.5200000000001,552.6167893013917
2026-07-25,Naupada,0,decreased,-333.93,-128.64509633330016
2026-07-25,Naupada,0,flat,222.19,25.146171181924938
2026-07-25,Naupada,0,increased,1746.85,1733.4351805391057
2026-07-25,Navare Nagar Ambernath,0,decreased,-100.15999999999988,-121.34069133195655
2026-07-25,Navare Nagar Ambernath,0,flat,92.58999999999993,29.39660535543453
2026-07-25,Navare Nagar Ambernath,0,increased,382.61,382.8880056081084
2026-07-25,Navi Peth Pune,0,decreased,-177.81000000000003,-175.71866157552603
2026-07-25,Navi Peth Pune,0,flat,26.270000000000024,-148.0351069315654
2026-07-25,Navi Peth Pune,0,increased,958.21,835.9653482678598
2026-07-25,Navjeevan Mumbai Central,0,decreased,-149.60999999999996,-184.04435553059648
2026-07-25,Navjeevan Mumbai Central,0,flat,202.47999999999996,-117.86034503193046
2026-07-25,Navjeevan Mumbai Central,0,increased,1658.73,1466.8164106958454
2026-07-25,Nerul East,0,decreased,-542.47,-528.6708830891589
2026-07-25,Nerul East,0,flat,-8.779999999999937,-11.463259254031584
2026-07-25,Nerul East,0,increased,2097.5,2052.6169974491017
2026-07-25,Nerul West,0,decreased,-81.34999999999998,-76.82911158783047
2026-07-25,Nerul West,0,flat,3.710000000000111,104.81529835415147
2026-07-25,Nerul West,0,increased,1316.5,1279.8696869676162
2026-07-25,New Panvel,0,decreased,-178.58,-142.57275170603353
2026-07-25,New Panvel,0,flat,86.33999999999996,44.80444166145345
2026-07-25,New Panvel,0,increased,2169.2799999999997,1963.764817997928
2026-07-25,Old Panvel,0,decreased,-314.62,-316.7537784550137
2026-07-25,Old Panvel,0,flat,-0.009999999999723563,68.11883447702081
2026-07-25,Old Panvel,0,increased,1182.28,1135.9202257143666
2026-07-25,Palegaon Ambernath,0,decreased,-213.57000000000005,-172.33366627614691
2026-07-25,Palegaon Ambernath,0,flat,31.96000000000005,-5.589405248116904
2026-07-25,Palegaon Ambernath,0,increased,511.32000000000005,563.1903035155045
2026-07-25,Panchpakhadi,0,decreased,-51.62999999999998,-46.93671927027934
2026-07-25,Panchpakhadi,0,flat,43.95,-113.14867729892839
2026-07-25,Panchpakhadi,0,increased,1753.28,1698.4367025022061
2026-07-25,Pantnagar,0,decreased,-268.53,-204.46382133853916
2026-07-25,Pantnagar,0,flat,468.05999999999995,146.69575593483
2026-07-25,Pantnagar,0,increased,1453.2700000000002,1394.1519551073256
2026-07-25,Panvel - Uran Naka,0,decreased,-130.45999999999998,-128.86839258166117
2026-07-25,Panvel - Uran Naka,0,flat,62.01000000000001,3.733955794554964
2026-07-25,Panvel - Uran Naka,0,increased,1038.24,967.6239331674965
2026-07-25,Phadke Road - Dombivali,0,decreased,-349.71999999999997,-349.4999485390103
2026-07-25,Phadke Road - Dombivali,0,flat,21.8600000000001,145.76491298626794
2026-07-25,Phadke Road - Dombivali,0,increased,1103.54,1118.0891517741914
2026-07-25,Pimple Gurav,0,decreased,-82.06000000000009,-81.04462502609286
2026-07-25,Pimple Gurav,0,flat,179.98000000000016,101.54610054531345
2026-07-25,Pimple Gurav,0,increased,914.1800000000002,937.9457109990668
2026-07-25,Prabhadevi,0,decreased,-190.47999999999996,-190.10268039101743
2026-07-25,Prabhadevi,0,flat,215.2000000000001,-188.4746402894885
2026-07-25,Prabhadevi,0,increased,2096.21,2003.1389322339837
2026-07-25,Pragati Nagar Nalasopara East,0,decreased,-109.40000000000003,-122.70893444390703
2026-07-25,Pragati Nagar Nalasopara East,0,flat,142.6300000000001,-28.197754718805747
2026-07-25,Pragati Nagar Nalasopara East,0,increased,746.1500000000001,636.4678534024881
2026-07-25,Rajawadi,0,decreased,-522.7599999999999,-524.1978984639716
2026-07-25,Rajawadi,0,flat,33.549999999999976,111.96465890528651
2026-07-25,Rajawadi,0,increased,2499.6299999999997,1853.5451261737064
2026-07-25,Roadpali Kalamboli,0,decreased,-231.50999999999988,-250.49243810436533
2026-07-25,Roadpali Kalamboli,0,flat,10.630000000000118,24.83646228176879
2026-07-25,Roadpali Kalamboli,0,increased,855.53,618.8911138246064
2026-07-25,Rupee Nagar Pune,0,decreased,-17.879999999999967,-20.029258038744203
2026-07-25,Rupee Nagar Pune,0,flat,1.1000000000000618,-77.65112890697216
2026-07-25,Rupee Nagar Pune,0,increased,290.74,422.6435807069254
2026-07-25,Saibaba Nagar,0,decreased,-275.0,-272.6609258064517
2026-07-25,Saibaba Nagar,0,flat,179.1399999999995,-106.04996496471259
2026-07-25,Saibaba Nagar,0,increased,2373.93,2334.205410200327
2026-07-25,Sakinaka - Pipeline Road,0,decreased,-182.98,-196.46659162412868
2026-07-25,Sakinaka - Pipeline Road,0,flat,101.04999999999994,67.97119287694612
2026-07-25,Sakinaka - Pipeline Road,0,increased,687.1,587.134808168151
2026-07-25,Sanpada,1,decreased,-222.38,-196.88818548677352
2026-07-25,Sanpada,1,flat,25.020000000000167,-247.15676458282508
2026-07-25,Sanpada,1,increased,2195.28,2249.6353058374275
2026-07-25,Santa Cruz SV Road,0,decreased,-326.24,-290.19819057074454
2026-07-25,Santa Cruz SV Road,0,flat,15.60999999999997,-28.359166339128187
2026-07-25,Santa Cruz SV Road,0,increased,1473.64,1446.0031454832636
2026-07-25,"Santoshi Mata Road, Kalyan West",0,decreased,-379.04999999999995,-302.6655764281507
2026-07-25,"Santoshi Mata Road, Kalyan West",0,flat,-607.7900000000005,-738.5932683528696
2026-07-25,"Santoshi Mata Road, Kalyan West",0,increased,1200.66,1171.3353866440707
2026-07-25,Sasane Nagar Pune,1,decreased,-8.979999999999997,-8.81128887442669
2026-07-25,Sasane Nagar Pune,1,flat,53.99000000000005,-28.094640376106852
2026-07-25,Sasane Nagar Pune,1,increased,781.92,754.7296945125124
2026-07-25,Seawoods,0,decreased,-144.54999999999998,-160.19848225850367
2026-07-25,Seawoods,0,flat,-36.44999999999993,-64.42238433478882
2026-07-25,Seawoods,0,increased,2508.0699999999997,2393.83951418833
2026-07-25,Sector 3 - New Panvel,0,decreased,-91.54999999999998,-111.23216503954758
2026-07-25,Sector 3 - New Panvel,0,flat,109.84000000000007,120.5597476057524
2026-07-25,Sector 3 - New Panvel,0,increased,1192.45,1146.4514112126649
2026-07-25,Shanti Nagar Mira Road,0,decreased,-156.23999999999995,-152.60452106517522
2026-07-25,Shanti Nagar Mira Road,0,flat,133.60000000000002,76.36832275223387
2026-07-25,Shanti Nagar Mira Road,0,increased,915.82,877.2830396839399
2026-07-25,Shirgaon Badlapur,0,decreased,-128.82999999999998,-142.60327750981605
2026-07-25,Shirgaon Badlapur,0,flat,159.34999999999997,123.5392273414244
2026-07-25,Shirgaon Badlapur,0,increased,917.9,869.9212689441104
2026-07-25,Shivaji Nagar Pune,0,decreased,-22.619999999999994,-17.160230654321776
2026-07-25,Shivaji Nagar Pune,0,flat,77.73999999999992,-32.994565465673325
2026-07-25,Shivaji Nagar Pune,0,increased,946.2800000000001,880.6579124130177
2026-07-25,Shreenagar,0,decreased,-391.0299999999999,-431.01458414523495
2026-07-25,Shreenagar,0,flat,342.43000000000023,89.7174487949984
2026-07-25,Shreenagar,0,increased,2895.27,2813.339850251953
2026-07-25,Shriprastha Nalasopara West,0,decreased,-106.67999999999999,-105.1005615281827
2026-07-25,Shriprastha Nalasopara West,0,flat,-48.69999999999985,120.01896905296057
2026-07-25,Shriprastha Nalasopara West,0,increased,743.3500000000001,695.2825600635641
2026-07-25,Sion Koliwada,0,decreased,-184.44,-206.5755245949214
2026-07-25,Sion Koliwada,0,flat,166.00000000000006,67.32845376673698
2026-07-25,Sion Koliwada,0,increased,1661.73,1588.581569199142
2026-07-25,Thakur Complex,0,decreased,-123.16000000000003,-135.8963662234834
2026-07-25,Thakur Complex,0,flat,-188.5999999999998,-213.81839184319875
2026-07-25,Thakur Complex,0,increased,2492.79,2432.1040047647107
2026-07-25,Thergaon,0,decreased,-18.710000000000022,-44.40572698412696
2026-07-25,Thergaon,0,flat,-277.71999999999997,-389.3745833643359
2026-07-25,Thergaon,0,increased,617.69,542.0561941230179
2026-07-25,Tilak Road Pune,0,decreased,-132.31000000000003,-99.21377660211472
2026-07-25,Tilak Road Pune,0,flat,12.000000000000021,-25.526644738456515
2026-07-25,Tilak Road Pune,0,increased,1370.18,1317.171895036093
2026-07-25,Tilaknagar,0,decreased,-284.48999999999995,-250.82770208665195
2026-07-25,Tilaknagar,0,flat,193.8699999999998,238.6738291343274
2026-07-25,Tilaknagar,0,increased,1782.28,1803.8109874807863
2026-07-25,Titwala,0,decreased,-187.54999999999995,-197.04235662471788
2026-07-25,Titwala,0,flat,98.78999999999995,184.8286099427289
2026-07-25,Titwala,0,increased,1640.46,1436.2505627151581
2026-07-25,Trimurti Chowk Nashik,0,decreased,-21.28,-21.94095509546219
2026-07-25,Trimurti Chowk Nashik,0,flat,71.25000000000006,-46.86750784275867
2026-07-25,Trimurti Chowk Nashik,0,increased,391.84,204.03563654099935
2026-07-25,Ulhas Nagar - Shahad,0,decreased,-87.96999999999998,-96.5761862644114
2026-07-25,Ulhas Nagar - Shahad,0,flat,147.38999999999996,157.71068498924205
2026-07-25,Ulhas Nagar - Shahad,0,increased,822.4100000000001,817.6751214969055
2026-07-25,Ulhas Nagar - Shreeram Chowk,0,decreased,-346.91,-365.0488637520008
2026-07-25,Ulhas Nagar - Shreeram Chowk,0,flat,221.80999999999992,271.44747237024524
2026-07-25,Ulhas Nagar - Shreeram Chowk,0,increased,681.6000000000003,348.57439807110643
2026-07-25,Ulhasnagar,0,decreased,-378.7799999999998,-301.6435748663915
2026-07-25,Ulhasnagar,0,flat,344.92999999999995,119.7988744152529
2026-07-25,Ulhasnagar,0,increased,1940.21,1840.1201730770363
2026-07-25,Ulhasnagar - Humlog Circle,0,decreased,-190.35999999999996,-174.66641454144025
2026-07-25,Ulhasnagar - Humlog Circle,0,flat,162.12999999999988,59.9900100417949
2026-07-25,Ulhasnagar - Humlog Circle,0,increased,1059.4299999999998,1000.9000202005709
2026-07-25,Ulhasnagar - Khemani Chowk,0,decreased,-192.51999999999998,-161.92181992933172
2026-07-25,Ulhasnagar - Khemani Chowk,0,flat,-3.0900000000000603,77.30417435672489
2026-07-25,Ulhasnagar - Khemani Chowk,0,increased,745.12,680.6399598116301
2026-07-25,Ulhasnagar Sector 4,0,decreased,-104.55999999999996,-119.56381167315408
2026-07-25,Ulhasnagar Sector 4,0,flat,46.219999999999956,-5.692252111610484
2026-07-25,Ulhasnagar Sector 4,0,increased,1280.8899999999999,1275.2812208993446
2026-07-25,Ulwe-Navi Mumbai,0,decreased,-77.39000000000001,-81.22657140241826
2026-07-25,Ulwe-Navi Mumbai,0,flat,-10.02000000000001,-139.17725239893363
2026-07-25,Ulwe-Navi Mumbai,0,increased,1707.64,1657.8221195314638
2026-07-25,Vakola,0,decreased,-198.57,-128.6368286116746
2026-07-25,Vakola,0,flat,9.33000000000007,-45.29689147375912
2026-07-25,Vakola,0,increased,1157.22,982.5855077505986
2026-07-25,Vasai West - Station Road,0,decreased,-215.39,-228.86379090470817
2026-07-25,Vasai West - Station Road,0,flat,-56.53999999999982,-327.78265226315204
2026-07-25,Vasai West - Station Road,0,increased,1242.69,1122.2481485843186
2026-07-25,Vashi,0,decreased,-340.14,-312.8904215398118
2026-07-25,Vashi,0,flat,362.3399999999997,57.10825239537909
2026-07-25,Vashi,0,increased,3496.3,3464.348452474339
2026-07-25,Vashi Sector 11,0,decreased,-223.88999999999993,-125.42331613529254
2026-07-25,Vashi Sector 11,0,flat,96.60000000000002,-73.92279813679612
2026-07-25,Vashi Sector 11,0,increased,1177.49,1162.1366283784992
2026-07-25,Veenanagar,0,decreased,-18.999999999999993,-14.007900000000003
2026-07-25,Veenanagar,0,flat,65.37,-60.44746597397017
2026-07-25,Veenanagar,0,increased,1194.5,1192.1931792314506
2026-07-25,Versova - Yari Road,0,decreased,-84.91,-90.275999207193
2026-07-25,Versova - Yari Road,0,flat,33.23000000000001,-5.415220001758854
2026-07-25,Versova - Yari Road,0,increased,855.0899999999999,786.0490745935797
2026-07-25,Versova Andheri,0,decreased,-795.8299999999999,-717.7362367384459
2026-07-25,Versova Andheri,0,flat,401.31999999999954,54.250070969807716
2026-07-25,Versova Andheri,0,increased,4580.860000000001,2873.053660151902
2026-07-25,Vijay Nagari - Thane,0,decreased,-136.7,-137.6988582866876
2026-07-25,Vijay Nagari - Thane,0,flat,192.46999999999986,233.90128641089134
2026-07-25,Vijay Nagari - Thane,0,increased,3166.1800000000003,3011.3620004177474
2026-07-25,Vikhroli,0,decreased,-478.55999999999995,-465.32075433550654
2026-07-25,Vikhroli,0,flat,1075.7799999999997,771.81806941457
2026-07-25,Vikhroli,0,increased,3421.72,3036.995164443168
2026-07-25,Vikhroli Kannamwar,0,decreased,-324.03999999999996,-327.65507949138066
2026-07-25,Vikhroli Kannamwar,0,flat,30.249999999999943,236.96527320153191
2026-07-25,Vikhroli Kannamwar,0,increased,1738.3800000000003,1445.2574210575951
2026-07-25,Vile Parle,0,decreased,-115.19000000000003,-112.48110701149268
2026-07-25,Vile Parle,0,flat,-215.33999999999972,-180.69153073040098
2026-07-25,Vile Parle,0,increased,804.3900000000001,646.9746913591226
2026-07-25,Virar East,0,decreased,-18.66000000000009,-5.1283640129460295
2026-07-25,Virar East,0,flat,-115.87999999999994,43.445027888800894
2026-07-25,Virar East,0,increased,1402.0200000000002,1162.026045630005
2026-07-25,Virar West,0,decreased,-106.08000000000011,-137.00782049443237
2026-07-25,Virar West,0,flat,189.27000000000004,-82.7770163035777
2026-07-25,Virar West,0,increased,1278.41,1277.275011115391
2026-07-25,Wadgaon Budruk Pune,0,decreased,-169.57999999999998,-139.8029722596479
2026-07-25,Wadgaon Budruk Pune,0,flat,102.24999999999983,-77.21632261418539
2026-07-25,Wadgaon Budruk Pune,0,increased,763.4999999999999,721.2258658802444
2026-07-25,Wadgaon Sheri,0,decreased,-203.20999999999998,-195.71839953027836
2026-07-25,Wadgaon Sheri,0,flat,-63.30999999999992,-167.21825164758502
2026-07-25,Wadgaon Sheri,0,increased,846.2800000000001,679.2341713827029
2026-07-25,Wadgaon Sheri-Old Mundhwa Rd,0,decreased,-30.95999999999998,-8.763550331247686
2026-07-25,Wadgaon Sheri-Old Mundhwa Rd,0,flat,-184.28000000000011,480.98764774642586
2026-07-25,Wadgaon Sheri-Old Mundhwa Rd,0,increased,583.61,660.5460775252195
2026-07-25,Wanawadi Pune,0,decreased,-37.740000000000016,-43.30254846356966
2026-07-25,Wanawadi Pune,0,flat,-6.2000000000000846,56.28350172364679
2026-07-25,Wanawadi Pune,0,increased,1267.3099999999997,1277.9626960697847
2026-07-25,Warje Pune,0,decreased,-157.22999999999996,-122.17066302627974
2026-07-25,Warje Pune,0,flat,75.43999999999984,87.96753086578343
2026-07-25,Warje Pune,0,increased,474.5500000000001,497.11616768881913
2026-07-25,Wayale Nagar,0,decreased,-378.77,-359.0390748084478
2026-07-25,Wayale Nagar,0,flat,540.8699999999999,498.9023801445683
2026-07-25,Wayale Nagar,0,increased,653.5600000000002,585.4516795425807
2026-07-25,Yashodhan,0,decreased,-349.09,-334.438178837678
2026-07-25,Yashodhan,0,flat,338.7200000000002,-62.91241899690177
2026-07-25,Yashodhan,0,increased,3118.82,2990.396780409054
2026-07-25,Yogi Nagar,0,decreased,-88.73,-95.72502982456142
2026-07-25,Yogi Nagar,0,flat,13.659999999999997,188.33495037279488
2026-07-25,Yogi Nagar,0,increased,1332.43,1246.2820273326072
2026-07-25,Yogidham Kalyan,0,decreased,-54.489999999999995,-54.36486319741776
2026-07-25,Yogidham Kalyan,0,flat,-712.6129999999997,-817.8756797345937
2026-07-25,Yogidham Kalyan,0,increased,675.1786000000001,556.8813164523735
2026-07-26,7 Rasta Byculla,0,decreased,-28.200000000000003,-33.207368983957224
2026-07-26,7 Rasta Byculla,0,flat,116.05000000000001,44.209371391534305
2026-07-26,7 Rasta Byculla,0,increased,447.70000000000005,445.68277090703225
2026-07-26,Airoli,0,decreased,-836.8100000000001,-723.7335114501377
2026-07-26,Airoli,0,flat,87.65,-55.146200243068535
2026-07-26,Airoli,0,increased,3626.18,3372.379937215308
2026-07-26,Airoli Sector - 3,0,decreased,-203.89999999999992,-241.7403171556545
2026-07-26,Airoli Sector - 3,0,flat,151.34000000000003,57.10355151388383
2026-07-26,Airoli Sector - 3,0,increased,1412.94,1276.87094980259
2026-07-26,Ambegaon Pune,0,decreased,-61.51999999999998,-70.43940001113927
2026-07-26,Ambegaon Pune,0,flat,133.7699999999999,125.39204433398704
2026-07-26,Ambegaon Pune,0,increased,523.58,523.1701700192506
2026-07-26,Ambernath East,0,decreased,-30.56999999999999,-30.470082378502152
2026-07-26,Ambernath East,0,flat,57.10999999999994,73.87363678779086
2026-07-26,Ambernath East,0,increased,1144.2,1102.5981001330524
2026-07-26,Ambernath West,0,decreased,-129.18,-128.01564795096078
2026-07-26,Ambernath West,0,flat,5.579999999999998,135.92305660967284
2026-07-26,Ambernath West,0,increased,1117.56,1159.282122201303
2026-07-26,Ashokvan Dahisar,0,decreased,-169.42999999999998,-199.64856765217837
2026-07-26,Ashokvan Dahisar,0,flat,102.54000000000006,129.60769847084404
2026-07-26,Ashokvan Dahisar,0,increased,934.3399999999999,878.7641748637884
2026-07-26,Badlapur - Belavali,0,decreased,-350.43000000000006,-314.9340187171766
2026-07-26,Badlapur - Belavali,0,flat,105.30999999999997,32.585806646482766
2026-07-26,Badlapur - Belavali,0,increased,1188.51,1171.7739029033237
2026-07-26,Badlapur East,0,decreased,-233.2,-233.22220918794645
2026-07-26,Badlapur East,0,flat,46.83999999999996,110.06885555310332
2026-07-26,Badlapur East,0,increased,1018.1,1031.2498603469785
2026-07-26,Bandra,1,decreased,-196.41,-195.69263239379114
2026-07-26,Bandra,1,flat,172.45,42.312723638774315
2026-07-26,Bandra,1,increased,2339.54,2359.8250198428677
2026-07-26,Bhandup West,0,decreased,-195.06,-204.19241154669942
2026-07-26,Bhandup West,0,flat,-128.7700000000001,-162.5498192312067
2026-07-26,Bhandup West,0,increased,1699.6200000000008,1829.9709447211796
2026-07-26,Bhayandar,0,decreased,-186.06000000000006,-127.62563139095288
2026-07-26,Bhayandar,0,flat,192.56999999999982,202.84436534827503
2026-07-26,Bhayandar,0,increased,1975.4500000000003,1932.6859717387406
2026-07-26,Bhayander 60 Feet Road,0,decreased,-300.34999999999997,-289.317187168047
2026-07-26,Bhayander 60 Feet Road,0,flat,-694.9500000000004,458.67791247914306
2026-07-26,Bhayander 60 Feet Road,0,increased,605.7600000000001,620.6055693628628
2026-07-26,Bhekrainagar Pune,0,decreased,-140.49999999999997,-175.0434314123678
2026-07-26,Bhekrainagar Pune,0,flat,27.020000000000035,128.16229039530813
2026-07-26,Bhekrainagar Pune,0,increased,687.2,643.369797713599
2026-07-26,Bhiwandi - Shivaji Chowk,0,decreased,-52.52999999999998,-57.13014874395235
2026-07-26,Bhiwandi - Shivaji Chowk,0,flat,-19.330000000000044,-3.3056415115515287
2026-07-26,Bhiwandi - Shivaji Chowk,0,increased,413.8400000000001,417.79114307305247
2026-07-26,Bhiwandi Dhamankar Naka,1,decreased,-156.37000000000003,-156.21425967809637
2026-07-26,Bhiwandi Dhamankar Naka,1,flat,-6.530000000000058,-129.8118640003313
2026-07-26,Bhiwandi Dhamankar Naka,1,increased,1452.4099999999999,1332.0326319844085
2026-07-26,Bibwewadi Pune,0,decreased,-22.47999999999999,-11.198282015387925
2026-07-26,Bibwewadi Pune,0,flat,49.209999999999965,104.2002735104439
2026-07-26,Bibwewadi Pune,0,increased,364.73,371.4684702665248
2026-07-26,Bytco Point Nashik,0,decreased,-140.89,-140.73900797316787
2026-07-26,Bytco Point Nashik,0,flat,-22.89999999999997,87.31874889608628
2026-07-26,Bytco Point Nashik,0,increased,865.3500000000001,828.5985613225765
2026-07-26,CST Bora Bazaar,0,decreased,-118.03999999999996,-171.73435567813817
2026-07-26,CST Bora Bazaar,0,flat,260.5400000000001,273.1448002643252
2026-07-26,CST Bora Bazaar,0,increased,469.87,449.2950038949181
2026-07-26,Chandivali,0,decreased,-107.25999999999999,-118.80746739380962
2026-07-26,Chandivali,0,flat,164.93999999999994,341.27214586578344
2026-07-26,Chandivali,0,increased,855.4700000000001,789.5195591639176
2026-07-26,Charkop,0,decreased,-150.84999999999997,-129.5932214206328
2026-07-26,Charkop,0,flat,258.2999999999995,-94.60003206705085
2026-07-26,Charkop,0,increased,2332.21,2371.644716348482
2026-07-26,Chembur,0,decreased,-312.55999999999995,-315.763800828471
2026-07-26,Chembur,0,flat,107.86999999999999,-63.830812451866144
2026-07-26,Chembur,0,increased,3386.37,3406.947708765883
2026-07-26,Chinchwad,1,decreased,-113.82999999999997,-173.10803384359855
2026-07-26,Chinchwad,1,flat,162.48000000000013,4.372997062332045
2026-07-26,Chinchwad,1,increased,740.86,774.0090507324347
2026-07-26,Chinchwad - Gandhi Peth,1,decreased,-4.920000000000002,-4.920000000000002
2026-07-26,Chinchwad - Gandhi Peth,1,flat,-0.2299999999998832,-44.77345898121603
2026-07-26,Chinchwad - Gandhi Peth,1,increased,190.86,164.40699610438836
2026-07-26,Cidco Nashik,0,decreased,-11.699999999999996,-11.885038411773838
2026-07-26,Cidco Nashik,0,flat,119.95999999999998,5.461306687032667
2026-07-26,Cidco Nashik,0,increased,248.54999999999998,235.4930092353282
2026-07-26,Colaba,1,decreased,-46.769999999999996,-42.37721497805221
2026-07-26,Colaba,1,flat,85.56000000000006,69.29299942426715
2026-07-26,Colaba,1,increased,460.9700000000001,469.73132531141965
2026-07-26,Dadar East,0,decreased,-95.77999999999999,-96.63320724277258
2026-07-26,Dadar East,0,flat,314.03,183.88912735709675
2026-07-26,Dadar East,0,increased,671.81,702.1465491826082
2026-07-26,Dahisar,0,decreased,-126.51999999999998,-186.7021875615327
2026-07-26,Dahisar,0,flat,261.75,111.70429077480976
2026-07-26,Dahisar,0,increased,1300.67,1326.8176584111684
2026-07-26,Dattnagar,0,decreased,-137.10000000000002,-87.58926012558595
2026-07-26,Dattnagar,0,flat,27.169999999999952,162.67409637589833
2026-07-26,Dattnagar,0,increased,1001.67,976.7277428520389
2026-07-26,Dhanakwadi,0,decreased,23.559999999999995,-52.978017244436415
2026-07-26,Dhanakwadi,0,flat,-54.670000000000094,113.76454270528788
2026-07-26,Dhanakwadi,0,increased,900.03,874.4722313816346
2026-07-26,Dhanori Pune,0,decreased,-117.37999999999998,-121.03978413271385
2026-07-26,Dhanori Pune,0,flat,241.20000000000005,156.27844755961493
2026-07-26,Dhanori Pune,0,increased,861.11,757.6359064127652
2026-07-26,Dhayari Pune,0,decreased,-86.19,-89.08575605534253
2026-07-26,Dhayari Pune,0,flat,82.60999999999997,50.62421695783064
2026-07-26,Dhayari Pune,0,increased,574.73,501.3425466847758
2026-07-26,Dighi Pune,1,decreased,-62.72,-58.416017155916855
2026-07-26,Dighi Pune,1,flat,77.9799999999999,-134.17990851212318
2026-07-26,Dighi Pune,1,increased,707.27,700.3651749500239
2026-07-26,Dombivali,0,decreased,-371.9,-369.9851448262349
2026-07-26,Dombivali,0,flat,111.23000000000006,78.45825226734777
2026-07-26,Dombivali,0,increased,1548.95,1522.19313752433
2026-07-26,Dombivali - Navpada,0,decreased,-253.94999999999993,-248.12408658008133
2026-07-26,Dombivali - Navpada,0,flat,86.03,82.27842381446143
2026-07-26,Dombivali - Navpada,0,increased,805.3900000000001,804.8004258469138
2026-07-26,Dombivali - Reti Bunder,0,decreased,-212.25350000000006,-185.99300579659842
2026-07-26,Dombivali - Reti Bunder,0,flat,169.3971,119.0727691012585
2026-07-26,Dombivali - Reti Bunder,0,increased,355.5489999999999,380.5221207186926
2026-07-26,Dombivli West,0,decreased,-371.16999999999996,-389.9368562560732
2026-07-26,Dombivli West,0,flat,831.0099999999999,125.94080925105406
2026-07-26,Dombivli West,0,increased,1878.8500000000001,1829.998192167405
2026-07-26,Evershine Nagar,0,decreased,-101.14999999999998,-100.96472080395108
2026-07-26,Evershine Nagar,0,flat,-16.8,-15.879630783229377
2026-07-26,Evershine Nagar,0,increased,566.12,515.5516342240419
2026-07-26,Fam Society - Koperkhairne,0,decreased,-93.84999999999994,-101.39055193355314
2026-07-26,Fam Society - Koperkhairne,0,flat,145.04999999999998,29.94147100668811
2026-07-26,Fam Society - Koperkhairne,0,increased,1507.65,1475.6069656450748
2026-07-26,Fursungi Pune,0,decreased,-166.01999999999998,-106.80321353423315
2026-07-26,Fursungi Pune,0,flat,66.10999999999997,75.56165916711305
2026-07-26,Fursungi Pune,0,increased,875.32,797.3677848472906
2026-07-26,Ghansoli,0,decreased,-360.26,-294.714848249803
2026-07-26,Ghansoli,0,flat,55.47000000000005,122.26746786862488
2026-07-26,Ghansoli,0,increased,2885.8,2805.6930787025726
2026-07-26,Ghatkopar East,0,decreased,-235.13999999999996,-133.13235345646058
2026-07-26,Ghatkopar East,0,flat,1237.6199999999997,524.080578571506
2026-07-26,Ghatkopar East,0,increased,880.48,874.4641443205445
2026-07-26,Ghatkopar West,0,decreased,-181.56999999999996,-139.8862425669029
2026-07-26,Ghatkopar West,0,flat,93.74000000000012,-129.2293235512028
2026-07-26,Ghatkopar West,0,increased,1107.1200000000001,1106.1152037028437
2026-07-26,Ghodapdeo - Byculla,0,decreased,-65.82000000000001,-70.50471520635618
2026-07-26,Ghodapdeo - Byculla,0,flat,97.77999999999997,27.549836201196833
2026-07-26,Ghodapdeo - Byculla,0,increased,608.86,589.4072348647143
2026-07-26,Global City Virar West,0,decreased,-149.53,-213.8150005838806
2026-07-26,Global City Virar West,0,flat,71.59000000000002,63.71321826616595
2026-07-26,Global City Virar West,0,increased,730.8400000000001,720.787197898841
2026-07-26,Goregaon,1,decreased,-162.69,-170.49926895987608
2026-07-26,Goregaon,1,flat,287.9800000000001,226.88298207052364
2026-07-26,Goregaon,1,increased,2622.9100000000003,2300.315042167618
2026-07-26,Goregaon West S.V. Road,1,decreased,-135.73999999999995,-195.1487731838825
2026-07-26,Goregaon West S.V. Road,1,flat,234.61000000000007,97.77419184786064
2026-07-26,Goregaon West S.V. Road,1,increased,834.53,768.9587533172164
2026-07-26,Govandi,0,decreased,-259.34000000000003,-255.8033615233495
2026-07-26,Govandi,0,flat,278.4399999999999,281.78818734558814
2026-07-26,Govandi,0,increased,2697.2200000000003,2577.3841514049795
2026-07-26,Gujrat Colony Kothrud,0,decreased,-25.01,-24.98749094096152
2026-07-26,Gujrat Colony Kothrud,0,flat,-4.47000000000002,-36.94663341159287
2026-07-26,Gujrat Colony Kothrud,0,increased,316.09,306.8802955861274
2026-07-26,Gulab Nagar Pune,0,decreased,-64.71000000000001,-62.95484453979137
2026-07-26,Gulab Nagar Pune,0,flat,95.23,11.45356345916645
2026-07-26,Gulab Nagar Pune,0,increased,357.65,311.66842328116525
2026-07-26,Hari Om Nagar,0,decreased,-107.1,-105.32153109774015
2026-07-26,Hari Om Nagar,0,flat,57.11999999999996,134.96533900138067
2026-07-26,Hari Om Nagar,0,increased,1188.63,1067.517941053908
2026-07-26,Hiltron Ulhasnagar,0,decreased,-119.21000000000004,-98.55996610951627
2026-07-26,Hiltron Ulhasnagar,0,flat,198.00000000000009,44.636290494208836
2026-07-26,Hiltron Ulhasnagar,0,increased,624.6700000000001,630.057346114895
2026-07-26,Hiranandani Thane,0,decreased,-86.85999999999997,-99.02605303138992
2026-07-26,Hiranandani Thane,0,flat,-149.4199999999997,-210.48539637981423
2026-07-26,Hiranandani Thane,0,increased,1731.3100000000002,1612.208615434663
2026-07-26,IC Colony Borivali,0,decreased,-144.14999999999998,-153.2376223774064
2026-07-26,IC Colony Borivali,0,flat,487.27000000000027,473.38112115171856
2026-07-26,IC Colony Borivali,0,increased,2533.76,2189.4507150015
2026-07-26,JB Nagar,0,decreased,-392.03999999999996,-394.6211621983249
2026-07-26,JB Nagar,0,flat,139.7999999999999,-28.567079378657414
2026-07-26,JB Nagar,0,increased,2401.1400000000003,2252.1059726435165
2026-07-26,JJ Hospital,0,decreased,-133.60000000000002,-140.78988848948842
2026-07-26,JJ Hospital,0,flat,137.33999999999995,164.65081840663802
2026-07-26,JJ Hospital,0,increased,2365.17,2397.847967015195
2026-07-26,Jagruti Nagar Ghatkopar,0,decreased,-89.03,-95.1880555760398
2026-07-26,Jagruti Nagar Ghatkopar,0,flat,112.96999999999997,200.19595590193364
2026-07-26,Jagruti Nagar Ghatkopar,0,increased,321.25,278.61438621860316
2026-07-26,Jail Road Nashik,0,decreased,-79.40999999999997,-93.79788600733696
2026-07-26,Jail Road Nashik,0,flat,80.40999999999991,266.53504720238845
2026-07-26,Jail Road Nashik,0,increased,372.82,341.51029298037975
2026-07-26,Jay VIjay Nagar Nalasopara East,0,decreased,-40.38000000000001,-12.766899753626937
2026-07-26,Jay VIjay Nagar Nalasopara East,0,flat,119.09999999999995,145.73107248513307
2026-07-26,Jay VIjay Nagar Nalasopara East,0,increased,938.1199999999999,942.6778114220047
2026-07-26,Kalamboli,0,decreased,-110.34,-171.62574390365114
2026-07-26,Kalamboli,0,flat,-182.41,-187.55592772782126
2026-07-26,Kalamboli,0,increased,1189.51,1063.3071031563704
2026-07-26,Kalher Bhiwandi,0,decreased,-219.46999999999994,-181.20890293189737
2026-07-26,Kalher Bhiwandi,0,flat,367.39000000000004,-91.33125050909048
2026-07-26,Kalher Bhiwandi,0,increased,1547.3799999999999,1466.4748147971457
2026-07-26,Kalina,0,decreased,-132.29000000000005,-130.9439372850322
2026-07-26,Kalina,0,flat,70.27999999999993,53.344374049310915
2026-07-26,Kalina,0,increased,623.22,605.5847051113071
2026-07-26,Kalwa,0,decreased,-78.63999999999997,-81.16716174883476
2026-07-26,Kalwa,0,flat,148.1300000000001,19.851041076667975
2026-07-26,Kalwa,0,increased,2027.75,2004.4467746545004
2026-07-26,Kalyan,0,decreased,-124.52000000000001,-123.05967551452937
2026-07-26,Kalyan,0,flat,22.990000000000016,-1.9573540198784336
2026-07-26,Kalyan,0,increased,1210.58,1103.4675717805867
2026-07-26,Kalyan - DB Chowk,0,decreased,-68.34999999999997,-71.32184021791285
2026-07-26,Kalyan - DB Chowk,0,flat,132.8800000000001,245.71987353206848
2026-07-26,Kalyan - DB Chowk,0,increased,827.98,791.7744978643173
2026-07-26,Kalyan East-Tisgaon Naka,0,decreased,-165.06,-113.17119730286618
2026-07-26,Kalyan East-Tisgaon Naka,0,flat,-18.189999999999937,-23.785192026296514
2026-07-26,Kalyan East-Tisgaon Naka,0,increased,1396.31,1430.1305994691209
2026-07-26,Kalyan West Club Road,0,decreased,-91.97999999999999,-95.61048486817404
2026-07-26,Kalyan West Club Road,0,flat,176.64999999999998,-99.52500669221337
2026-07-26,Kalyan West Club Road,0,increased,940.11,912.2465386832648
2026-07-26,Kamotha,0,decreased,-236.04,-228.99530622954438
2026-07-26,Kamotha,0,flat,34.24000000000011,-277.7739054263877
2026-07-26,Kamotha,0,increased,2068.51,1960.6086898189012
2026-07-26,Kamothe - Sector 36,0,decreased,-90.25999999999996,-70.09275439269378
2026-07-26,Kamothe - Sector 36,0,flat,90.30000000000018,124.68189739051166
2026-07-26,Kamothe - Sector 36,0,increased,982.2700000000001,937.6832773931272
2026-07-26,Kandivali East,0,decreased,-154.51999999999995,-132.0361205469679
2026-07-26,Kandivali East,0,flat,-41.32000000000002,-109.20455669017271
2026-07-26,Kandivali East,0,increased,1642.5100000000002,1520.5802242670154
2026-07-26,Kandivali West,0,decreased,-67.88999999999999,-63.428970398567465
2026-07-26,Kandivali West,0,flat,-142.93,-83.33702053343835
2026-07-26,Kandivali West,0,increased,999.0699999999999,984.521103861592
2026-07-26,Kasarvadavali Thane,0,decreased,-212.53000000000003,-192.72006777773902
2026-07-26,Kasarvadavali Thane,0,flat,89.42000000000009,69.53765360912499
2026-07-26,Kasarvadavali Thane,0,increased,745.91,748.6857530921491
2026-07-26,Katrap Badlapur East,0,decreased,-70.45,-50.9176795892294
2026-07-26,Katrap Badlapur East,0,flat,-30.69000000000004,-26.56114096625486
2026-07-26,Katrap Badlapur East,0,increased,505.93,507.46451838565815
2026-07-26,Khadki Pune,0,decreased,-99.33,-98.94696361550518
2026-07-26,Khadki Pune,0,flat,172.20000000000005,35.81940837198307
2026-07-26,Khadki Pune,0,increased,954.55,783.6011857145447
2026-07-26,Khanda Colony,1,decreased,-117.53999999999996,-102.01486857900443
2026-07-26,Khanda Colony,1,flat,51.69999999999978,15.95696582080775
2026-07-26,Khanda Colony,1,increased,1287.5900000000001,1271.2886590077526
2026-07-26,Khar West,1,decreased,-91.83000000000004,-94.16381307785504
2026-07-26,Khar West,1,flat,60.28000000000007,20.26499452123565
2026-07-26,Khar West,1,increased,592.21,586.8109839195052
2026-07-26,Kharghar,0,decreased,-135.21999999999997,-148.87909742319584
2026-07-26,Kharghar,0,flat,619.4299999999998,-150.1803400480786
2026-07-26,Kharghar,0,increased,2074.6800000000003,2098.5069123413905
2026-07-26,Kharghar Sector 12,0,decreased,-206.37,-266.4526986886244
2026-07-26,Kharghar Sector 12,0,flat,131.65999999999934,-364.92745204808404
2026-07-26,Kharghar Sector 12,0,increased,1807.1499999999999,1807.2351290910701
2026-07-26,Khopat,0,decreased,-222.93,-217.50526203702023
2026-07-26,Khopat,0,flat,478.41999999999996,326.63855995307637
2026-07-26,Khopat,0,increased,2697.19,2717.2212825866127
2026-07-26,Khutwad Nagar Nashik,0,decreased,-224.47999999999996,-225.5198730531515
2026-07-26,Khutwad Nagar Nashik,0,flat,24.699999999999996,13.170266641313932
2026-07-26,Khutwad Nagar Nashik,0,increased,99.12,97.38373401174564
2026-07-26,Kolsheth,0,decreased,-243.79999999999993,-171.98407201220422
2026-07-26,Kolsheth,0,flat,-3.200000000000358,-54.545552572673984
2026-07-26,Kolsheth,0,increased,3509.5900000000006,3503.864165590057
2026-07-26,Kopar Khairane,0,decreased,-186.88,-173.08002267683216
2026-07-26,Kopar Khairane,0,flat,281.49999999999943,350.20058471378707
2026-07-26,Kopar Khairane,0,increased,2907.31,2909.883272294744
2026-07-26,Kopari Thane,0,decreased,-38.47999999999999,-37.305307876497494
2026-07-26,Kopari Thane,0,flat,-667.3100000000001,-885.9473409594468
2026-07-26,Kopari Thane,0,increased,971.3900000000001,737.3523525479902
2026-07-26,Koper Khairane - Sector 7,0,decreased,-230.16,-388.0262185715226
2026-07-26,Koper Khairane - Sector 7,0,flat,237.41000000000014,61.78626899283112
2026-07-26,Koper Khairane - Sector 7,0,increased,815.08,744.8124925121707
2026-07-26,Kulgaon Badlapur West,0,decreased,-180.85999999999996,-218.9055591976473
2026-07-26,Kulgaon Badlapur West,0,flat,115.93999999999997,-213.5562415204065
2026-07-26,Kulgaon Badlapur West,0,increased,1328.83,1289.9952227939566
2026-07-26,Kurla,0,decreased,-291.60999999999996,-283.15483399451404
2026-07-26,Kurla,0,flat,-34.540000000000035,-50.614732862400245
2026-07-26,Kurla,0,increased,2236.65,1729.0287398763776
2026-07-26,Kurla West,0,decreased,-534.1399999999999,-524.7271453424396
2026-07-26,Kurla West,0,flat,20.12999999999988,-99.57602874248566
2026-07-26,Kurla West,0,increased,1731.17,1772.2748656256938
2026-07-26,Lower Parel - SJ Marg,0,decreased,-164.65,-165.04255739573105
2026-07-26,Lower Parel - SJ Marg,0,flat,31.26000000000005,53.9749395252658
2026-07-26,Lower Parel - SJ Marg,0,increased,631.23,619.043444998683
2026-07-26,Mahakali,0,decreased,-410.15,-413.34933790002475
2026-07-26,Mahakali,0,flat,57.470000000000084,-52.57449862448861
2026-07-26,Mahakali,0,increased,3189.1,2982.5903373806814
2026-07-26,Mahavir Pride Dombivali,0,decreased,-82.64999999999999,-92.67947943903732
2026-07-26,Mahavir Pride Dombivali,0,flat,122.19,-146.64298524648987
2026-07-26,Mahavir Pride Dombivali,0,increased,1093.95,1114.881847327953
2026-07-26,Mahim West,0,decreased,-95.35,-91.59013194508711
2026-07-26,Mahim West,0,flat,-15.690000000000026,81.62365711297593
2026-07-26,Mahim West,0,increased,1291.67,1295.5851775222743
2026-07-26,Malad,0,decreased,-124.60999999999996,-122.7676648002362
2026-07-26,Malad,0,flat,251.77,368.2983673141006
2026-07-26,Malad,0,increased,1909.8700000000001,1949.005654448898
2026-07-26,Malad Liberty Garden,0,decreased,-75.0,-80.68071735980953
2026-07-26,Malad Liberty Garden,0,flat,221.11000000000013,-287.16223238325614
2026-07-26,Malad Liberty Garden,0,increased,795.48,795.9437364619517
2026-07-26,Malwani,0,decreased,-112.65,-111.28129642438682
2026-07-26,Malwani,0,flat,32.169999999999966,142.62297238335466
2026-07-26,Malwani,0,increased,1037.58,1025.046749416479
2026-07-26,Marol,0,decreased,-305.4,-294.23529762423254
2026-07-26,Marol,0,flat,36.24999999999992,126.08697567792902
2026-07-26,Marol,0,increased,2138.94,2125.6317686488087
2026-07-26,Mharal Ulhasnagar,0,decreased,-426.16999999999996,-454.1622525924273
2026-07-26,Mharal Ulhasnagar,0,flat,223.70000000000005,112.55512754699193
2026-07-26,Mharal Ulhasnagar,0,increased,1332.27,1262.9274555261063
2026-07-26,Mhasrul Nashik,0,decreased,-444.09000000000003,-445.8428927090537
2026-07-26,Mhasrul Nashik,0,flat,91.40000000000005,89.67952432491592
2026-07-26,Mhasrul Nashik,0,increased,690.2,802.610934120542
2026-07-26,Mira Road,0,decreased,-191.47000000000003,-294.4164183226717
2026-07-26,Mira Road,0,flat,14.189999999999912,91.59580102743051
2026-07-26,Mira Road,0,increased,1178.27,1110.646491904779
2026-07-26,Mira Road - GCC Club Road,0,decreased,-6.439999999999998,-10.115000000000002
2026-07-26,Mira Road - GCC Club Road,0,flat,-269.94999999999993,-299.7848525420782
2026-07-26,Mira Road - GCC Club Road,0,increased,224.23000000000002,229.8209789695514
2026-07-26,Mira Road Jangid Complex,0,decreased,-97.67999999999998,-109.04102880136642
2026-07-26,Mira Road Jangid Complex,0,flat,124.83000000000014,98.32084886912835
2026-07-26,Mira Road Jangid Complex,0,increased,1440.3600000000001,1402.7971721329284
2026-07-26,Mohan Nagar Kandivali,0,decreased,-74.28,-74.21015357523551
2026-07-26,Mohan Nagar Kandivali,0,flat,48.109999999999886,109.27847487169178
2026-07-26,Mohan Nagar Kandivali,0,increased,1773.6799999999998,1759.8171416238738
2026-07-26,Mulund East,0,decreased,-142.15,-195.17709874449952
2026-07-26,Mulund East,0,flat,265.49999999999994,-95.92362439676339
2026-07-26,Mulund East,0,increased,3666.3,3713.5290615471677
2026-07-26,Mulund Panch Rasta,0,decreased,-87.22000000000001,-82.70032991433905
2026-07-26,Mulund Panch Rasta,0,flat,229.3899999999999,132.26218168148125
2026-07-26,Mulund Panch Rasta,0,increased,908.1600000000001,883.3043737241755
2026-07-26,Mulund West,0,decreased,-249.71999999999997,-229.0882775171556
2026-07-26,Mulund West,0,flat,-52.28000000000007,-73.88852975626439
2026-07-26,Mulund West,0,increased,2456.7599999999998,2413.9235989423782
2026-07-26,Mulund West-Sarvodaya Nagar,0,decreased,-396.71999999999997,-396.5314726718022
2026-07-26,Mulund West-Sarvodaya Nagar,0,flat,57.33000000000004,-59.67118229852554
2026-07-26,Mulund West-Sarvodaya Nagar,0,increased,1674.51,1715.8974002059667
2026-07-26,Mundhwa Pune,0,decreased,-28.809999999999995,-28.723132575011412
2026-07-26,Mundhwa Pune,0,flat,8.620000000000012,15.933949099421877
2026-07-26,Mundhwa Pune,0,increased,642.0300000000001,584.0977459682842
2026-07-26,NIBM Kondwa,0,decreased,-267.35,-249.3809725910793
2026-07-26,NIBM Kondwa,0,flat,511.65999999999974,85.40270288201378
2026-07-26,NIBM Kondwa,0,increased,2103.71,2053.226382230274
2026-07-26,Nahur West,0,decreased,-255.31999999999996,-229.6775613525617
2026-07-26,Nahur West,0,flat,114.60999999999989,213.34688007720905
2026-07-26,Nahur West,0,increased,1549.68,1447.1789334191105
2026-07-26,Nalasopara - Yashwant Nagar,0,decreased,-198.24999999999997,-217.98884365197154
2026-07-26,Nalasopara - Yashwant Nagar,0,flat,387.2300000000001,222.50160931017348
2026-07-26,Nalasopara - Yashwant Nagar,0,increased,852.8799999999999,818.0598095277682
2026-07-26,Nalasopara West,0,decreased,-19.019999999999996,-24.144953965699933
2026-07-26,Nalasopara West,0,flat,495.28000000000003,465.8121215043678
2026-07-26,Nalasopara West,0,increased,951.47,880.9492732813094
2026-07-26,Narhe Pune,0,decreased,-19.21999999999998,-27.168261341176898
2026-07-26,Narhe Pune,0,flat,164.85999999999996,-156.097903982423
2026-07-26,Narhe Pune,0,increased,810.16,827.1869724777332
2026-07-26,Naupada,0,decreased,-168.89999999999998,-148.44851222307022
2026-07-26,Naupada,0,flat,-189.86000000000007,-123.52644200505861
2026-07-26,Naupada,0,increased,2804.7300000000005,2743.5086907095965
2026-07-26,Navare Nagar Ambernath,0,decreased,-62.509999999999984,-51.49584208725928
2026-07-26,Navare Nagar Ambernath,0,flat,162.41,-47.89980098608259
2026-07-26,Navare Nagar Ambernath,0,increased,580.84,572.5810440019616
2026-07-26,Navi Peth Pune,0,decreased,-37.61,-37.545005590884415
2026-07-26,Navi Peth Pune,0,flat,146.39,31.250213815272218
2026-07-26,Navi Peth Pune,0,increased,988.44,946.4607860277304
2026-07-26,Navjeevan Mumbai Central,0,decreased,-238.32,-228.25315467623636
2026-07-26,Navjeevan Mumbai Central,0,flat,36.699999999999974,48.69468726752261
2026-07-26,Navjeevan Mumbai Central,0,increased,938.3799999999999,929.1042349361969
2026-07-26,Nerul East,0,decreased,-529.3,-535.3233034243028
2026-07-26,Nerul East,0,flat,98.92999999999994,-55.012941374676544
2026-07-26,Nerul East,0,increased,1488.0800000000002,1435.243830489603
2026-07-26,Nerul West,0,decreased,-197.72999999999996,-162.24654944073154
2026-07-26,Nerul West,0,flat,117.47000000000003,-43.55347656154525
2026-07-26,Nerul West,0,increased,2080.09,1819.3670201211473
2026-07-26,New Panvel,0,decreased,-188.65999999999997,-195.9925711222573
2026-07-26,New Panvel,0,flat,438.4200000000001,89.4021178753235
2026-07-26,New Panvel,0,increased,1416.88,1372.4680612233844
2026-07-26,Old Panvel,0,decreased,-221.28000000000003,-209.49931341317975
2026-07-26,Old Panvel,0,flat,-271.02999999999986,-263.14788142592596
2026-07-26,Old Panvel,0,increased,1434.46,1301.7230612028984
2026-07-26,Palegaon Ambernath,0,decreased,-55.44,-62.785147984351056
2026-07-26,Palegaon Ambernath,0,flat,444.2800000000001,-303.0219884933739
2026-07-26,Palegaon Ambernath,0,increased,581.86,439.13602207879353
2026-07-26,Panchpakhadi,0,decreased,-167.39,-139.07209387999058
2026-07-26,Panchpakhadi,0,flat,311.5,302.3712712738355
2026-07-26,Panchpakhadi,0,increased,1069.43,1088.7767841078223
2026-07-26,Pantnagar,0,decreased,-215.30000000000004,-134.16756340220957
2026-07-26,Pantnagar,0,flat,6.810000000000025,-59.48103572446508
2026-07-26,Pantnagar,0,increased,396.25000000000006,421.9726424943904
2026-07-26,Panvel - Uran Naka,0,decreased,-60.459999999999994,-60.357827696854216
2026-07-26,Panvel - Uran Naka,0,flat,75.10000000000008,64.1954410763777
2026-07-26,Panvel - Uran Naka,0,increased,1052.64,935.4400786761715
2026-07-26,Phadke Road - Dombivali,0,decreased,-92.71,-77.34702563878194
2026-07-26,Phadke Road - Dombivali,0,flat,-42.65999999999999,-20.809921581689018
2026-07-26,Phadke Road - Dombivali,0,increased,1361.43,1337.7394428740563
2026-07-26,Pimple Gurav,0,decreased,-69.03,-68.28844348506017
2026-07-26,Pimple Gurav,0,flat,-5.539999999999864,-227.40048789070636
2026-07-26,Pimple Gurav,0,increased,1022.1899999999999,977.7137053435335
2026-07-26,Prabhadevi,0,decreased,-67.1,-53.16290017495207
2026-07-26,Prabhadevi,0,flat,172.97,135.77283038609218
2026-07-26,Prabhadevi,0,increased,1507.47,1541.0959474866377
2026-07-26,Pragati Nagar Nalasopara East,0,decreased,-155.65999999999997,-208.46945468004537
2026-07-26,Pragati Nagar Nalasopara East,0,flat,210.4399999999996,-246.35215017646726
2026-07-26,Pragati Nagar Nalasopara East,0,increased,760.2400000000001,754.1718120366812
2026-07-26,Rajawadi,0,decreased,-104.58999999999989,-88.9719523520343
2026-07-26,Rajawadi,0,flat,102.90999999999995,97.48072438220873
2026-07-26,Rajawadi,0,increased,1257.3200000000002,1251.655973116341
2026-07-26,Roadpali Kalamboli,0,decreased,-260.08000000000004,-178.7146544875166
2026-07-26,Roadpali Kalamboli,0,flat,197.69000000000005,170.80353413129174
2026-07-26,Roadpali Kalamboli,0,increased,696.46,704.172799320605
2026-07-26,Rupee Nagar Pune,0,decreased,-53.589999999999975,-53.44903506414005
2026-07-26,Rupee Nagar Pune,0,flat,-28.360000000000014,80.68437895717199
2026-07-26,Rupee Nagar Pune,0,increased,195.28,197.11310271849698
2026-07-26,Saibaba Nagar,0,decreased,-49.98999999999999,5.080102015648926
2026-07-26,Saibaba Nagar,0,flat,542.27,436.7294703197114
2026-07-26,Saibaba Nagar,0,increased,876.0099999999999,854.6578245509656
2026-07-26,Sakinaka - Pipeline Road,0,decreased,-270.62,-269.89740587977707
2026-07-26,Sakinaka - Pipeline Road,0,flat,179.94000000000005,63.44450226551809
2026-07-26,Sakinaka - Pipeline Road,0,increased,419.73,413.547541631006
2026-07-26,Sanpada,1,decreased,-220.70999999999998,-97.356721426084
2026-07-26,Sanpada,1,flat,134.83000000000013,-191.27267644952488
2026-07-26,Sanpada,1,increased,3086.4700000000003,2995.3823085491217
2026-07-26,Santa Cruz SV Road,0,decreased,-124.58999999999997,-107.2183397352778
2026-07-26,Santa Cruz SV Road,0,flat,254.59000000000012,162.20292114184315
2026-07-26,Santa Cruz SV Road,0,increased,1110.83,1153.4896811624312
2026-07-26,"Santoshi Mata Road, Kalyan West",0,decreased,-145.48999999999998,-141.35713751225703
2026-07-26,"Santoshi Mata Road, Kalyan West",0,flat,308.4700000000001,-41.04472335548611
2026-07-26,"Santoshi Mata Road, Kalyan West",0,increased,908.6,848.5829588279352
2026-07-26,Sasane Nagar Pune,1,decreased,-17.950000000000003,-11.641303555555561
2026-07-26,Sasane Nagar Pune,1,flat,10.160000000000007,-4.0062858740131055
2026-07-26,Sasane Nagar Pune,1,increased,675.83,715.6533189479334
2026-07-26,Seawoods,0,decreased,-472.27,-445.39266537787194
2026-07-26,Seawoods,0,flat,-79.3800000000002,-312.51105761263227
2026-07-26,Seawoods,0,increased,1716.43,1617.5048013113465
2026-07-26,Sector 3 - New Panvel,0,decreased,-68.11,-45.71193390746359
2026-07-26,Sector 3 - New Panvel,0,flat,132.59000000000003,202.352293966098
2026-07-26,Sector 3 - New Panvel,0,increased,1765.1200000000003,1528.0281623873952
2026-07-26,Shanti Nagar Mira Road,0,decreased,-138.39999999999998,-137.17611782348575
2026-07-26,Shanti Nagar Mira Road,0,flat,35.28999999999998,81.54732952006843
2026-07-26,Shanti Nagar Mira Road,0,increased,612.99,610.6831216805912
2026-07-26,Shirgaon Badlapur,0,decreased,-129.25,-139.57621820345008
2026-07-26,Shirgaon Badlapur,0,flat,-30.200000000000124,-111.4364609370676
2026-07-26,Shirgaon Badlapur,0,increased,528.0100000000001,513.425130224758
2026-07-26,Shivaji Nagar Pune,0,decreased,-42.99000000000001,-42.99000000000004
2026-07-26,Shivaji Nagar Pune,0,flat,92.50999999999996,195.9353183395699
2026-07-26,Shivaji Nagar Pune,0,increased,1329.27,1372.3982651302395
2026-07-26,Shreenagar,0,decreased,-264.79999999999995,-307.13198528918844
2026-07-26,Shreenagar,0,flat,312.17999999999995,169.41994665653044
2026-07-26,Shreenagar,0,increased,2260.92,2431.08374342397
2026-07-26,Shriprastha Nalasopara West,0,decreased,-425.31,-374.06029046993984
2026-07-26,Shriprastha Nalasopara West,0,flat,104.92999999999999,125.16503739944112
2026-07-26,Shriprastha Nalasopara West,0,increased,540.48,533.1259458518333
2026-07-26,Sion Koliwada,0,decreased,-59.940000000000005,-47.726527703787326
2026-07-26,Sion Koliwada,0,flat,137.13999999999993,129.68694881161227
2026-07-26,Sion Koliwada,0,increased,1203.76,1249.2563133104243
2026-07-26,Thakur Complex,0,decreased,-207.71999999999997,-206.7043166042803
2026-07-26,Thakur Complex,0,flat,452.73999999999955,267.4726753848879
2026-07-26,Thakur Complex,0,increased,2198.08,2236.6441254734145
2026-07-26,Thergaon,0,decreased,-161.89999999999995,-157.4817934771401
2026-07-26,Thergaon,0,flat,91.62000000000013,27.018964892507835
2026-07-26,Thergaon,0,increased,1592.39,1386.9176050525457
2026-07-26,Tilak Road Pune,0,decreased,-105.97999999999996,-96.09524600988708
2026-07-26,Tilak Road Pune,0,flat,945.94,245.40028794938416
2026-07-26,Tilak Road Pune,0,increased,941.8499999999999,897.1328158740121
2026-07-26,Tilaknagar,0,decreased,-145.20000000000005,-144.11186168870614
2026-07-26,Tilaknagar,0,flat,131.77,156.7331009796483
2026-07-26,Tilaknagar,0,increased,1632.4399999999998,1585.491061430817
2026-07-26,Titwala,0,decreased,-239.26,-174.38163015483147
2026-07-26,Titwala,0,flat,254.4599999999999,119.74659728500544
2026-07-26,Titwala,0,increased,1433.24,1300.119806829219
2026-07-26,Trimurti Chowk Nashik,0,decreased,-19.63,-10.353533818867803
2026-07-26,Trimurti Chowk Nashik,0,flat,13.980000000000004,-75.58195153484377
2026-07-26,Trimurti Chowk Nashik,0,increased,85.6,81.63920225996158
2026-07-26,Ulhas Nagar - Shahad,0,decreased,-298.05000000000007,-292.01907219494814
2026-07-26,Ulhas Nagar - Shahad,0,flat,211.04,172.65718902765175
2026-07-26,Ulhas Nagar - Shahad,0,increased,568.72,577.725330719715
2026-07-26,Ulhas Nagar - Shreeram Chowk,0,decreased,-116.60999999999996,-99.44654900780847
2026-07-26,Ulhas Nagar - Shreeram Chowk,0,flat,108.41999999999996,180.55778142463785
2026-07-26,Ulhas Nagar - Shreeram Chowk,0,increased,711.6999999999999,695.2335071414745
2026-07-26,Ulhasnagar,0,decreased,-286.95,-307.09550085740295
2026-07-26,Ulhasnagar,0,flat,301.65,36.63817002122998
2026-07-26,Ulhasnagar,0,increased,1529.2900000000002,1523.5422181334056
2026-07-26,Ulhasnagar - Humlog Circle,0,decreased,-400.08,-305.8420454038618
2026-07-26,Ulhasnagar - Humlog Circle,0,flat,70.18999999999994,-16.35662155270665
2026-07-26,Ulhasnagar - Humlog Circle,0,increased,809.19,731.7128526719968
2026-07-26,Ulhasnagar - Khemani Chowk,0,decreased,-175.16,-166.9568880770621
2026-07-26,Ulhasnagar - Khemani Chowk,0,flat,2.6599999999999975,-59.92353010700634
2026-07-26,Ulhasnagar - Khemani Chowk,0,increased,872.22,873.9469342923871
2026-07-26,Ulhasnagar Sector 4,0,decreased,-512.89,-511.1066331628794
2026-07-26,Ulhasnagar Sector 4,0,flat,202.00000000000006,-66.27786544518719
2026-07-26,Ulhasnagar Sector 4,0,increased,858.12,843.9263991554369
2026-07-26,Ulwe-Navi Mumbai,0,decreased,-230.95999999999998,-238.79774637716955
2026-07-26,Ulwe-Navi Mumbai,0,flat,70.44000000000004,61.071637401287006
2026-07-26,Ulwe-Navi Mumbai,0,increased,2139.9700000000003,2115.923786401202
2026-07-26,Vakola,0,decreased,-145.45000000000002,-90.0336561109943
2026-07-26,Vakola,0,flat,116.03999999999994,25.300224220644957
2026-07-26,Vakola,0,increased,1069.11,1062.4295873635433
2026-07-26,Vasai West - Station Road,0,decreased,-54.990000000000094,66.55158263538458
2026-07-26,Vasai West - Station Road,0,flat,25.90000000000009,79.30612397434915
2026-07-26,Vasai West - Station Road,0,increased,1386.4800000000005,1501.3200582120473
2026-07-26,Vashi,0,decreased,-223.15999999999997,-220.9007305376053
2026-07-26,Vashi,0,flat,-13.959999999999887,6.156759890212179
2026-07-26,Vashi,0,increased,1676.21,1654.2565095690904
2026-07-26,Vashi Sector 11,0,decreased,-99.60000000000001,-93.22485475675455
2026-07-26,Vashi Sector 11,0,flat,-26.789999999999957,-36.2111347534396
2026-07-26,Vashi Sector 11,0,increased,1161.5,1100.701796660653
2026-07-26,Veenanagar,0,decreased,-168.54999999999998,-168.62136676822573
2026-07-26,Veenanagar,0,flat,133.41999999999996,173.64122286363153
2026-07-26,Veenanagar,0,increased,1229.9899999999998,1153.9060977168906
2026-07-26,Versova - Yari Road,0,decreased,-281.5799999999999,-1376.408031654493
2026-07-26,Versova - Yari Road,0,flat,108.25000000000006,71.50361961033101
2026-07-26,Versova - Yari Road,0,increased,1054.42,1025.7483829337957
2026-07-26,Versova Andheri,0,decreased,-693.7199999999999,-308.13570431739345
2026-07-26,Versova Andheri,0,flat,-126.6900000000002,-336.46480990105914
2026-07-26,Versova Andheri,0,increased,1616.1499999999999,1428.942180726125
2026-07-26,Vijay Nagari - Thane,0,decreased,-130.43999999999994,-104.04930340547088
2026-07-26,Vijay Nagari - Thane,0,flat,181.9600000000001,224.3460054490716
2026-07-26,Vijay Nagari - Thane,0,increased,2660.66,2558.444589207519
2026-07-26,Vikhroli,0,decreased,-339.64,-207.72214760953594
2026-07-26,Vikhroli,0,flat,231.75999999999985,-45.923727108724705
2026-07-26,Vikhroli,0,increased,2863.35,2760.4388166804147
2026-07-26,Vikhroli Kannamwar,0,decreased,-198.97999999999996,-202.50755033428408
2026-07-26,Vikhroli Kannamwar,0,flat,276.44999999999953,333.784877242891
2026-07-26,Vikhroli Kannamwar,0,increased,1173.8200000000002,1152.3043101069122
2026-07-26,Vile Parle,0,decreased,-43.19999999999999,-58.266810535124236
2026-07-26,Vile Parle,0,flat,-32.61999999999994,-211.86967018995685
2026-07-26,Vile Parle,0,increased,632.55,642.88046533862
2026-07-26,Virar East,0,decreased,-95.58999999999999,-93.08550398380545
2026-07-26,Virar East,0,flat,-109.7,-88.31560324047032
2026-07-26,Virar East,0,increased,1339.5199999999998,1231.9702605798539
2026-07-26,Virar West,0,decreased,-107.70999999999998,-100.73318941823456
2026-07-26,Virar West,0,flat,181.04000000000002,20.995059024878657
2026-07-26,Virar West,0,increased,1427.3100000000002,1470.27630382264
2026-07-26,Wadgaon Budruk Pune,0,decreased,-46.19,-44.94333333333333
2026-07-26,Wadgaon Budruk Pune,0,flat,191.46,112.11531932302869
2026-07-26,Wadgaon Budruk Pune,0,increased,711.2400000000001,586.437499399433
2026-07-26,Wadgaon Sheri,0,decreased,-202.90999999999997,-192.20948488984442
2026-07-26,Wadgaon Sheri,0,flat,64.28000000000003,-2.2758182119768264
2026-07-26,Wadgaon Sheri,0,increased,1034.8200000000002,982.2316319828107
2026-07-26,Wadgaon Sheri-Old Mundhwa Rd,0,decreased,-198.98999999999998,-168.35572043420484
2026-07-26,Wadgaon Sheri-Old Mundhwa Rd,0,flat,55.14000000000002,-55.03532363024298
2026-07-26,Wadgaon Sheri-Old Mundhwa Rd,0,increased,767.46,824.2415225847453
2026-07-26,Wanawadi Pune,0,decreased,-2.009999999999998,-2.005147984351076
2026-07-26,Wanawadi Pune,0,flat,28.900000000000055,60.317086297478305
2026-07-26,Wanawadi Pune,0,increased,279.97999999999996,268.07896858980854
2026-07-26,Warje Pune,0,decreased,-260.01,-234.98612407907285
2026-07-26,Warje Pune,0,flat,26.010000000000055,28.866818580677986
2026-07-26,Warje Pune,0,increased,477.73999999999995,458.64539334473903
2026-07-26,Wayale Nagar,0,decreased,-52.62999999999998,-67.79799066616518
2026-07-26,Wayale Nagar,0,flat,99.13999999999999,309.5014920588103
2026-07-26,Wayale Nagar,0,increased,1130.05,1147.4083993185934
2026-07-26,Yashodhan,0,decreased,-520.95,-493.33098602246184
2026-07-26,Yashodhan,0,flat,338.0399999999999,-20.61927842468772
2026-07-26,Yashodhan,0,increased,4105.210000000001,4004.755706921965
2026-07-26,Yogi Nagar,0,decreased,-170.27000000000004,-167.75553282706642
2026-07-26,Yogi Nagar,0,flat,111.67000000000002,78.78993563341932
2026-07-26,Yogi Nagar,0,increased,780.57,745.7049844248941
2026-07-26,Yogidham Kalyan,0,decreased,-53.97999999999999,-55.99487003282849
2026-07-26,Yogidham Kalyan,0,flat,-481.2687000000012,-226.79416374371965
2026-07-26,Yogidham Kalyan,0,increased,898.5763000000001,945.5569790793957
